[Licensing::Module] Trying to connect to existing licensing client channel...
Built from '6000.4/staging' branch; Version is '6000.4.10f1 (feeafc12a938) revision 16706300'; Using compiler version '194234433'; Build Type 'Release'
[Licensing::IpcConnector] Successfully connected to: "LicenseClient-chris" at "2026-09-12T15:03:00.4724016Z"
OS: 'Windows 11  (10.0.26200) Core' Language: 'en' Physical Memory: 32189 MB
BatchMode: 1, IsHumanControllingUs: 0, StartBugReporterOnCrash: 0, Is64bit: 1
System  architecture: x64
Process architecture: x64
Date: 2026-09-12T15:03:00Z

COMMAND LINE ARGUMENTS:
C:\Program Files\Unity\Hub\Editor\6000.4.10f1\Editor\Unity.exe
-adb2
-batchMode
-noUpm
-name
AssetImportWorker1
-projectPath
C:/Users/chris/Documents/VSCODEPROJECTS/REPOS/MuckedUp
-logFile
Logs/AssetImportWorker1.log
-srvPort
58741
-licensingIpc
LicenseClient-chris
-force-d3d12
-job-worker-count
7
-background-job-worker-count
8
-gc-helper-count
1
-name
AssetImport
Successfully changed project path to: C:/Users/chris/Documents/VSCODEPROJECTS/REPOS/MuckedUp
C:/Users/chris/Documents/VSCODEPROJECTS/REPOS/MuckedUp
[UnityMemory] Configuration Parameters - Can be set up in boot.config
    "memorysetup-temp-allocator-size-gi-baking-worker=262144"
    "memorysetup-temp-allocator-size-gi-baking-worker=262144"
    "memorysetup-temp-allocator-size-gi-baking-worker=262144"
    "memorysetup-temp-allocator-size-gi-baking-worker=262144"
    "memorysetup-temp-allocator-size-gi-baking-worker=262144"
    "memorysetup-temp-allocator-size-nav-mesh-worker=65536"
    "memorysetup-temp-allocator-size-audio-worker=65536"
    "memorysetup-temp-allocator-size-cloud-worker=32768"
    "memorysetup-temp-allocator-size-gfx=262144"
    "memorysetup-temp-allocator-size-preload-manager=33554432"
    "memorysetup-temp-allocator-size-job-worker=262144"
    "memorysetup-temp-allocator-size-background-worker=32768"
    "memorysetup-allocator-temp-initial-block-size-main=262144"
    "memorysetup-allocator-temp-initial-block-size-worker=262144"
    "memorysetup-bucket-allocator-granularity=16"
    "memorysetup-bucket-allocator-bucket-count=8"
    "memorysetup-bucket-allocator-block-size=33554432"
    "memorysetup-bucket-allocator-block-count=8"
    "memorysetup-main-allocator-block-size=16777216"
    "memorysetup-thread-allocator-block-size=16777216"
    "memorysetup-gfx-main-allocator-block-size=16777216"
    "memorysetup-gfx-thread-allocator-block-size=16777216"
    "memorysetup-cache-allocator-block-size=4194304"
    "memorysetup-typetree-allocator-block-size=2097152"
    "memorysetup-profiler-bucket-allocator-granularity=16"
    "memorysetup-profiler-bucket-allocator-bucket-count=8"
    "memorysetup-profiler-bucket-allocator-block-size=33554432"
    "memorysetup-profiler-bucket-allocator-block-count=8"
    "memorysetup-profiler-allocator-block-size=16777216"
    "memorysetup-profiler-editor-allocator-block-size=1048576"
    "memorysetup-temp-allocator-size-main=16777216"
    "memorysetup-job-temp-allocator-block-size=2097152"
    "memorysetup-job-temp-allocator-block-size-background=1048576"
    "memorysetup-job-temp-allocator-reduction-small-platforms=262144"
Player connection [14308]  Target information:

Player connection [14308]  * "[IP] 192.168.4.28 [Port] 0 [Flags] 2 [Guid] 2601018016 [EditorId] 2601018016 [Version] 1048832 [Id] WindowsEditor(7,Asus-Z-2) [Debug] 1 [PackageName] WindowsEditor [ProjectName] Editor" 

Player connection [14308] Host joined multi-casting on [225.0.0.222:54997]...
Player connection [14308] Host joined alternative multi-casting on [225.0.0.222:34997]...
JobSystem: Creating JobQueue using job-worker-count value 7
Input System module state changed to: Initialized.
[Physics::Module] Initialized fallback backend.
[Physics::Module] Id: 0xdecafbad
Library Redirect Path: Library/
[Physics::Module] Selected backend.
[Physics::Module] Name: PhysX
[Physics::Module] Id: 0xf2b8ea05
[Physics::Module] SDK Version: 4.1.2
[Physics::Module] Integration Version: 1.0.0
[Physics::Module] Threading Mode: Multi-Threaded
Refreshing native plugins compatible for Editor in 64.79 ms, found 6 plugins.
Preloading 1 native plugins for Editor in 4.62 ms.
Initialize engine version: 6000.4.10f1 (feeafc12a938)
[Subsystems] Discovering subsystems at path C:/Program Files/Unity/Hub/Editor/6000.4.10f1/Editor/Data/Resources/UnitySubsystems
[Subsystems] Discovering subsystems at path C:/Users/chris/Documents/VSCODEPROJECTS/REPOS/MuckedUp/Assets
Forcing GfxDevice: Direct3D 12
GfxDevice: creating device client; kGfxThreadingModeNonThreaded
d3d12: failed to query info queue interface (0x80004002).
Direct3D:
    Version:         Direct3D 12 [level 12.2]
    Renderer:        NVIDIA GeForce RTX 5080 Laptop GPU (ID=0x2c59)
    Vendor:          NVIDIA
    VRAM:            16003 MB
    App VRAM Budget: 15235 MB
    Driver:          32.0.16.1088
Initialize mono
Mono path[0] = 'C:/Program Files/Unity/Hub/Editor/6000.4.10f1/Editor/Data/Managed'
Mono path[1] = 'C:/Program Files/Unity/Hub/Editor/6000.4.10f1/Editor/Data/MonoBleedingEdge/lib/mono/unityjit-win32'
Mono config path = 'C:/Program Files/Unity/Hub/Editor/6000.4.10f1/Editor/Data/MonoBleedingEdge/etc'
Using monoOptions --debugger-agent=transport=dt_socket,embedding=1,server=y,suspend=n,address=127.0.0.1:56656
CodeReloadManager initialized
Begin MonoManager ReloadAssembly
Registering precompiled unity dll's ...
Register platform support module: C:/Program Files/Unity/Hub/Editor/6000.4.10f1/Editor/Data/PlaybackEngines/WebGLSupport/UnityEditor.WebGL.Extensions.dll
Register platform support module: C:/Program Files/Unity/Hub/Editor/6000.4.10f1/Editor/Data/PlaybackEngines/WindowsStandaloneSupport/UnityEditor.WindowsStandalone.Extensions.dll
Registered in 0.004560 seconds.
Native extension for WindowsStandalone target not found
Native extension for WebGL target not found
Package Manager log level set to [2]
[Package Manager] Failed to launch server process. Reason: Unity was launched with the -noUpm command-line argument
[Package Manager] Unable to send message (not connected to server process).
[Package Manager] Cannot connect to Unity Package Manager local server
ScheduleIndexationOnStartup MainProcess:False IndexOnStartup:True
Mono: successfully reloaded assembly
- Finished resetting the current domain, in  1.335 seconds
Domain Reload Profiling: 3120ms
	BeginReloadAssembly (485ms)
	RebuildCommonClasses (73ms)
	RebuildNativeTypeToScriptingClass (37ms)
	initialDomainReloadingComplete (200ms)
	LoadAllAssembliesAndSetupDomain (988ms)
		LoadAssemblies (479ms)
		AnalyzeDomain (947ms)
			TypeCache.Refresh (945ms)
				TypeCache.ScanAssembly (870ms)
	FinalizeReload (1338ms)
		SetupLoadedEditorAssemblies (0ms)
			InitializePlatformSupportModulesInManaged (176ms)
			BeforeProcessingInitializeOnLoad (216ms)
			ProcessInitializeOnLoadAttributes (358ms)
			ProcessInitializeOnLoadMethodAttributes (279ms)
[Licensing::Client] Error: HandshakeResponse reported an error:
	ResponseCode: 505
	ResponseStatus: Unsupported protocol version '1.18.1'.
[Licensing::Module] Error: Failed to handshake to channel: "LicenseClient-chris"
[Licensing::IpcConnector] LicenseClient-chris channel disconnected successfully.
[Licensing::IpcConnector] Successfully connected to: "LicenseClient-chris-6000.4.10" at "2026-09-12T15:03:09.4702404Z"
[Licensing::Client] Code 10 while verifying Licensing Client signature (process Id: 1772, path: "C:/Program Files/Unity/Hub/Editor/6000.4.10f1/Editor/Data/Resources/Licensing/Client/Unity.Licensing.Client.exe")
[Licensing::Module] LicensingClient has failed validation; ignoring
[Licensing::Client] Handshaking with LicensingClient:
  Version:                 1.18.1+9fbee8e
  Session Id:              6f0b2b89ed0a42aaad8b3556573c144c
  Correlation Id:          fd51f5d1309bfe5155c680cfca751b39
  External correlation Id: 344751796712724643
  Machine Id:              qjKs8DFrk8EBF4sOshQ983V5ek0=
[Licensing::Module] Successfully connected to LicensingClient on channel: "LicenseClient-chris-6000.4.10" (connect: 0.00s, validation: 0.00s, handshake: 0.03s)
[Licensing::IpcConnector] Successfully connected to: "LicenseClient-chris-6000.4.10-notifications" at "2026-09-12T15:03:09.5002199Z"
[Licensing::Module] Licensing Background thread has ended after 9.03s
========================================================================
Worker process is ready to serve import requests
Import Worker Mode flag is 0x00
Begin MonoManager ReloadAssembly
[Licensing::Client] Successfully resolved entitlement details
[Licensing::Module] License group:
  Id: 1374564138397-UnityPersXXXX
  Product: Unity Personal
  Type: Assigned
  Expiration: Unlimited
Assembly Assembly-CSharp-Editor-firstpass.dll at Library/ScriptAssemblies/Assembly-CSharp-Editor-firstpass.dll not valid. Loading of assembly skipped.
Assembly Assembly-CSharp-firstpass.dll at Library/ScriptAssemblies/Assembly-CSharp-firstpass.dll not valid. Loading of assembly skipped.
Assembly DocCodeExamples.dll at Library/ScriptAssemblies/DocCodeExamples.dll not valid. Loading of assembly skipped.
Assembly GdkToolsEditModeTests.dll at Library/ScriptAssemblies/GdkToolsEditModeTests.dll not valid. Loading of assembly skipped.
Assembly TestNewCustomAssembly.dll at Library/ScriptAssemblies/TestNewCustomAssembly.dll not valid. Loading of assembly skipped.
Assembly Unity.2D.Sprite.Package.EditorTests.dll at Library/ScriptAssemblies/Unity.2D.Sprite.Package.EditorTests.dll not valid. Loading of assembly skipped.
Assembly Unity.2D.Tilemap.Package.EditorTests.dll at Library/ScriptAssemblies/Unity.2D.Tilemap.Package.EditorTests.dll not valid. Loading of assembly skipped.
Assembly Unity.AI.Assistant.Integrations.Sample.Editor.dll at Library/ScriptAssemblies/Unity.AI.Assistant.Integrations.Sample.Editor.dll not valid. Loading of assembly skipped.
Assembly Unity.Analytics.DataPrivacy.Tests.dll at Library/ScriptAssemblies/Unity.Analytics.DataPrivacy.Tests.dll not valid. Loading of assembly skipped.
Assembly Unity.Analytics.StandardEvents.EditorTests.dll at Library/ScriptAssemblies/Unity.Analytics.StandardEvents.EditorTests.dll not valid. Loading of assembly skipped.
Assembly Unity.AppUI.Editor.Tests.dll at Library/ScriptAssemblies/Unity.AppUI.Editor.Tests.dll not valid. Loading of assembly skipped.
Assembly Unity.AppUI.Tests.dll at Library/ScriptAssemblies/Unity.AppUI.Tests.dll not valid. Loading of assembly skipped.
Assembly Unity.Collections.BurstCompatibilityGen.dll at Library/ScriptAssemblies/Unity.Collections.BurstCompatibilityGen.dll not valid. Loading of assembly skipped.
Assembly Unity.Collections.DocCodeSamples.dll at Library/ScriptAssemblies/Unity.Collections.DocCodeSamples.dll not valid. Loading of assembly skipped.
Assembly Unity.Collections.PerformanceTests.dll at Library/ScriptAssemblies/Unity.Collections.PerformanceTests.dll not valid. Loading of assembly skipped.
Assembly Unity.Collections.Tests.dll at Library/ScriptAssemblies/Unity.Collections.Tests.dll not valid. Loading of assembly skipped.
Assembly Unity.Collections.Tests.Playmode.dll at Library/ScriptAssemblies/Unity.Collections.Tests.Playmode.dll not valid. Loading of assembly skipped.
Assembly Unity.Mathematics.Tests.dll at Library/ScriptAssemblies/Unity.Mathematics.Tests.dll not valid. Loading of assembly skipped.
Assembly Unity.Microsoft.GDK.Discovery.EditModeTests.dll at Library/ScriptAssemblies/Unity.Microsoft.GDK.Discovery.EditModeTests.dll not valid. Loading of assembly skipped.
Assembly Unity.Microsoft.GDK.Tests.dll at Library/ScriptAssemblies/Unity.Microsoft.GDK.Tests.dll not valid. Loading of assembly skipped.
Assembly Unity.Multiplayer.Center.Editor.Tests.dll at Library/ScriptAssemblies/Unity.Multiplayer.Center.Editor.Tests.dll not valid. Loading of assembly skipped.
Assembly Unity.Multiplayer.Center.Tests.dll at Library/ScriptAssemblies/Unity.Multiplayer.Center.Tests.dll not valid. Loading of assembly skipped.
Assembly Unity.Nuget.Mono-Cecil.dll at Library/ScriptAssemblies/Unity.Nuget.Mono-Cecil.dll not valid. Loading of assembly skipped.
Assembly Unity.Postprocessing.Editor.Tests.dll at Library/ScriptAssemblies/Unity.Postprocessing.Editor.Tests.dll not valid. Loading of assembly skipped.
Assembly Unity.Postprocessing.Runtime.Tests.dll at Library/ScriptAssemblies/Unity.Postprocessing.Runtime.Tests.dll not valid. Loading of assembly skipped.
Assembly Unity.Purchasing.Apple.dll at Library/ScriptAssemblies/Unity.Purchasing.Apple.dll not valid. Loading of assembly skipped.
Assembly Unity.Purchasing.AppleMacos.dll at Library/ScriptAssemblies/Unity.Purchasing.AppleMacos.dll not valid. Loading of assembly skipped.
Assembly Unity.Purchasing.Security.dll at Library/ScriptAssemblies/Unity.Purchasing.Security.dll not valid. Loading of assembly skipped.
Assembly Unity.Purchasing.TransactionVerifier.dll at Library/ScriptAssemblies/Unity.Purchasing.TransactionVerifier.dll not valid. Loading of assembly skipped.
Assembly Unity.TextMeshPro.Editor.Tests.dll at Library/ScriptAssemblies/Unity.TextMeshPro.Editor.Tests.dll not valid. Loading of assembly skipped.
Assembly Unity.TextMeshPro.Tests.dll at Library/ScriptAssemblies/Unity.TextMeshPro.Tests.dll not valid. Loading of assembly skipped.
Assembly UnityEditor.Purchasing.Authoring.dll at Library/ScriptAssemblies/UnityEditor.Purchasing.Authoring.dll not valid. Loading of assembly skipped.
Assembly UnityEditor.Purchasing.Editor.Authoring.Core.dll at Library/ScriptAssemblies/UnityEditor.Purchasing.Editor.Authoring.Core.dll not valid. Loading of assembly skipped.
Assembly UnityEditor.UI.Common.Tests.dll at Library/ScriptAssemblies/UnityEditor.UI.Common.Tests.dll not valid. Loading of assembly skipped.
Assembly UnityEditor.UI.EditorTests.dll at Library/ScriptAssemblies/UnityEditor.UI.EditorTests.dll not valid. Loading of assembly skipped.
Assembly UnityEditor.XR.LegacyInputHelpers.Tests.dll at Library/ScriptAssemblies/UnityEditor.XR.LegacyInputHelpers.Tests.dll not valid. Loading of assembly skipped.
Assembly UnityEngine.Advertisements.Editor.Tests.dll at Library/ScriptAssemblies/UnityEngine.Advertisements.Editor.Tests.dll not valid. Loading of assembly skipped.
Assembly UnityEngine.Advertisements.Tests.dll at Library/ScriptAssemblies/UnityEngine.Advertisements.Tests.dll not valid. Loading of assembly skipped.
Assembly UnityEngine.SpatialTracking.Tests.dll at Library/ScriptAssemblies/UnityEngine.SpatialTracking.Tests.dll not valid. Loading of assembly skipped.
Assembly UnityEngine.UI.Tests.dll at Library/ScriptAssemblies/UnityEngine.UI.Tests.dll not valid. Loading of assembly skipped.
Symbol file LoadedFromMemory is not a mono symbol file
Symbol file LoadedFromMemory is not a mono symbol file
Refreshing native plugins compatible for Editor in 23.49 ms, found 6 plugins.
Native extension for WindowsStandalone target not found
Native extension for WebGL target not found
[Package Manager] Failed to launch server process. Reason: Unity was launched with the -noUpm command-line argument
[Package Manager] Unable to send message (not connected to server process).
[Package Manager] Cannot connect to Unity Package Manager local server
Refreshing native plugins compatible for Editor in 144.17 ms, found 6 plugins.
[Package Manager] Failed to launch server process. Reason: Unity was launched with the -noUpm command-line argument
[Package Manager] Unable to send message (not connected to server process).
[Package Manager] Cannot connect to Unity Package Manager local server
System.IO.IOException: Sharing violation on path C:\Users\chris\Documents\VSCODEPROJECTS\REPOS\MuckedUp\Unity.Analytics.StandardEvents.EditorTests.csproj
  at System.IO.FileStream..ctor (System.String path, System.IO.FileMode mode, System.IO.FileAccess access, System.IO.FileShare share, System.Int32 bufferSize, System.Boolean anonymous, System.IO.FileOptions options) [0x0019e] in <f713e1c3c5f545ce9b1df47230f4f853>:0 
  at System.IO.FileStream..ctor (System.String path, System.IO.FileMode mode, System.IO.FileAccess access, System.IO.FileShare share, System.Int32 bufferSize, System.IO.FileOptions options) [0x00000] in <f713e1c3c5f545ce9b1df47230f4f853>:0 
  at (wrapper remoting-invoke-with-check) System.IO.FileStream..ctor(string,System.IO.FileMode,System.IO.FileAccess,System.IO.FileShare,int,System.IO.FileOptions)
  at System.IO.StreamWriter..ctor (System.String path, System.Boolean append, System.Text.Encoding encoding, System.Int32 bufferSize) [0x00055] in <f713e1c3c5f545ce9b1df47230f4f853>:0 
  at System.IO.StreamWriter..ctor (System.String path, System.Boolean append, System.Text.Encoding encoding) [0x00000] in <f713e1c3c5f545ce9b1df47230f4f853>:0 
  at (wrapper remoting-invoke-with-check) System.IO.StreamWriter..ctor(string,bool,System.Text.Encoding)
  at System.IO.File.WriteAllText (System.String path, System.String contents, System.Text.Encoding encoding) [0x00034] in <f713e1c3c5f545ce9b1df47230f4f853>:0 
  at VSCodeEditor.FileIOProvider.WriteAllText (System.String fileName, System.String content) [0x00000] in .\Library\PackageCache\com.unity.ide.vscode@82e68656b7bd\Editor\ProjectGeneration\FileIO.cs:33 
  at VSCodeEditor.ProjectGeneration.SyncFileIfNotChanged (System.String filename, System.String newContents) [0x0002d] in .\Library\PackageCache\com.unity.ide.vscode@82e68656b7bd\Editor\ProjectGeneration\ProjectGeneration.cs:461 
  at VSCodeEditor.ProjectGeneration.SyncProjectFileIfNotChanged (System.String path, System.String newContents) [0x0001b] in .\Library\PackageCache\com.unity.ide.vscode@82e68656b7bd\Editor\ProjectGeneration\ProjectGeneration.cs:437 
  at VSCodeEditor.ProjectGeneration.SyncProject (UnityEditor.Compilation.Assembly assembly, System.Collections.Generic.Dictionary`2[TKey,TValue] allAssetsProjectParts, System.Collections.Generic.List`1[T] responseFilesData) [0x00000] in .\Library\PackageCache\com.unity.ide.vscode@82e68656b7bd\Editor\ProjectGeneration\ProjectGeneration.cs:427 
  at VSCodeEditor.ProjectGeneration.GenerateAndWriteSolutionAndProjects () [0x0004f] in .\Library\PackageCache\com.unity.ide.vscode@82e68656b7bd\Editor\ProjectGeneration\ProjectGeneration.cs:347 
  at VSCodeEditor.ProjectGeneration.Sync () [0x00006] in .\Library\PackageCache\com.unity.ide.vscode@82e68656b7bd\Editor\ProjectGeneration\ProjectGeneration.cs:260 
  at VSCodeEditor.VSCodeScriptEditor.CreateIfDoesntExist () [0x0000d] in .\Library\PackageCache\com.unity.ide.vscode@82e68656b7bd\Editor\VSCodeScriptEditor.cs:156 
  at VSCodeEditor.VSCodeScriptEditor..cctor () [0x000a0] in .\Library\PackageCache\com.unity.ide.vscode@82e68656b7bd\Editor\VSCodeScriptEditor.cs:262 
UnityEngine.Debug:ExtractStackTraceNoAlloc (byte*,int,string)
UnityEngine.StackTraceUtility:ExtractStackTrace ()
UnityEngine.DebugLogHandler:Internal_Log (UnityEngine.LogType,UnityEngine.LogOption,string,UnityEngine.Object)
UnityEngine.DebugLogHandler:LogFormat (UnityEngine.LogType,UnityEngine.Object,string,object[])
UnityEngine.Logger:Log (UnityEngine.LogType,object)
UnityEngine.Debug:LogError (object)
UnityEditor.EditorAssemblies:ProcessInitializeOnLoadAttributes (System.Type[])

[Licensing::Client] Error: Code 404 while processing request (status: Found 0 entitlement groups and 0 free entitlements matching requested entitlement ids)
ScheduleIndexationOnStartup MainProcess:False IndexOnStartup:True
Mono: successfully reloaded assembly
- Finished resetting the current domain, in  8.402 seconds
Domain Reload Profiling: 16359ms
	BeginReloadAssembly (3388ms)
		DisableScriptedObjects (16ms)
		CreateAndSetChildDomain (1321ms)
	RebuildCommonClasses (261ms)
	RebuildNativeTypeToScriptingClass (49ms)
	initialDomainReloadingComplete (285ms)
	LoadAllAssembliesAndSetupDomain (3973ms)
		LoadAssemblies (3787ms)
		AnalyzeDomain (1850ms)
			TypeCache.Refresh (1372ms)
				TypeCache.ScanAssembly (1314ms)
			BuildScriptInfoCaches (456ms)
			ResolveRequiredComponents (17ms)
	FinalizeReload (8403ms)
		SetupLoadedEditorAssemblies (0ms)
			InitializePlatformSupportModulesInManaged (6ms)
			BeforeProcessingInitializeOnLoad (877ms)
			ProcessInitializeOnLoadAttributes (6060ms)
			ProcessInitializeOnLoadMethodAttributes (981ms)
			AfterProcessingInitializeOnLoad (29ms)
		AwakeInstancesAfterBackupRestoration (19ms)
Launched and connected shader compiler UnityShaderCompiler.exe after 0.14 seconds
Refreshing native plugins compatible for Editor in 22.51 ms, found 6 plugins.
Unloading 57 Unused Serialized files (Serialized files now loaded: 0)
Unloading 9062 unused Assets / (18.3 MB). Loaded Objects now: 9642.
Memory consumption went from 201.0 MB to 182.7 MB.
Total: 34.048000 ms (FindLiveObjects: 1.463200 ms CreateObjectMapping: 1.545300 ms MarkObjects: 22.263900 ms  DeleteObjects: 8.770900 ms)

========================================================================
Received Prepare
Begin MonoManager ReloadAssembly
Assembly Assembly-CSharp-Editor-firstpass.dll at Library/ScriptAssemblies/Assembly-CSharp-Editor-firstpass.dll not valid. Loading of assembly skipped.
Assembly Assembly-CSharp-firstpass.dll at Library/ScriptAssemblies/Assembly-CSharp-firstpass.dll not valid. Loading of assembly skipped.
Assembly DocCodeExamples.dll at Library/ScriptAssemblies/DocCodeExamples.dll not valid. Loading of assembly skipped.
Assembly GdkToolsEditModeTests.dll at Library/ScriptAssemblies/GdkToolsEditModeTests.dll not valid. Loading of assembly skipped.
Assembly TestNewCustomAssembly.dll at Library/ScriptAssemblies/TestNewCustomAssembly.dll not valid. Loading of assembly skipped.
Assembly Unity.2D.Sprite.Package.EditorTests.dll at Library/ScriptAssemblies/Unity.2D.Sprite.Package.EditorTests.dll not valid. Loading of assembly skipped.
Assembly Unity.2D.Tilemap.Package.EditorTests.dll at Library/ScriptAssemblies/Unity.2D.Tilemap.Package.EditorTests.dll not valid. Loading of assembly skipped.
Assembly Unity.AI.Assistant.Integrations.Sample.Editor.dll at Library/ScriptAssemblies/Unity.AI.Assistant.Integrations.Sample.Editor.dll not valid. Loading of assembly skipped.
Assembly Unity.Analytics.DataPrivacy.Tests.dll at Library/ScriptAssemblies/Unity.Analytics.DataPrivacy.Tests.dll not valid. Loading of assembly skipped.
Assembly Unity.Analytics.StandardEvents.EditorTests.dll at Library/ScriptAssemblies/Unity.Analytics.StandardEvents.EditorTests.dll not valid. Loading of assembly skipped.
Assembly Unity.AppUI.Editor.Tests.dll at Library/ScriptAssemblies/Unity.AppUI.Editor.Tests.dll not valid. Loading of assembly skipped.
Assembly Unity.AppUI.Tests.dll at Library/ScriptAssemblies/Unity.AppUI.Tests.dll not valid. Loading of assembly skipped.
Assembly Unity.Collections.BurstCompatibilityGen.dll at Library/ScriptAssemblies/Unity.Collections.BurstCompatibilityGen.dll not valid. Loading of assembly skipped.
Assembly Unity.Collections.DocCodeSamples.dll at Library/ScriptAssemblies/Unity.Collections.DocCodeSamples.dll not valid. Loading of assembly skipped.
Assembly Unity.Collections.PerformanceTests.dll at Library/ScriptAssemblies/Unity.Collections.PerformanceTests.dll not valid. Loading of assembly skipped.
Assembly Unity.Collections.Tests.dll at Library/ScriptAssemblies/Unity.Collections.Tests.dll not valid. Loading of assembly skipped.
Assembly Unity.Collections.Tests.Playmode.dll at Library/ScriptAssemblies/Unity.Collections.Tests.Playmode.dll not valid. Loading of assembly skipped.
Assembly Unity.Mathematics.Tests.dll at Library/ScriptAssemblies/Unity.Mathematics.Tests.dll not valid. Loading of assembly skipped.
Assembly Unity.Microsoft.GDK.Discovery.EditModeTests.dll at Library/ScriptAssemblies/Unity.Microsoft.GDK.Discovery.EditModeTests.dll not valid. Loading of assembly skipped.
Assembly Unity.Microsoft.GDK.Tests.dll at Library/ScriptAssemblies/Unity.Microsoft.GDK.Tests.dll not valid. Loading of assembly skipped.
Assembly Unity.Multiplayer.Center.Editor.Tests.dll at Library/ScriptAssemblies/Unity.Multiplayer.Center.Editor.Tests.dll not valid. Loading of assembly skipped.
Assembly Unity.Multiplayer.Center.Tests.dll at Library/ScriptAssemblies/Unity.Multiplayer.Center.Tests.dll not valid. Loading of assembly skipped.
Assembly Unity.Nuget.Mono-Cecil.dll at Library/ScriptAssemblies/Unity.Nuget.Mono-Cecil.dll not valid. Loading of assembly skipped.
Assembly Unity.Postprocessing.Editor.Tests.dll at Library/ScriptAssemblies/Unity.Postprocessing.Editor.Tests.dll not valid. Loading of assembly skipped.
Assembly Unity.Postprocessing.Runtime.Tests.dll at Library/ScriptAssemblies/Unity.Postprocessing.Runtime.Tests.dll not valid. Loading of assembly skipped.
Assembly Unity.Purchasing.Apple.dll at Library/ScriptAssemblies/Unity.Purchasing.Apple.dll not valid. Loading of assembly skipped.
Assembly Unity.Purchasing.AppleMacos.dll at Library/ScriptAssemblies/Unity.Purchasing.AppleMacos.dll not valid. Loading of assembly skipped.
Assembly Unity.Purchasing.Security.dll at Library/ScriptAssemblies/Unity.Purchasing.Security.dll not valid. Loading of assembly skipped.
Assembly Unity.Purchasing.TransactionVerifier.dll at Library/ScriptAssemblies/Unity.Purchasing.TransactionVerifier.dll not valid. Loading of assembly skipped.
Assembly Unity.TextMeshPro.Editor.Tests.dll at Library/ScriptAssemblies/Unity.TextMeshPro.Editor.Tests.dll not valid. Loading of assembly skipped.
Assembly Unity.TextMeshPro.Tests.dll at Library/ScriptAssemblies/Unity.TextMeshPro.Tests.dll not valid. Loading of assembly skipped.
Assembly UnityEditor.Purchasing.Authoring.dll at Library/ScriptAssemblies/UnityEditor.Purchasing.Authoring.dll not valid. Loading of assembly skipped.
Assembly UnityEditor.Purchasing.Editor.Authoring.Core.dll at Library/ScriptAssemblies/UnityEditor.Purchasing.Editor.Authoring.Core.dll not valid. Loading of assembly skipped.
Assembly UnityEditor.UI.Common.Tests.dll at Library/ScriptAssemblies/UnityEditor.UI.Common.Tests.dll not valid. Loading of assembly skipped.
Assembly UnityEditor.UI.EditorTests.dll at Library/ScriptAssemblies/UnityEditor.UI.EditorTests.dll not valid. Loading of assembly skipped.
Assembly UnityEditor.XR.LegacyInputHelpers.Tests.dll at Library/ScriptAssemblies/UnityEditor.XR.LegacyInputHelpers.Tests.dll not valid. Loading of assembly skipped.
Assembly UnityEngine.Advertisements.Editor.Tests.dll at Library/ScriptAssemblies/UnityEngine.Advertisements.Editor.Tests.dll not valid. Loading of assembly skipped.
Assembly UnityEngine.Advertisements.Tests.dll at Library/ScriptAssemblies/UnityEngine.Advertisements.Tests.dll not valid. Loading of assembly skipped.
Assembly UnityEngine.SpatialTracking.Tests.dll at Library/ScriptAssemblies/UnityEngine.SpatialTracking.Tests.dll not valid. Loading of assembly skipped.
Assembly UnityEngine.UI.Tests.dll at Library/ScriptAssemblies/UnityEngine.UI.Tests.dll not valid. Loading of assembly skipped.
Symbol file LoadedFromMemory is not a mono symbol file
Symbol file LoadedFromMemory is not a mono symbol file
Refreshing native plugins compatible for Editor in 19.75 ms, found 6 plugins.
Native extension for WindowsStandalone target not found
Native extension for WebGL target not found
[Package Manager] Failed to launch server process. Reason: Unity was launched with the -noUpm command-line argument
[Package Manager] Unable to send message (not connected to server process).
[Package Manager] Cannot connect to Unity Package Manager local server
Refreshing native plugins compatible for Editor in 20.51 ms, found 6 plugins.
[Package Manager] Failed to launch server process. Reason: Unity was launched with the -noUpm command-line argument
[Package Manager] Unable to send message (not connected to server process).
[Package Manager] Cannot connect to Unity Package Manager local server
[Licensing::Client] Error: Code 404 while processing request (status: Found 0 entitlement groups and 0 free entitlements matching requested entitlement ids)
ScheduleIndexationOnStartup MainProcess:False IndexOnStartup:True
Mono: successfully reloaded assembly
- Finished resetting the current domain, in  2.600 seconds
Domain Reload Profiling: 4498ms
	BeginReloadAssembly (447ms)
		DisableScriptedObjects (9ms)
		CreateAndSetChildDomain (171ms)
	RebuildCommonClasses (58ms)
	RebuildNativeTypeToScriptingClass (18ms)
	initialDomainReloadingComplete (168ms)
	LoadAllAssembliesAndSetupDomain (1206ms)
		LoadAssemblies (794ms)
		AnalyzeDomain (581ms)
			TypeCache.Refresh (246ms)
				TypeCache.ScanAssembly (216ms)
			BuildScriptInfoCaches (316ms)
			ResolveRequiredComponents (15ms)
	FinalizeReload (2601ms)
		SetupLoadedEditorAssemblies (0ms)
			InitializePlatformSupportModulesInManaged (5ms)
			BeforeProcessingInitializeOnLoad (286ms)
			ProcessInitializeOnLoadAttributes (1316ms)
			ProcessInitializeOnLoadMethodAttributes (674ms)
			AfterProcessingInitializeOnLoad (15ms)
		AwakeInstancesAfterBackupRestoration (13ms)
Refreshing native plugins compatible for Editor in 17.44 ms, found 6 plugins.
Unloading 57 Unused Serialized files (Serialized files now loaded: 0)
Unloading 9061 unused Assets / (17.1 MB). Loaded Objects now: 9645.
Memory consumption went from 200.5 MB to 183.4 MB.
Total: 33.158500 ms (FindLiveObjects: 1.853500 ms CreateObjectMapping: 1.845400 ms MarkObjects: 21.627800 ms  DeleteObjects: 7.829300 ms)

Prepare: number of updated asset objects reloaded= 0
========================================================================
Received Prepare
Begin MonoManager ReloadAssembly
[Licensing::Client] Successfully resolved entitlement details
Assembly Assembly-CSharp-Editor-firstpass.dll at Library/ScriptAssemblies/Assembly-CSharp-Editor-firstpass.dll not valid. Loading of assembly skipped.
Assembly Assembly-CSharp-firstpass.dll at Library/ScriptAssemblies/Assembly-CSharp-firstpass.dll not valid. Loading of assembly skipped.
Assembly DocCodeExamples.dll at Library/ScriptAssemblies/DocCodeExamples.dll not valid. Loading of assembly skipped.
Assembly GdkToolsEditModeTests.dll at Library/ScriptAssemblies/GdkToolsEditModeTests.dll not valid. Loading of assembly skipped.
Assembly TestNewCustomAssembly.dll at Library/ScriptAssemblies/TestNewCustomAssembly.dll not valid. Loading of assembly skipped.
Assembly Unity.2D.Sprite.Package.EditorTests.dll at Library/ScriptAssemblies/Unity.2D.Sprite.Package.EditorTests.dll not valid. Loading of assembly skipped.
Assembly Unity.2D.Tilemap.Package.EditorTests.dll at Library/ScriptAssemblies/Unity.2D.Tilemap.Package.EditorTests.dll not valid. Loading of assembly skipped.
Assembly Unity.AI.Assistant.Integrations.Sample.Editor.dll at Library/ScriptAssemblies/Unity.AI.Assistant.Integrations.Sample.Editor.dll not valid. Loading of assembly skipped.
Assembly Unity.Analytics.DataPrivacy.Tests.dll at Library/ScriptAssemblies/Unity.Analytics.DataPrivacy.Tests.dll not valid. Loading of assembly skipped.
Assembly Unity.Analytics.StandardEvents.EditorTests.dll at Library/ScriptAssemblies/Unity.Analytics.StandardEvents.EditorTests.dll not valid. Loading of assembly skipped.
Assembly Unity.AppUI.Editor.Tests.dll at Library/ScriptAssemblies/Unity.AppUI.Editor.Tests.dll not valid. Loading of assembly skipped.
Assembly Unity.AppUI.Tests.dll at Library/ScriptAssemblies/Unity.AppUI.Tests.dll not valid. Loading of assembly skipped.
Assembly Unity.Collections.BurstCompatibilityGen.dll at Library/ScriptAssemblies/Unity.Collections.BurstCompatibilityGen.dll not valid. Loading of assembly skipped.
Assembly Unity.Collections.DocCodeSamples.dll at Library/ScriptAssemblies/Unity.Collections.DocCodeSamples.dll not valid. Loading of assembly skipped.
Assembly Unity.Collections.PerformanceTests.dll at Library/ScriptAssemblies/Unity.Collections.PerformanceTests.dll not valid. Loading of assembly skipped.
Assembly Unity.Collections.Tests.dll at Library/ScriptAssemblies/Unity.Collections.Tests.dll not valid. Loading of assembly skipped.
Assembly Unity.Collections.Tests.Playmode.dll at Library/ScriptAssemblies/Unity.Collections.Tests.Playmode.dll not valid. Loading of assembly skipped.
Assembly Unity.Mathematics.Tests.dll at Library/ScriptAssemblies/Unity.Mathematics.Tests.dll not valid. Loading of assembly skipped.
Assembly Unity.Microsoft.GDK.Discovery.EditModeTests.dll at Library/ScriptAssemblies/Unity.Microsoft.GDK.Discovery.EditModeTests.dll not valid. Loading of assembly skipped.
Assembly Unity.Microsoft.GDK.Tests.dll at Library/ScriptAssemblies/Unity.Microsoft.GDK.Tests.dll not valid. Loading of assembly skipped.
Assembly Unity.Multiplayer.Center.Editor.Tests.dll at Library/ScriptAssemblies/Unity.Multiplayer.Center.Editor.Tests.dll not valid. Loading of assembly skipped.
Assembly Unity.Multiplayer.Center.Tests.dll at Library/ScriptAssemblies/Unity.Multiplayer.Center.Tests.dll not valid. Loading of assembly skipped.
Assembly Unity.Nuget.Mono-Cecil.dll at Library/ScriptAssemblies/Unity.Nuget.Mono-Cecil.dll not valid. Loading of assembly skipped.
Assembly Unity.Postprocessing.Editor.Tests.dll at Library/ScriptAssemblies/Unity.Postprocessing.Editor.Tests.dll not valid. Loading of assembly skipped.
Assembly Unity.Postprocessing.Runtime.Tests.dll at Library/ScriptAssemblies/Unity.Postprocessing.Runtime.Tests.dll not valid. Loading of assembly skipped.
Assembly Unity.Purchasing.Apple.dll at Library/ScriptAssemblies/Unity.Purchasing.Apple.dll not valid. Loading of assembly skipped.
Assembly Unity.Purchasing.AppleMacos.dll at Library/ScriptAssemblies/Unity.Purchasing.AppleMacos.dll not valid. Loading of assembly skipped.
Assembly Unity.Purchasing.Security.dll at Library/ScriptAssemblies/Unity.Purchasing.Security.dll not valid. Loading of assembly skipped.
Assembly Unity.Purchasing.TransactionVerifier.dll at Library/ScriptAssemblies/Unity.Purchasing.TransactionVerifier.dll not valid. Loading of assembly skipped.
Assembly Unity.TextMeshPro.Editor.Tests.dll at Library/ScriptAssemblies/Unity.TextMeshPro.Editor.Tests.dll not valid. Loading of assembly skipped.
Assembly Unity.TextMeshPro.Tests.dll at Library/ScriptAssemblies/Unity.TextMeshPro.Tests.dll not valid. Loading of assembly skipped.
Assembly UnityEditor.Purchasing.Authoring.dll at Library/ScriptAssemblies/UnityEditor.Purchasing.Authoring.dll not valid. Loading of assembly skipped.
Assembly UnityEditor.Purchasing.Editor.Authoring.Core.dll at Library/ScriptAssemblies/UnityEditor.Purchasing.Editor.Authoring.Core.dll not valid. Loading of assembly skipped.
Assembly UnityEditor.UI.Common.Tests.dll at Library/ScriptAssemblies/UnityEditor.UI.Common.Tests.dll not valid. Loading of assembly skipped.
Assembly UnityEditor.UI.EditorTests.dll at Library/ScriptAssemblies/UnityEditor.UI.EditorTests.dll not valid. Loading of assembly skipped.
Assembly UnityEditor.XR.LegacyInputHelpers.Tests.dll at Library/ScriptAssemblies/UnityEditor.XR.LegacyInputHelpers.Tests.dll not valid. Loading of assembly skipped.
Assembly UnityEngine.Advertisements.Editor.Tests.dll at Library/ScriptAssemblies/UnityEngine.Advertisements.Editor.Tests.dll not valid. Loading of assembly skipped.
Assembly UnityEngine.Advertisements.Tests.dll at Library/ScriptAssemblies/UnityEngine.Advertisements.Tests.dll not valid. Loading of assembly skipped.
Assembly UnityEngine.SpatialTracking.Tests.dll at Library/ScriptAssemblies/UnityEngine.SpatialTracking.Tests.dll not valid. Loading of assembly skipped.
Assembly UnityEngine.UI.Tests.dll at Library/ScriptAssemblies/UnityEngine.UI.Tests.dll not valid. Loading of assembly skipped.
Symbol file LoadedFromMemory is not a mono symbol file
Symbol file LoadedFromMemory is not a mono symbol file
Refreshing native plugins compatible for Editor in 16.79 ms, found 6 plugins.
Native extension for WindowsStandalone target not found
Native extension for WebGL target not found
[Package Manager] Failed to launch server process. Reason: Unity was launched with the -noUpm command-line argument
[Package Manager] Unable to send message (not connected to server process).
[Package Manager] Cannot connect to Unity Package Manager local server
Refreshing native plugins compatible for Editor in 14.84 ms, found 6 plugins.
[Package Manager] Failed to launch server process. Reason: Unity was launched with the -noUpm command-line argument
[Package Manager] Unable to send message (not connected to server process).
[Package Manager] Cannot connect to Unity Package Manager local server
[Licensing::Client] Error: Code 404 while processing request (status: Found 0 entitlement groups and 0 free entitlements matching requested entitlement ids)
ScheduleIndexationOnStartup MainProcess:False IndexOnStartup:True
Mono: successfully reloaded assembly
- Finished resetting the current domain, in  2.442 seconds
Domain Reload Profiling: 4099ms
	BeginReloadAssembly (440ms)
		DisableScriptedObjects (11ms)
		CreateAndSetChildDomain (168ms)
	RebuildCommonClasses (50ms)
	RebuildNativeTypeToScriptingClass (17ms)
	initialDomainReloadingComplete (156ms)
	LoadAllAssembliesAndSetupDomain (994ms)
		LoadAssemblies (736ms)
		AnalyzeDomain (412ms)
			TypeCache.Refresh (18ms)
			BuildScriptInfoCaches (382ms)
			ResolveRequiredComponents (9ms)
	FinalizeReload (2443ms)
		SetupLoadedEditorAssemblies (0ms)
			InitializePlatformSupportModulesInManaged (4ms)
			BeforeProcessingInitializeOnLoad (292ms)
			ProcessInitializeOnLoadAttributes (1259ms)
			ProcessInitializeOnLoadMethodAttributes (587ms)
			AfterProcessingInitializeOnLoad (8ms)
		AwakeInstancesAfterBackupRestoration (12ms)
Refreshing native plugins compatible for Editor in 19.30 ms, found 6 plugins.
Unloading 57 Unused Serialized files (Serialized files now loaded: 0)
Unloading 9061 unused Assets / (19.6 MB). Loaded Objects now: 9648.
Memory consumption went from 202.7 MB to 183.0 MB.
Total: 33.869800 ms (FindLiveObjects: 1.770600 ms CreateObjectMapping: 1.717600 ms MarkObjects: 21.074300 ms  DeleteObjects: 9.302400 ms)

Prepare: number of updated asset objects reloaded= 0
========================================================================
Received Import Request.
  Time since last request: 2312.512118 seconds.
  path: Assets/PrefabInstance/Planks_floor.prefab
  importAddress: Guid(9ce5bfadbc1825b4e82a880cecabe26e) Importer(815301076,1909f56bfc062723c751e8b465ee728b)
Start importing Assets/PrefabInstance/Planks_floor.prefab using Guid(9ce5bfadbc1825b4e82a880cecabe26e) Importer(815301076,1909f56bfc062723c751e8b465ee728b) (PreviewImporter) -> (Import Result ID: '3aa2caa103715c91bc4d0ea519266df1') in 0.954423 seconds [static and dynamic dependencies]. Details - ImportResultOutputID=9887c204a8c99b05b4113dd3d41ff4a7 DependenciesID=8d712e4305605424a0a8283fdf7c0ee3 StaticDependenciesID=1052685082722ca3d7a2c1d7e5036021 
Number of updated asset objects reloaded before import = 0Number of asset objects unloaded after import = 97

========================================================================
Received Import Request.
  Time since last request: 26.269990 seconds.
  path: Assets/PrefabInstance/Planks_Doorway.prefab
  importAddress: Guid(8658eac75d6670b468e3183e184c0053) Importer(815301076,1909f56bfc062723c751e8b465ee728b)
Start importing Assets/PrefabInstance/Planks_Doorway.prefab using Guid(8658eac75d6670b468e3183e184c0053) Importer(815301076,1909f56bfc062723c751e8b465ee728b) (PreviewImporter) -> (Import Result ID: 'bd1f911927bd0f7551932df03c8cd71f') in 0.1305575 seconds [static and dynamic dependencies]. Details - ImportResultOutputID=7026436bb924b3f3c053df03e2f359e4 DependenciesID=d0668866da17e5f8d31a83883007cee2 StaticDependenciesID=37ef9c8530fe0dea1108a9011389db28 
Number of updated asset objects reloaded before import = 0Number of asset objects unloaded after import = 97

========================================================================
Received Import Request.
  Time since last request: 61.577324 seconds.
  path: Assets/PolygonFantasyKingdom/Prefabs/Buildings
  importAddress: Guid(b163cce6c68753c479f3f9aa153fa5e7) Importer(815301076,1909f56bfc062723c751e8b465ee728b)
Start importing Assets/PolygonFantasyKingdom/Prefabs/Buildings using Guid(b163cce6c68753c479f3f9aa153fa5e7) Importer(815301076,1909f56bfc062723c751e8b465ee728b) (PreviewImporter) -> (Import Result ID: '8169722993e4d8651d2660c1fc442ade') in 0.0017968 seconds [static and dynamic dependencies]. Details - ImportResultOutputID=dfd17be0f53af6b05fa59cd54df723cf DependenciesID=95f69bddcc74ab646d3a57ea7638d868 StaticDependenciesID=fa52e1e56002efb73cd2e2193f58cb02 
Number of updated asset objects reloaded before import = 0Number of asset objects unloaded after import = 0

========================================================================
Received Import Request.
  Time since last request: 8.636226 seconds.
  path: Assets/PolygonFantasyKingdom/Prefabs/House
  importAddress: Guid(ff3811efd6362464a82bafca83adaeea) Importer(815301076,1909f56bfc062723c751e8b465ee728b)
Start importing Assets/PolygonFantasyKingdom/Prefabs/House using Guid(ff3811efd6362464a82bafca83adaeea) Importer(815301076,1909f56bfc062723c751e8b465ee728b) (PreviewImporter) -> (Import Result ID: '99f382100ae9ed4974774c491b7e631b') in 0.0012508 seconds [static and dynamic dependencies]. Details - ImportResultOutputID=aaeb6311c2ef50c4d0bc5eb1d91ed37c DependenciesID=056b5bcec9b5f925a6849b10d140cfd6 StaticDependenciesID=b03f9396e42382ab756bda20a8ce6acf 
Number of updated asset objects reloaded before import = 0Number of asset objects unloaded after import = 0

========================================================================
Received Import Request.
  Time since last request: 3.400399 seconds.
  path: Assets/PolygonFantasyKingdom/Prefabs/House/SM_Bld_House_Base_Corner_01.prefab
  importAddress: Guid(b3d4aa8ab86beb545a6231528dce67c9) Importer(815301076,1909f56bfc062723c751e8b465ee728b)
Start importing Assets/PolygonFantasyKingdom/Prefabs/House/SM_Bld_House_Base_Corner_01.prefab using Guid(b3d4aa8ab86beb545a6231528dce67c9) Importer(815301076,1909f56bfc062723c751e8b465ee728b) (PreviewImporter) -> (Import Result ID: 'c1ae725c1ee9e55002cad741dd560a3f') in 0.3240451 seconds [static and dynamic dependencies]. Details - ImportResultOutputID=f583d46790d7f4858fe649455fa1cc32 DependenciesID=a6819dbc3f6f82fa056dc3625c902734 StaticDependenciesID=408fb4107b2ddf9f657a0c806f166210 
Number of updated asset objects reloaded before import = 0Number of asset objects unloaded after import = 13

========================================================================
Received Import Request.
  Time since last request: 0.000032 seconds.
  path: Assets/PolygonFantasyKingdom/Prefabs/House/SM_Bld_House_Roof_Tile_Cover_Edge_01.prefab
  importAddress: Guid(1af6a74794921de4cb2fc925d6bde4cf) Importer(815301076,1909f56bfc062723c751e8b465ee728b)
Start importing Assets/PolygonFantasyKingdom/Prefabs/House/SM_Bld_House_Roof_Tile_Cover_Edge_01.prefab using Guid(1af6a74794921de4cb2fc925d6bde4cf) Importer(815301076,1909f56bfc062723c751e8b465ee728b) (PreviewImporter) -> (Import Result ID: 'cc38cdb3a154262819bd5fa435d75bb3') in 0.0659997 seconds [static and dynamic dependencies]. Details - ImportResultOutputID=0465b0545d09b65c8edc09b9efe24869 DependenciesID=60c44b7c2b155f6b7d2e655e43442085 StaticDependenciesID=ab35fd794f9e18d8e977a73c0e7e496f 
Number of updated asset objects reloaded before import = 0Number of asset objects unloaded after import = 13

========================================================================
Received Import Request.
  Time since last request: 0.000055 seconds.
  path: Assets/PolygonFantasyKingdom/Prefabs/House/SM_Bld_House_Roof_Thatch_Edge_01.prefab
  importAddress: Guid(5bc8f7bbcba5f4549b00a6d3a1b598f5) Importer(815301076,1909f56bfc062723c751e8b465ee728b)
Start importing Assets/PolygonFantasyKingdom/Prefabs/House/SM_Bld_House_Roof_Thatch_Edge_01.prefab using Guid(5bc8f7bbcba5f4549b00a6d3a1b598f5) Importer(815301076,1909f56bfc062723c751e8b465ee728b) (PreviewImporter) -> (Import Result ID: 'f12d746cdf97d9f277f7ab3e5e7deee5') in 0.0805493 seconds [static and dynamic dependencies]. Details - ImportResultOutputID=19436d120dc992f645c123984d0fb4a2 DependenciesID=e3a1f2e66476843befdd417b168d0479 StaticDependenciesID=f88c72ecbddbb2e9b0e0fe25d699f619 
Number of updated asset objects reloaded before import = 0Number of asset objects unloaded after import = 13

========================================================================
Received Import Request.
  Time since last request: 0.000051 seconds.
  path: Assets/PolygonFantasyKingdom/Prefabs/House/SM_Bld_House_Roof_Thatch_Edge_02.prefab
  importAddress: Guid(0151acdf982658843a6717ad3d99667c) Importer(815301076,1909f56bfc062723c751e8b465ee728b)
Start importing Assets/PolygonFantasyKingdom/Prefabs/House/SM_Bld_House_Roof_Thatch_Edge_02.prefab using Guid(0151acdf982658843a6717ad3d99667c) Importer(815301076,1909f56bfc062723c751e8b465ee728b) (PreviewImporter) -> (Import Result ID: 'af0d7fe23ac2abb22564c89364a7c4d3') in 0.0801011 seconds [static and dynamic dependencies]. Details - ImportResultOutputID=73a1e917e36eaafed4d0bad1de34f9da DependenciesID=754c4b85de4b3ca7ac846f8b3f1ca095 StaticDependenciesID=62174940e80b1dbffb6ea07242aa00b2 
Number of updated asset objects reloaded before import = 0Number of asset objects unloaded after import = 13

========================================================================
Received Import Request.
  Time since last request: 0.000046 seconds.
  path: Assets/PolygonFantasyKingdom/Prefabs/House/SM_Bld_House_Roof_Thatch_End_01.prefab
  importAddress: Guid(e649777b3f71da145b3dab2f656ef8c9) Importer(815301076,1909f56bfc062723c751e8b465ee728b)
Start importing Assets/PolygonFantasyKingdom/Prefabs/House/SM_Bld_House_Roof_Thatch_End_01.prefab using Guid(e649777b3f71da145b3dab2f656ef8c9) Importer(815301076,1909f56bfc062723c751e8b465ee728b) (PreviewImporter) -> (Import Result ID: '53a94db62b6edde4d9f03436ab04ac56') in 0.0895375 seconds [static and dynamic dependencies]. Details - ImportResultOutputID=9b01d652175eb18dce22c5d59a958e86 DependenciesID=43e85fc449adce2b0c83743e19991410 StaticDependenciesID=85546d88cf13b1edebddcef0a6e4f519 
Number of updated asset objects reloaded before import = 0Number of asset objects unloaded after import = 13

========================================================================
Received Import Request.
  Time since last request: 0.000088 seconds.
  path: Assets/PolygonFantasyKingdom/Prefabs/House/SM_Bld_House_Roof_Thatch_Edge_End_01.prefab
  importAddress: Guid(17df746b2b2921b40977829b3ea4aca0) Importer(815301076,1909f56bfc062723c751e8b465ee728b)
Start importing Assets/PolygonFantasyKingdom/Prefabs/House/SM_Bld_House_Roof_Thatch_Edge_End_01.prefab using Guid(17df746b2b2921b40977829b3ea4aca0) Importer(815301076,1909f56bfc062723c751e8b465ee728b) (PreviewImporter) -> (Import Result ID: '72e57c4971d8e309f14a36a79c440c87') in 0.100902 seconds [static and dynamic dependencies]. Details - ImportResultOutputID=5d30abab96d0d6bd7eb03a7cd5cc58b7 DependenciesID=7fa64761b593c2fae665398edcd492de StaticDependenciesID=5b3099c830b92b19bbcb06529a48cf37 
Number of updated asset objects reloaded before import = 0Number of asset objects unloaded after import = 13

========================================================================
Received Import Request.
  Time since last request: 0.000063 seconds.
  path: Assets/PolygonFantasyKingdom/Prefabs/House/SM_Bld_House_Roof_Thatch_Stick_03.prefab
  importAddress: Guid(96f171c7ed618ec47ad0c4cf95e85977) Importer(815301076,1909f56bfc062723c751e8b465ee728b)
Start importing Assets/PolygonFantasyKingdom/Prefabs/House/SM_Bld_House_Roof_Thatch_Stick_03.prefab using Guid(96f171c7ed618ec47ad0c4cf95e85977) Importer(815301076,1909f56bfc062723c751e8b465ee728b) (PreviewImporter) -> (Import Result ID: '7a1db104879f83beaa8f67ad20a2876d') in 0.094286 seconds [static and dynamic dependencies]. Details - ImportResultOutputID=8f9614d0539bf7c650d67fedcba26d18 DependenciesID=195f2e84112a921bca1506056eb94db8 StaticDependenciesID=fbd5521bc0f9e8d50ffd83a8aa252631 
Number of updated asset objects reloaded before import = 0Number of asset objects unloaded after import = 13

========================================================================
Received Import Request.
  Time since last request: 0.000039 seconds.
  path: Assets/PolygonFantasyKingdom/Prefabs/House/SM_Bld_House_Roof_Tile_Corner_01.prefab
  importAddress: Guid(f8dbb885e7235a94e8e7d2b14e08eacf) Importer(815301076,1909f56bfc062723c751e8b465ee728b)
Start importing Assets/PolygonFantasyKingdom/Prefabs/House/SM_Bld_House_Roof_Tile_Corner_01.prefab using Guid(f8dbb885e7235a94e8e7d2b14e08eacf) Importer(815301076,1909f56bfc062723c751e8b465ee728b) (PreviewImporter) -> (Import Result ID: 'cb8b030d1803f88307f8421c81a07871') in 0.0743276 seconds [static and dynamic dependencies]. Details - ImportResultOutputID=cc3e90e40d0eea2f22470c340b43ef42 DependenciesID=c708477507e20a1abc87397ca78219de StaticDependenciesID=9ad6562c9fed6667d158512fb5154720 
Number of updated asset objects reloaded before import = 0Number of asset objects unloaded after import = 13

========================================================================
Received Import Request.
  Time since last request: 0.000050 seconds.
  path: Assets/PolygonFantasyKingdom/Prefabs/House/SM_Bld_House_Roof_Thatch_Half_03.prefab
  importAddress: Guid(a85e2657b10420e479df44145085db5b) Importer(815301076,1909f56bfc062723c751e8b465ee728b)
Start importing Assets/PolygonFantasyKingdom/Prefabs/House/SM_Bld_House_Roof_Thatch_Half_03.prefab using Guid(a85e2657b10420e479df44145085db5b) Importer(815301076,1909f56bfc062723c751e8b465ee728b) (PreviewImporter) -> (Import Result ID: '8e30b9fa1e0647d9b6ae46341074ff56') in 0.0630563 seconds [static and dynamic dependencies]. Details - ImportResultOutputID=146abb608d47aa5bc05ff5117f41ea9c DependenciesID=112cce720ba611b98f95e96b5cd5ce6b StaticDependenciesID=8edcb25cdc64d3577ebded4d5a9181bb 
Number of updated asset objects reloaded before import = 0Number of asset objects unloaded after import = 13

========================================================================
Received Import Request.
  Time since last request: 0.000048 seconds.
  path: Assets/PolygonFantasyKingdom/Prefabs/House/SM_Bld_House_Chimney_03.prefab
  importAddress: Guid(456f68c0ab8b90f45ada0e70c99c53d9) Importer(815301076,1909f56bfc062723c751e8b465ee728b)
Start importing Assets/PolygonFantasyKingdom/Prefabs/House/SM_Bld_House_Chimney_03.prefab using Guid(456f68c0ab8b90f45ada0e70c99c53d9) Importer(815301076,1909f56bfc062723c751e8b465ee728b) (PreviewImporter) -> (Import Result ID: 'be4adef1b4f8153209a95ed58d7cfc3f') in 0.0611859 seconds [static and dynamic dependencies]. Details - ImportResultOutputID=787eec1f71a9944c5e3f737945aabe40 DependenciesID=b1ff4e688bd0b709d470ec62521e3261 StaticDependenciesID=50f9f760b182e49c8b39953d27567809 
Number of updated asset objects reloaded before import = 0Number of asset objects unloaded after import = 13

========================================================================
Received Import Request.
  Time since last request: 0.000069 seconds.
  path: Assets/PolygonFantasyKingdom/Prefabs/House/SM_Bld_House_Roof_Thatch_Cover_Corner_05.prefab
  importAddress: Guid(5f8f3068f848d1048a58b7b4e4cecb4a) Importer(815301076,1909f56bfc062723c751e8b465ee728b)
Start importing Assets/PolygonFantasyKingdom/Prefabs/House/SM_Bld_House_Roof_Thatch_Cover_Corner_05.prefab using Guid(5f8f3068f848d1048a58b7b4e4cecb4a) Importer(815301076,1909f56bfc062723c751e8b465ee728b) (PreviewImporter) -> (Import Result ID: 'be18d46daa650d7326c7652e1505e3fe') in 0.0619717 seconds [static and dynamic dependencies]. Details - ImportResultOutputID=dbb363ce0667729e2bf38d1b59d7229f DependenciesID=7a1e612e3897d62461831d8344242436 StaticDependenciesID=a87ebaa1db4ad0d66c9d3107d2082e92 
Number of updated asset objects reloaded before import = 0Number of asset objects unloaded after import = 13

========================================================================
Received Import Request.
  Time since last request: 0.000043 seconds.
  path: Assets/PolygonFantasyKingdom/Prefabs/House/SM_Bld_House_Floor_Wood_Beam_01.prefab
  importAddress: Guid(fce489e311bafa74584f3e3bbc7d726d) Importer(815301076,1909f56bfc062723c751e8b465ee728b)
Start importing Assets/PolygonFantasyKingdom/Prefabs/House/SM_Bld_House_Floor_Wood_Beam_01.prefab using Guid(fce489e311bafa74584f3e3bbc7d726d) Importer(815301076,1909f56bfc062723c751e8b465ee728b) (PreviewImporter) -> (Import Result ID: '3c116e6cb883d0c9bf569c39e3c245de') in 0.0845616 seconds [static and dynamic dependencies]. Details - ImportResultOutputID=6ab92649ec9b58e1432dee3ae463bf15 DependenciesID=a8a47a8e81d9c1e3b8a005bb7a79a69d StaticDependenciesID=7d68dc77531e00cdf6b85dfc9a20a660 
Number of updated asset objects reloaded before import = 0Number of asset objects unloaded after import = 13

========================================================================
Received Import Request.
  Time since last request: 0.000048 seconds.
  path: Assets/PolygonFantasyKingdom/Prefabs/House/SM_Bld_House_Roof_Plinth_02.prefab
  importAddress: Guid(e9fbf8f7b5357b14882162f1d5d82177) Importer(815301076,1909f56bfc062723c751e8b465ee728b)
Start importing Assets/PolygonFantasyKingdom/Prefabs/House/SM_Bld_House_Roof_Plinth_02.prefab using Guid(e9fbf8f7b5357b14882162f1d5d82177) Importer(815301076,1909f56bfc062723c751e8b465ee728b) (PreviewImporter) -> (Import Result ID: '833a7a9e96c49c04bfa93f8fd42e815f') in 0.075107 seconds [static and dynamic dependencies]. Details - ImportResultOutputID=fe390d5ceb5a643fb0f7dfe785135482 DependenciesID=e7a0f36676ff3b3eeb24ff7395fd5163 StaticDependenciesID=c8d1a01620617cf66ff15d4f6aeb979d 
Number of updated asset objects reloaded before import = 0Number of asset objects unloaded after import = 13

========================================================================
Received Import Request.
  Time since last request: 0.000045 seconds.
  path: Assets/PolygonFantasyKingdom/Prefabs/House/SM_Bld_House_Roof_Thatch_Peak_Cap_02.prefab
  importAddress: Guid(d1e15157caadc33418eade7340b510ac) Importer(815301076,1909f56bfc062723c751e8b465ee728b)
Start importing Assets/PolygonFantasyKingdom/Prefabs/House/SM_Bld_House_Roof_Thatch_Peak_Cap_02.prefab using Guid(d1e15157caadc33418eade7340b510ac) Importer(815301076,1909f56bfc062723c751e8b465ee728b) (PreviewImporter) -> (Import Result ID: '243657d63e067d940c24a786ec7317e0') in 0.0727643 seconds [static and dynamic dependencies]. Details - ImportResultOutputID=de640b361bf31a729a033dff3640ed29 DependenciesID=3d12c037698fa6f80519c9c89023c981 StaticDependenciesID=993b8726c8776142c150327d39dccc90 
Number of updated asset objects reloaded before import = 0Number of asset objects unloaded after import = 13

========================================================================
Received Import Request.
  Time since last request: 0.000096 seconds.
  path: Assets/PolygonFantasyKingdom/Prefabs/House/SM_Bld_House_Roof_Tile_Cover_02.prefab
  importAddress: Guid(8c6b5c2d29ff67147ad8dcfabb6570a3) Importer(815301076,1909f56bfc062723c751e8b465ee728b)
Start importing Assets/PolygonFantasyKingdom/Prefabs/House/SM_Bld_House_Roof_Tile_Cover_02.prefab using Guid(8c6b5c2d29ff67147ad8dcfabb6570a3) Importer(815301076,1909f56bfc062723c751e8b465ee728b) (PreviewImporter) -> (Import Result ID: '2680a04e0423be560ee71cc4ba6b55c1') in 0.0835362 seconds [static and dynamic dependencies]. Details - ImportResultOutputID=a6f40ed0d3f197b22c054727ddd3fb5e DependenciesID=6d9fad6d5b5a41837edea87111b1de08 StaticDependenciesID=d07e8adca98f11295b41c75e1b51b8d1 
Number of updated asset objects reloaded before import = 0Number of asset objects unloaded after import = 13

========================================================================
Received Import Request.
  Time since last request: 0.000036 seconds.
  path: Assets/PolygonFantasyKingdom/Prefabs/House/SM_Bld_House_Roof_Thatch_Half_01.prefab
  importAddress: Guid(b13135b4abf724b45bdc0cdca7f17447) Importer(815301076,1909f56bfc062723c751e8b465ee728b)
Start importing Assets/PolygonFantasyKingdom/Prefabs/House/SM_Bld_House_Roof_Thatch_Half_01.prefab using Guid(b13135b4abf724b45bdc0cdca7f17447) Importer(815301076,1909f56bfc062723c751e8b465ee728b) (PreviewImporter) -> (Import Result ID: '34f9c57c6bd87ec58f2995d4e701e89c') in 0.0922879 seconds [static and dynamic dependencies]. Details - ImportResultOutputID=12f677e6ade15a958a3a0372844233bc DependenciesID=d3bdc00416993b3805ff0007ee5f6f40 StaticDependenciesID=65255cf02d041b9013c13945dec42d49 
Number of updated asset objects reloaded before import = 0Number of asset objects unloaded after import = 13

========================================================================
Received Import Request.
  Time since last request: 0.000041 seconds.
  path: Assets/PolygonFantasyKingdom/Prefabs/House/SM_Bld_House_Roof_Tile_Angled_Half_02.prefab
  importAddress: Guid(1f89dc651e00e98489739b4ae308a2a8) Importer(815301076,1909f56bfc062723c751e8b465ee728b)
Start importing Assets/PolygonFantasyKingdom/Prefabs/House/SM_Bld_House_Roof_Tile_Angled_Half_02.prefab using Guid(1f89dc651e00e98489739b4ae308a2a8) Importer(815301076,1909f56bfc062723c751e8b465ee728b) (PreviewImporter) -> (Import Result ID: '673c703f32f96ed1505930bb5da64828') in 0.0853231 seconds [static and dynamic dependencies]. Details - ImportResultOutputID=e6b8b5d20913d722a7f9220022459c67 DependenciesID=b6730c48e7b1cb140f43bd9e47bd368b StaticDependenciesID=4f64274f47f07f4ea86e6679609ae7f9 
Number of updated asset objects reloaded before import = 0Number of asset objects unloaded after import = 13

========================================================================
Received Import Request.
  Time since last request: 0.000060 seconds.
  path: Assets/PolygonFantasyKingdom/Prefabs/House/SM_Bld_House_Roof_Tile_Cover_Edge_02.prefab
  importAddress: Guid(4a70ef8e638847d419447d38695af6e6) Importer(815301076,1909f56bfc062723c751e8b465ee728b)
Start importing Assets/PolygonFantasyKingdom/Prefabs/House/SM_Bld_House_Roof_Tile_Cover_Edge_02.prefab using Guid(4a70ef8e638847d419447d38695af6e6) Importer(815301076,1909f56bfc062723c751e8b465ee728b) (PreviewImporter) -> (Import Result ID: '47c5eb982af9ae84c065a939a6645cb6') in 0.0773603 seconds [static and dynamic dependencies]. Details - ImportResultOutputID=840b7250e1ca60e6920a08260da35606 DependenciesID=cca59f2c111d74662f29f192b6f56871 StaticDependenciesID=f234b42819da78f64a65939f3aa39529 
Number of updated asset objects reloaded before import = 0Number of asset objects unloaded after import = 13

========================================================================
Received Import Request.
  Time since last request: 0.000249 seconds.
  path: Assets/PolygonFantasyKingdom/Prefabs/House/SM_Bld_House_Roof_Thatch_Corner_02.prefab
  importAddress: Guid(499a77f7be3f9b849becc980117c21cb) Importer(815301076,1909f56bfc062723c751e8b465ee728b)
Start importing Assets/PolygonFantasyKingdom/Prefabs/House/SM_Bld_House_Roof_Thatch_Corner_02.prefab using Guid(499a77f7be3f9b849becc980117c21cb) Importer(815301076,1909f56bfc062723c751e8b465ee728b) (PreviewImporter) -> (Import Result ID: 'd610bde7bfe9655643db231449279d47') in 0.1342531 seconds [static and dynamic dependencies]. Details - ImportResultOutputID=8612343af0677d6db41baf476f3af612 DependenciesID=fd76c11207f9941a5f121d755d15a9de StaticDependenciesID=b99c8dce83755e2ea484b1b59ec557a4 
Number of updated asset objects reloaded before import = 0Number of asset objects unloaded after import = 13

========================================================================
Received Import Request.
  Time since last request: 0.000038 seconds.
  path: Assets/PolygonFantasyKingdom/Prefabs/House/SM_Bld_House_Fireplace_01.prefab
  importAddress: Guid(e15df4ea678e6c7448f64722a7701939) Importer(815301076,1909f56bfc062723c751e8b465ee728b)
Start importing Assets/PolygonFantasyKingdom/Prefabs/House/SM_Bld_House_Fireplace_01.prefab using Guid(e15df4ea678e6c7448f64722a7701939) Importer(815301076,1909f56bfc062723c751e8b465ee728b) (PreviewImporter) -> (Import Result ID: 'f657095de640d339de64585bda992b61') in 0.1002142 seconds [static and dynamic dependencies]. Details - ImportResultOutputID=c42f1b5681de77050fdc69a03e8b0d5c DependenciesID=2ecb6af192aaf054ca6003a6c3805783 StaticDependenciesID=52de3afec5382bb80e2d85d053c43184 
Number of updated asset objects reloaded before import = 0Number of asset objects unloaded after import = 13

========================================================================
Received Import Request.
  Time since last request: 0.000047 seconds.
  path: Assets/PolygonFantasyKingdom/Prefabs/House/SM_Bld_House_Roof_Thatch_Corner_01.prefab
  importAddress: Guid(b7ea916da22bf044f9c4f4d9e7457f37) Importer(815301076,1909f56bfc062723c751e8b465ee728b)
Start importing Assets/PolygonFantasyKingdom/Prefabs/House/SM_Bld_House_Roof_Thatch_Corner_01.prefab using Guid(b7ea916da22bf044f9c4f4d9e7457f37) Importer(815301076,1909f56bfc062723c751e8b465ee728b) (PreviewImporter) -> (Import Result ID: 'eb78ffcf163fb9264baf3db213c864f0') in 0.0776879 seconds [static and dynamic dependencies]. Details - ImportResultOutputID=d5d4d69dd2fc0757b460579190f65aca DependenciesID=941a3b3763f71f0b887557ebfc5fe2f0 StaticDependenciesID=5d931755931aaa826bea539cbfaadcc6 
Number of updated asset objects reloaded before import = 0Number of asset objects unloaded after import = 13

========================================================================
Received Import Request.
  Time since last request: 0.000062 seconds.
  path: Assets/PolygonFantasyKingdom/Prefabs/House/SM_Bld_House_Roof_Thatch_Peak_Cap_Beams_02.prefab
  importAddress: Guid(f203d2e771ea3b44a84aff38ae0783d1) Importer(815301076,1909f56bfc062723c751e8b465ee728b)
Start importing Assets/PolygonFantasyKingdom/Prefabs/House/SM_Bld_House_Roof_Thatch_Peak_Cap_Beams_02.prefab using Guid(f203d2e771ea3b44a84aff38ae0783d1) Importer(815301076,1909f56bfc062723c751e8b465ee728b) (PreviewImporter) -> (Import Result ID: 'c30bd3285cba30201c40ce0a78dced2b') in 0.0763623 seconds [static and dynamic dependencies]. Details - ImportResultOutputID=2f6f5635c16723439fe251957d3eeaeb DependenciesID=454ac4f88b653157f54140c7763da343 StaticDependenciesID=dd843f9d94e969604670b58210006dbb 
Number of updated asset objects reloaded before import = 0Number of asset objects unloaded after import = 13

========================================================================
Received Import Request.
  Time since last request: 0.000045 seconds.
  path: Assets/PolygonFantasyKingdom/Prefabs/House/SM_Bld_House_Roof_Tile_Cover_Corner_05.prefab
  importAddress: Guid(dd548a4caa604584fb8e674e31cdbf0b) Importer(815301076,1909f56bfc062723c751e8b465ee728b)
Start importing Assets/PolygonFantasyKingdom/Prefabs/House/SM_Bld_House_Roof_Tile_Cover_Corner_05.prefab using Guid(dd548a4caa604584fb8e674e31cdbf0b) Importer(815301076,1909f56bfc062723c751e8b465ee728b) (PreviewImporter) -> (Import Result ID: '89f620c4120108564219bdc566649a0d') in 0.0710573 seconds [static and dynamic dependencies]. Details - ImportResultOutputID=fcc43b564effbe93ded6c4de07c4d77a DependenciesID=e870b0e2d4f258b5b96bbeb0eff12997 StaticDependenciesID=05a4307b71c9fa21d830a7922bbdec8a 
Number of updated asset objects reloaded before import = 0Number of asset objects unloaded after import = 13

========================================================================
Received Import Request.
  Time since last request: 0.000041 seconds.
  path: Assets/PolygonFantasyKingdom/Prefabs/House/SM_Bld_House_Roof_Tile_Corner_02.prefab
  importAddress: Guid(c3152b4fb346fbe47accefb200bffbf0) Importer(815301076,1909f56bfc062723c751e8b465ee728b)
Start importing Assets/PolygonFantasyKingdom/Prefabs/House/SM_Bld_House_Roof_Tile_Corner_02.prefab using Guid(c3152b4fb346fbe47accefb200bffbf0) Importer(815301076,1909f56bfc062723c751e8b465ee728b) (PreviewImporter) -> (Import Result ID: 'bc00746b6c06beda2ed8ecb7202f989d') in 0.0673097 seconds [static and dynamic dependencies]. Details - ImportResultOutputID=a4d876689c26d165296e19fd9029c177 DependenciesID=b8503f00d9470ceec9d92b9b381fbf33 StaticDependenciesID=de3ea9195d08bbc2e3de91f068ef6abc 
Number of updated asset objects reloaded before import = 0Number of asset objects unloaded after import = 13

========================================================================
Received Import Request.
  Time since last request: 0.000047 seconds.
  path: Assets/PolygonFantasyKingdom/Prefabs/House/SM_Bld_House_Roof_Thatch_Stick_01.prefab
  importAddress: Guid(38f939fdbf6da2a46899502f35a566f5) Importer(815301076,1909f56bfc062723c751e8b465ee728b)
Start importing Assets/PolygonFantasyKingdom/Prefabs/House/SM_Bld_House_Roof_Thatch_Stick_01.prefab using Guid(38f939fdbf6da2a46899502f35a566f5) Importer(815301076,1909f56bfc062723c751e8b465ee728b) (PreviewImporter) -> (Import Result ID: '7840690c5dc1d6fb3ad8a0bec77132de') in 0.0601012 seconds [static and dynamic dependencies]. Details - ImportResultOutputID=e51915c2b0c2de09ba412baa06216198 DependenciesID=fc1499b44a6c2b74f0ad9a4fbd0020cc StaticDependenciesID=af2b09d220d33fad8ffa0affe51328d4 
Number of updated asset objects reloaded before import = 0Number of asset objects unloaded after import = 13

========================================================================
Received Import Request.
  Time since last request: 0.000044 seconds.
  path: Assets/PolygonFantasyKingdom/Prefabs/House/SM_Bld_House_Base_Wall_01.prefab
  importAddress: Guid(61cd1fa366ad5d64795014f56881d8de) Importer(815301076,1909f56bfc062723c751e8b465ee728b)
Start importing Assets/PolygonFantasyKingdom/Prefabs/House/SM_Bld_House_Base_Wall_01.prefab using Guid(61cd1fa366ad5d64795014f56881d8de) Importer(815301076,1909f56bfc062723c751e8b465ee728b) (PreviewImporter) -> (Import Result ID: 'fec27c4374da2ef83e1fff3e5f2b0380') in 0.0645785 seconds [static and dynamic dependencies]. Details - ImportResultOutputID=35610837f6c69c5086314fa93f15cf36 DependenciesID=506c3328475f674cbd5408cb88f6bdc0 StaticDependenciesID=b326679204d6a143ad6511336b28fbdf 
Number of updated asset objects reloaded before import = 0Number of asset objects unloaded after import = 13

========================================================================
Received Import Request.
  Time since last request: 0.000045 seconds.
  path: Assets/PolygonFantasyKingdom/Prefabs/House/SM_Bld_House_Roof_Tile_Cover_Corner_06.prefab
  importAddress: Guid(f967cb44dc951d4469b4c19d1e45417e) Importer(815301076,1909f56bfc062723c751e8b465ee728b)
Start importing Assets/PolygonFantasyKingdom/Prefabs/House/SM_Bld_House_Roof_Tile_Cover_Corner_06.prefab using Guid(f967cb44dc951d4469b4c19d1e45417e) Importer(815301076,1909f56bfc062723c751e8b465ee728b) (PreviewImporter) -> (Import Result ID: 'f023069bf050091b345c77a835ac1208') in 0.0709831 seconds [static and dynamic dependencies]. Details - ImportResultOutputID=06a27cfb6e0c706e39cd2266eb13e39d DependenciesID=e89b992b3c2293cb357d3527f4b35a57 StaticDependenciesID=4e638296ca4847defafaea3b61f11b9f 
Number of updated asset objects reloaded before import = 0Number of asset objects unloaded after import = 13

========================================================================
Received Import Request.
  Time since last request: 0.000044 seconds.
  path: Assets/PolygonFantasyKingdom/Prefabs/House/SM_Bld_House_Roof_Tile_End_01.prefab
  importAddress: Guid(1e22c1d90000f90498d04d75c16d0faa) Importer(815301076,1909f56bfc062723c751e8b465ee728b)
Start importing Assets/PolygonFantasyKingdom/Prefabs/House/SM_Bld_House_Roof_Tile_End_01.prefab using Guid(1e22c1d90000f90498d04d75c16d0faa) Importer(815301076,1909f56bfc062723c751e8b465ee728b) (PreviewImporter) -> (Import Result ID: 'be6690f83ba54e65da330f1d2b53ad63') in 0.0800845 seconds [static and dynamic dependencies]. Details - ImportResultOutputID=5708ff5d531ac9923da139417104bf63 DependenciesID=cd52138c9de545377ca1e128da7d13ef StaticDependenciesID=84805e206db0fe0c227123d57e3476dd 
Number of updated asset objects reloaded before import = 0Number of asset objects unloaded after import = 13

========================================================================
Received Import Request.
  Time since last request: 0.000056 seconds.
  path: Assets/PolygonFantasyKingdom/Prefabs/House/SM_Bld_House_Roof_Thatch_Peak_Cap_Edge_01.prefab
  importAddress: Guid(780a5826dc45c5c43b68141e6a2b586e) Importer(815301076,1909f56bfc062723c751e8b465ee728b)
Start importing Assets/PolygonFantasyKingdom/Prefabs/House/SM_Bld_House_Roof_Thatch_Peak_Cap_Edge_01.prefab using Guid(780a5826dc45c5c43b68141e6a2b586e) Importer(815301076,1909f56bfc062723c751e8b465ee728b) (PreviewImporter) -> (Import Result ID: 'c2e83ea107575ba4296d2891a5928136') in 0.0620146 seconds [static and dynamic dependencies]. Details - ImportResultOutputID=97767202c76a5e4b3b791b95cb7bbf8f DependenciesID=01a212db9bab8edd22f43bbcd1287405 StaticDependenciesID=2bf1e026ac8d3f99569db5b01e63df67 
Number of updated asset objects reloaded before import = 0Number of asset objects unloaded after import = 13

========================================================================
Received Import Request.
  Time since last request: 0.000072 seconds.
  path: Assets/PolygonFantasyKingdom/Prefabs/House/SM_Bld_House_Roof_Thatch_Stick_04.prefab
  importAddress: Guid(a73f1210e401d264d8d004ed1cde7c30) Importer(815301076,1909f56bfc062723c751e8b465ee728b)
Start importing Assets/PolygonFantasyKingdom/Prefabs/House/SM_Bld_House_Roof_Thatch_Stick_04.prefab using Guid(a73f1210e401d264d8d004ed1cde7c30) Importer(815301076,1909f56bfc062723c751e8b465ee728b) (PreviewImporter) -> (Import Result ID: '315e941574fb3073322571621814461d') in 0.0708608 seconds [static and dynamic dependencies]. Details - ImportResultOutputID=a731ca4c3f839d1cead89d06985d2c35 DependenciesID=fa7dc7718db1eef36fa6c2d5cc63f96e StaticDependenciesID=1f2934a39009a9add292e151a2f39584 
Number of updated asset objects reloaded before import = 0Number of asset objects unloaded after import = 13

========================================================================
Received Import Request.
  Time since last request: 0.000049 seconds.
  path: Assets/PolygonFantasyKingdom/Prefabs/House/SM_Bld_House_Roof_Tile_Cover_Corner_02.prefab
  importAddress: Guid(b6afaf380d667fa4b94e56e88bcbf450) Importer(815301076,1909f56bfc062723c751e8b465ee728b)
Start importing Assets/PolygonFantasyKingdom/Prefabs/House/SM_Bld_House_Roof_Tile_Cover_Corner_02.prefab using Guid(b6afaf380d667fa4b94e56e88bcbf450) Importer(815301076,1909f56bfc062723c751e8b465ee728b) (PreviewImporter) -> (Import Result ID: '77d3a813a8a023c08e8337aed9bfcdf4') in 0.0701968 seconds [static and dynamic dependencies]. Details - ImportResultOutputID=9c4c5f1f84f1c93e08974c89c6b1f186 DependenciesID=56dcaeea0b2630fec6bffa2ab3a63880 StaticDependenciesID=fbd5277e90c2ace6f3b4415471ac27f9 
Number of updated asset objects reloaded before import = 0Number of asset objects unloaded after import = 13

========================================================================
Received Import Request.
  Time since last request: 0.000055 seconds.
  path: Assets/PolygonFantasyKingdom/Prefabs/House/SM_Bld_House_Chimney_Base_01.prefab
  importAddress: Guid(5f059a0495fdcb449bb89b0833ccbd39) Importer(815301076,1909f56bfc062723c751e8b465ee728b)
Start importing Assets/PolygonFantasyKingdom/Prefabs/House/SM_Bld_House_Chimney_Base_01.prefab using Guid(5f059a0495fdcb449bb89b0833ccbd39) Importer(815301076,1909f56bfc062723c751e8b465ee728b) (PreviewImporter) -> (Import Result ID: 'e59c67e75fa83cfd4b293a9e52729558') in 0.0623093 seconds [static and dynamic dependencies]. Details - ImportResultOutputID=629eb657cf14d4d213e7e346fb3e1f8c DependenciesID=d2323b8aaa98f561e5f5ec15cb586b27 StaticDependenciesID=068c005a35be6f85287042a5187c0b41 
Number of updated asset objects reloaded before import = 0Number of asset objects unloaded after import = 13

========================================================================
Received Import Request.
  Time since last request: 0.000046 seconds.
  path: Assets/PolygonFantasyKingdom/Prefabs/House/SM_Bld_House_Roof_Tile_Cover_Corner_04.prefab
  importAddress: Guid(d751b48124fc19547980d6e531fb6898) Importer(815301076,1909f56bfc062723c751e8b465ee728b)
Start importing Assets/PolygonFantasyKingdom/Prefabs/House/SM_Bld_House_Roof_Tile_Cover_Corner_04.prefab using Guid(d751b48124fc19547980d6e531fb6898) Importer(815301076,1909f56bfc062723c751e8b465ee728b) (PreviewImporter) -> (Import Result ID: 'a5f6e93ad3e9b8f4b4ca7897873e7595') in 0.0715033 seconds [static and dynamic dependencies]. Details - ImportResultOutputID=c58d017490e8c695970eb0f29c518814 DependenciesID=e3025804a6d6b1841571e5414cb54a5d StaticDependenciesID=2d94c9178ad5dab0968ecfc1aed33fbb 
Number of updated asset objects reloaded before import = 0Number of asset objects unloaded after import = 13

========================================================================
Received Import Request.
  Time since last request: 0.000052 seconds.
  path: Assets/PolygonFantasyKingdom/Prefabs/House/SM_Bld_House_Roof_Thatch_Angled_01.prefab
  importAddress: Guid(53d894d1f78cccd4f95ea943992a0af4) Importer(815301076,1909f56bfc062723c751e8b465ee728b)
Start importing Assets/PolygonFantasyKingdom/Prefabs/House/SM_Bld_House_Roof_Thatch_Angled_01.prefab using Guid(53d894d1f78cccd4f95ea943992a0af4) Importer(815301076,1909f56bfc062723c751e8b465ee728b) (PreviewImporter) -> (Import Result ID: '7f5396d83ef62079ef066b255ab3dd15') in 0.0742518 seconds [static and dynamic dependencies]. Details - ImportResultOutputID=6ef1d7e039a8383c61682e47773199fb DependenciesID=74e132c5582bdd92ede7935621769a30 StaticDependenciesID=48c908c86aab53c9c29654f7b2751e3e 
Number of updated asset objects reloaded before import = 0Number of asset objects unloaded after import = 13

========================================================================
Received Import Request.
  Time since last request: 0.000049 seconds.
  path: Assets/PolygonFantasyKingdom/Prefabs/House/SM_Bld_House_Roof_Thatch_Cover_03.prefab
  importAddress: Guid(8a76bd738607e5143b7ca3a64c27faac) Importer(815301076,1909f56bfc062723c751e8b465ee728b)
Start importing Assets/PolygonFantasyKingdom/Prefabs/House/SM_Bld_House_Roof_Thatch_Cover_03.prefab using Guid(8a76bd738607e5143b7ca3a64c27faac) Importer(815301076,1909f56bfc062723c751e8b465ee728b) (PreviewImporter) -> (Import Result ID: '6adef85076f3e8f74461d6d199b3a50f') in 0.0715847 seconds [static and dynamic dependencies]. Details - ImportResultOutputID=b6b479403aa1bd364cc47b10c89655f7 DependenciesID=deee6bfabfa50e2fb90150c6b4924e38 StaticDependenciesID=1bbe14314fdfee0000b1c64363930710 
Number of updated asset objects reloaded before import = 0Number of asset objects unloaded after import = 13

========================================================================
Received Import Request.
  Time since last request: 0.000043 seconds.
  path: Assets/PolygonFantasyKingdom/Prefabs/House/SM_Bld_House_Roof_Thatch_Peak_Cap_Beams_03.prefab
  importAddress: Guid(64b0444a3e05ca249af1979b23d53f5e) Importer(815301076,1909f56bfc062723c751e8b465ee728b)
Start importing Assets/PolygonFantasyKingdom/Prefabs/House/SM_Bld_House_Roof_Thatch_Peak_Cap_Beams_03.prefab using Guid(64b0444a3e05ca249af1979b23d53f5e) Importer(815301076,1909f56bfc062723c751e8b465ee728b) (PreviewImporter) -> (Import Result ID: 'e80ced45c83241be888a1daec23763a5') in 0.0710758 seconds [static and dynamic dependencies]. Details - ImportResultOutputID=c240ad5c770dc7e8cb1717bd86db5cfb DependenciesID=4b13b2d0c843e61ec86cf5671367d838 StaticDependenciesID=4b1659adb43ccfe18d87d6948fd2808a 
Number of updated asset objects reloaded before import = 0Number of asset objects unloaded after import = 13

========================================================================
Received Import Request.
  Time since last request: 0.000051 seconds.
  path: Assets/PolygonFantasyKingdom/Prefabs/House/SM_Bld_House_Roof_Thatch_Peak_Cap_01.prefab
  importAddress: Guid(e9c97c2141ed77d4d9f0a6daea37e75b) Importer(815301076,1909f56bfc062723c751e8b465ee728b)
Start importing Assets/PolygonFantasyKingdom/Prefabs/House/SM_Bld_House_Roof_Thatch_Peak_Cap_01.prefab using Guid(e9c97c2141ed77d4d9f0a6daea37e75b) Importer(815301076,1909f56bfc062723c751e8b465ee728b) (PreviewImporter) -> (Import Result ID: '269050b3e91be6f87523f2343b2a0cd8') in 0.072066 seconds [static and dynamic dependencies]. Details - ImportResultOutputID=cb99a6b4ebaa084136468eab91cecea5 DependenciesID=d75f10439b3569273b4aad5b907757ca StaticDependenciesID=cba81ff97c9e7e29b9671ca78b6658eb 
Number of updated asset objects reloaded before import = 0Number of asset objects unloaded after import = 13

========================================================================
Received Import Request.
  Time since last request: 0.000071 seconds.
  path: Assets/PolygonFantasyKingdom/Prefabs/House/SM_Bld_House_Roof_Thatch_Window_01.prefab
  importAddress: Guid(20df2dce85c73ca43926af836de5a615) Importer(815301076,1909f56bfc062723c751e8b465ee728b)
Start importing Assets/PolygonFantasyKingdom/Prefabs/House/SM_Bld_House_Roof_Thatch_Window_01.prefab using Guid(20df2dce85c73ca43926af836de5a615) Importer(815301076,1909f56bfc062723c751e8b465ee728b) (PreviewImporter) -> (Import Result ID: 'f678b93c6e34b5f6e0b135a053e9b946') in 0.4131632 seconds [static and dynamic dependencies]. Details - ImportResultOutputID=d7402d544d944461ecedae3534205ea7 DependenciesID=99954b32b467c216a6adf12114ad3878 StaticDependenciesID=5440276565872fecdba23ba8c0d2c4b2 
Number of updated asset objects reloaded before import = 0Number of asset objects unloaded after import = 19

========================================================================
Received Import Request.
  Time since last request: 0.000043 seconds.
  path: Assets/PolygonFantasyKingdom/Prefabs/House/SM_Bld_House_Roof_Thatch_TowerGap_01.prefab
  importAddress: Guid(5f11e6f22a4e2da468c8720ab89ea480) Importer(815301076,1909f56bfc062723c751e8b465ee728b)
Start importing Assets/PolygonFantasyKingdom/Prefabs/House/SM_Bld_House_Roof_Thatch_TowerGap_01.prefab using Guid(5f11e6f22a4e2da468c8720ab89ea480) Importer(815301076,1909f56bfc062723c751e8b465ee728b) (PreviewImporter) -> (Import Result ID: 'a1f92a7142d17e46be95580d1762123e') in 0.065978 seconds [static and dynamic dependencies]. Details - ImportResultOutputID=5c9101f6af90721a00be1e97ebf5d4c7 DependenciesID=d949455cbde7613530e7c2fdd32da881 StaticDependenciesID=47e4d29bcd6b6291aa2a3390c532f6a1 
Number of updated asset objects reloaded before import = 0Number of asset objects unloaded after import = 13

========================================================================
Received Import Request.
  Time since last request: 0.000054 seconds.
  path: Assets/PolygonFantasyKingdom/Prefabs/House/SM_Bld_House_Floor_Wood_06.prefab
  importAddress: Guid(cded3e02104fad242868a47ec92b1769) Importer(815301076,1909f56bfc062723c751e8b465ee728b)
Start importing Assets/PolygonFantasyKingdom/Prefabs/House/SM_Bld_House_Floor_Wood_06.prefab using Guid(cded3e02104fad242868a47ec92b1769) Importer(815301076,1909f56bfc062723c751e8b465ee728b) (PreviewImporter) -> (Import Result ID: '66cbfd9508a189d81844437c26b14bef') in 0.0686088 seconds [static and dynamic dependencies]. Details - ImportResultOutputID=b0ffb606854d7a365d5f76f7f95a6229 DependenciesID=6bbd50827eebefd3d263b0d180a1311b StaticDependenciesID=ad0e742eb56544d4bab7cfba056264b9 
Number of updated asset objects reloaded before import = 0Number of asset objects unloaded after import = 21

========================================================================
Received Import Request.
  Time since last request: 0.000036 seconds.
  path: Assets/PolygonFantasyKingdom/Prefabs/House/SM_Bld_House_Chimney_09.prefab
  importAddress: Guid(2e1087c04117a8148b4c04ebfafefc07) Importer(815301076,1909f56bfc062723c751e8b465ee728b)
Start importing Assets/PolygonFantasyKingdom/Prefabs/House/SM_Bld_House_Chimney_09.prefab using Guid(2e1087c04117a8148b4c04ebfafefc07) Importer(815301076,1909f56bfc062723c751e8b465ee728b) (PreviewImporter) -> (Import Result ID: 'e8b62e0c6914e53408ad14cf8a351565') in 0.0680079 seconds [static and dynamic dependencies]. Details - ImportResultOutputID=2f16b5e87d79fd2c99d491242b65ec93 DependenciesID=37b6188d17d153a9931973e054881aca StaticDependenciesID=0a3c5d7c97eb9c1ed750755960c02c99 
Number of updated asset objects reloaded before import = 0Number of asset objects unloaded after import = 13

========================================================================
Received Import Request.
  Time since last request: 0.000038 seconds.
  path: Assets/PolygonFantasyKingdom/Prefabs/House/SM_Bld_House_Roof_Thatch_Cover_01.prefab
  importAddress: Guid(9e7aa943ac2deb24493f99df98b5f9f9) Importer(815301076,1909f56bfc062723c751e8b465ee728b)
Start importing Assets/PolygonFantasyKingdom/Prefabs/House/SM_Bld_House_Roof_Thatch_Cover_01.prefab using Guid(9e7aa943ac2deb24493f99df98b5f9f9) Importer(815301076,1909f56bfc062723c751e8b465ee728b) (PreviewImporter) -> (Import Result ID: '44299fe43327dfcd016e10eb9eef89b5') in 0.0684688 seconds [static and dynamic dependencies]. Details - ImportResultOutputID=8d1d752322d8da0606bdf7890370778a DependenciesID=d6ea71cbf4174034a658a551ed1ec998 StaticDependenciesID=cec923c723100985d0e5becba1a36ce7 
Number of updated asset objects reloaded before import = 0Number of asset objects unloaded after import = 13

========================================================================
Received Import Request.
  Time since last request: 0.000045 seconds.
  path: Assets/PolygonFantasyKingdom/Prefabs/House/SM_Bld_House_Roof_Tile_Cover_Corner_03.prefab
  importAddress: Guid(e0d3bcafd47d4d34ba1e3acb9b9c0027) Importer(815301076,1909f56bfc062723c751e8b465ee728b)
Start importing Assets/PolygonFantasyKingdom/Prefabs/House/SM_Bld_House_Roof_Tile_Cover_Corner_03.prefab using Guid(e0d3bcafd47d4d34ba1e3acb9b9c0027) Importer(815301076,1909f56bfc062723c751e8b465ee728b) (PreviewImporter) -> (Import Result ID: 'c6b1b67afc96ad2769d185fc25712425') in 0.0726285 seconds [static and dynamic dependencies]. Details - ImportResultOutputID=267c45af3141cc7211de015a7e068258 DependenciesID=f7310c56dd51c2aa9ed4428b475bf5bb StaticDependenciesID=8adb65ceb504475b82e539dd0bbc14d5 
Number of updated asset objects reloaded before import = 0Number of asset objects unloaded after import = 13

========================================================================
Received Import Request.
  Time since last request: 0.000061 seconds.
  path: Assets/PolygonFantasyKingdom/Prefabs/House/SM_Bld_House_Roof_Thatch_Stick_02.prefab
  importAddress: Guid(4983abd93be3cb044991013816cf286d) Importer(815301076,1909f56bfc062723c751e8b465ee728b)
Start importing Assets/PolygonFantasyKingdom/Prefabs/House/SM_Bld_House_Roof_Thatch_Stick_02.prefab using Guid(4983abd93be3cb044991013816cf286d) Importer(815301076,1909f56bfc062723c751e8b465ee728b) (PreviewImporter) -> (Import Result ID: '20e524cf9f0a946b05f3298686ce352a') in 0.0714127 seconds [static and dynamic dependencies]. Details - ImportResultOutputID=6f498a1f6901691de6829a971d4c75ec DependenciesID=8b723b1eb879e5d7b4d9fa9b59c03be2 StaticDependenciesID=5b1172fb9d105004d48ce36a4baa33d5 
Number of updated asset objects reloaded before import = 0Number of asset objects unloaded after import = 13

========================================================================
Received Import Request.
  Time since last request: 0.000039 seconds.
  path: Assets/PolygonFantasyKingdom/Prefabs/House/SM_Bld_House_Roof_Tile_Angled_Edge_01.prefab
  importAddress: Guid(2a096db32d5631d46b5d82f91245034e) Importer(815301076,1909f56bfc062723c751e8b465ee728b)
Start importing Assets/PolygonFantasyKingdom/Prefabs/House/SM_Bld_House_Roof_Tile_Angled_Edge_01.prefab using Guid(2a096db32d5631d46b5d82f91245034e) Importer(815301076,1909f56bfc062723c751e8b465ee728b) (PreviewImporter) -> (Import Result ID: '94e5a399ab09e6bd77c4d0f3dfde893d') in 0.0739014 seconds [static and dynamic dependencies]. Details - ImportResultOutputID=9e37f80e918e9a75a732528e219834e3 DependenciesID=4c2169a0076582ebdc18179f4467116b StaticDependenciesID=6569abc982e1d3a57be0b0473ddb9051 
Number of updated asset objects reloaded before import = 0Number of asset objects unloaded after import = 13

========================================================================
Received Import Request.
  Time since last request: 0.000045 seconds.
  path: Assets/PolygonFantasyKingdom/Prefabs/House/SM_Bld_House_Base_Wall_Half_01.prefab
  importAddress: Guid(198d97cc0fdf2454bbc373eba6b9a969) Importer(815301076,1909f56bfc062723c751e8b465ee728b)
Start importing Assets/PolygonFantasyKingdom/Prefabs/House/SM_Bld_House_Base_Wall_Half_01.prefab using Guid(198d97cc0fdf2454bbc373eba6b9a969) Importer(815301076,1909f56bfc062723c751e8b465ee728b) (PreviewImporter) -> (Import Result ID: '185bcb171bb668ba9227a7ca8d907830') in 0.0717735 seconds [static and dynamic dependencies]. Details - ImportResultOutputID=4aa565d39980112e6e42961c3cb5ce10 DependenciesID=d05ce09051ade9a41a6750432c412d55 StaticDependenciesID=a060d6a68437f7ddf0f2bc9f2e16c7ce 
Number of updated asset objects reloaded before import = 0Number of asset objects unloaded after import = 13

========================================================================
Received Import Request.
  Time since last request: 0.000052 seconds.
  path: Assets/PolygonFantasyKingdom/Prefabs/House/SM_Bld_House_Base_Wall_Half_02.prefab
  importAddress: Guid(f179bb4745241de41aee557f43679baa) Importer(815301076,1909f56bfc062723c751e8b465ee728b)
Start importing Assets/PolygonFantasyKingdom/Prefabs/House/SM_Bld_House_Base_Wall_Half_02.prefab using Guid(f179bb4745241de41aee557f43679baa) Importer(815301076,1909f56bfc062723c751e8b465ee728b) (PreviewImporter) -> (Import Result ID: '52196868754d643dba6145a9cf47fff8') in 0.0686654 seconds [static and dynamic dependencies]. Details - ImportResultOutputID=1f153fcf4b1665ede40d53d96427fd1b DependenciesID=f6b50545a177ccf21f20e17115bc937e StaticDependenciesID=7910d47c4195806d8846b403e3ea4544 
Number of updated asset objects reloaded before import = 0Number of asset objects unloaded after import = 13

========================================================================
Received Import Request.
  Time since last request: 0.000111 seconds.
  path: Assets/PolygonFantasyKingdom/Prefabs/House/SM_Bld_House_Observatory_01.prefab
  importAddress: Guid(d6b789ab235fcd4429e94ad12104f6ba) Importer(815301076,1909f56bfc062723c751e8b465ee728b)
Start importing Assets/PolygonFantasyKingdom/Prefabs/House/SM_Bld_House_Observatory_01.prefab using Guid(d6b789ab235fcd4429e94ad12104f6ba) Importer(815301076,1909f56bfc062723c751e8b465ee728b) (PreviewImporter) -> (Import Result ID: 'bf4e32a6b3334fc42759c709ec45a2bf') in 0.0740534 seconds [static and dynamic dependencies]. Details - ImportResultOutputID=f7fe5f247e28a32005ffd215c7bd76c2 DependenciesID=be31cfcb333aff9e542bc5c009837733 StaticDependenciesID=af254b599d4658d3098dbb8d2e320fdb 
Number of updated asset objects reloaded before import = 0Number of asset objects unloaded after import = 18

========================================================================
Received Import Request.
  Time since last request: 0.000049 seconds.
  path: Assets/PolygonFantasyKingdom/Prefabs/House/SM_Bld_House_Floor_Stone_02.prefab
  importAddress: Guid(50f999a7ce4c0b44d9a88179a8328d77) Importer(815301076,1909f56bfc062723c751e8b465ee728b)
Start importing Assets/PolygonFantasyKingdom/Prefabs/House/SM_Bld_House_Floor_Stone_02.prefab using Guid(50f999a7ce4c0b44d9a88179a8328d77) Importer(815301076,1909f56bfc062723c751e8b465ee728b) (PreviewImporter) -> (Import Result ID: 'af09d98fbfe8e08423ceaa7bcd850087') in 0.0761816 seconds [static and dynamic dependencies]. Details - ImportResultOutputID=5f0d6567380b3f2589fae6ee1aace165 DependenciesID=40182132887ea839e7d25d55f363a0cb StaticDependenciesID=5b52039e19daf11b1197c01a8d30de33 
Number of updated asset objects reloaded before import = 0Number of asset objects unloaded after import = 13

========================================================================
Received Import Request.
  Time since last request: 0.000039 seconds.
  path: Assets/PolygonFantasyKingdom/Prefabs/House/SM_Bld_House_Floor_Stone_04.prefab
  importAddress: Guid(499472f2159824c4fa06f126cefdac4b) Importer(815301076,1909f56bfc062723c751e8b465ee728b)
Start importing Assets/PolygonFantasyKingdom/Prefabs/House/SM_Bld_House_Floor_Stone_04.prefab using Guid(499472f2159824c4fa06f126cefdac4b) Importer(815301076,1909f56bfc062723c751e8b465ee728b) (PreviewImporter) -> (Import Result ID: '90a36c4220d9286cc586ff819d803c77') in 0.0784643 seconds [static and dynamic dependencies]. Details - ImportResultOutputID=bd190f4b4292392aa019516ec2aa29e4 DependenciesID=3e4f05193963ee9560689c06610bcbbf StaticDependenciesID=71595e115f31a428e013f7fd2d61a12c 
Number of updated asset objects reloaded before import = 0Number of asset objects unloaded after import = 13

========================================================================
Received Import Request.
  Time since last request: 0.000054 seconds.
  path: Assets/PolygonFantasyKingdom/Prefabs/House/SM_Bld_House_Floor_Wood_01.prefab
  importAddress: Guid(62918f245c347b94f86309b18199ba9b) Importer(815301076,1909f56bfc062723c751e8b465ee728b)
Start importing Assets/PolygonFantasyKingdom/Prefabs/House/SM_Bld_House_Floor_Wood_01.prefab using Guid(62918f245c347b94f86309b18199ba9b) Importer(815301076,1909f56bfc062723c751e8b465ee728b) (PreviewImporter) -> (Import Result ID: 'dd50ead5c1cc077eeef4ed2a9ebd6b5a') in 0.078732 seconds [static and dynamic dependencies]. Details - ImportResultOutputID=78430fdeebed510bc2cbc4f6a5f79b36 DependenciesID=9a441d6c9f22f9beb48d003a6e862f14 StaticDependenciesID=9b18f7e7b8e1c77dbaaed8c3ccd174a2 
Number of updated asset objects reloaded before import = 0Number of asset objects unloaded after import = 13

========================================================================
Received Import Request.
  Time since last request: 0.000088 seconds.
  path: Assets/PolygonFantasyKingdom/Prefabs/House/SM_Bld_House_Roof_Thatch_01.prefab
  importAddress: Guid(cf80c8e9d57b66e4aa3533a2eadf270c) Importer(815301076,1909f56bfc062723c751e8b465ee728b)
Start importing Assets/PolygonFantasyKingdom/Prefabs/House/SM_Bld_House_Roof_Thatch_01.prefab using Guid(cf80c8e9d57b66e4aa3533a2eadf270c) Importer(815301076,1909f56bfc062723c751e8b465ee728b) (PreviewImporter) -> (Import Result ID: 'fe05997919d270030ad6a8cfd5e57f36') in 0.0811251 seconds [static and dynamic dependencies]. Details - ImportResultOutputID=d005c7ffc6061a0725aa405e5d4c292f DependenciesID=56228ecb11d9b6f6baf0526b5d932747 StaticDependenciesID=4e23b160c43bbd198ea5ce338656cf0b 
Number of updated asset objects reloaded before import = 0Number of asset objects unloaded after import = 13

========================================================================
Received Import Request.
  Time since last request: 0.000060 seconds.
  path: Assets/PolygonFantasyKingdom/Prefabs/House/SM_Bld_House_Roof_Beam_02.prefab
  importAddress: Guid(041ba599fa9338a4d94cefe5e7c4509f) Importer(815301076,1909f56bfc062723c751e8b465ee728b)
Start importing Assets/PolygonFantasyKingdom/Prefabs/House/SM_Bld_House_Roof_Beam_02.prefab using Guid(041ba599fa9338a4d94cefe5e7c4509f) Importer(815301076,1909f56bfc062723c751e8b465ee728b) (PreviewImporter) -> (Import Result ID: 'b0fe967eb87844bf22613f3f4bcb63e8') in 0.080192 seconds [static and dynamic dependencies]. Details - ImportResultOutputID=4762dc1598ca4165fe7d7729d2b0f5f7 DependenciesID=8705fca3d92c481cbcb0de9287a76872 StaticDependenciesID=a5ba7628a7870fe887c465430cfef1ef 
Number of updated asset objects reloaded before import = 0Number of asset objects unloaded after import = 13

========================================================================
Received Import Request.
  Time since last request: 0.000053 seconds.
  path: Assets/PolygonFantasyKingdom/Prefabs/House/SM_Bld_House_Floor_Stone_03.prefab
  importAddress: Guid(23f033a45399e9b4ea239f5375d90fd8) Importer(815301076,1909f56bfc062723c751e8b465ee728b)
Start importing Assets/PolygonFantasyKingdom/Prefabs/House/SM_Bld_House_Floor_Stone_03.prefab using Guid(23f033a45399e9b4ea239f5375d90fd8) Importer(815301076,1909f56bfc062723c751e8b465ee728b) (PreviewImporter) -> (Import Result ID: 'a0325055b6012cc8fa2becf7d4d21f8e') in 0.0861018 seconds [static and dynamic dependencies]. Details - ImportResultOutputID=9b97a53b8655678c78b790ee155192f6 DependenciesID=1e9c3a73c5e63849a5416a38292761a8 StaticDependenciesID=bd40427f72a97057d282cdefe73a5728 
Number of updated asset objects reloaded before import = 0Number of asset objects unloaded after import = 13

========================================================================
Received Import Request.
  Time since last request: 0.000066 seconds.
  path: Assets/PolygonFantasyKingdom/Prefabs/House/SM_Bld_House_Roof_Tile_Edge_01.prefab
  importAddress: Guid(c924b211fa31445419e72665d4a7ed9a) Importer(815301076,1909f56bfc062723c751e8b465ee728b)
Start importing Assets/PolygonFantasyKingdom/Prefabs/House/SM_Bld_House_Roof_Tile_Edge_01.prefab using Guid(c924b211fa31445419e72665d4a7ed9a) Importer(815301076,1909f56bfc062723c751e8b465ee728b) (PreviewImporter) -> (Import Result ID: 'cc4dc2c24b40a73c3b6d9a91c188eaea') in 0.1188218 seconds [static and dynamic dependencies]. Details - ImportResultOutputID=f7ce359a57ad10b4886aee57ab5d8028 DependenciesID=a08219f86e3f837dd9ef6d14e2bffff9 StaticDependenciesID=349508831a7008a0ca2d784ca072e336 
Number of updated asset objects reloaded before import = 0Number of asset objects unloaded after import = 13

========================================================================
Received Import Request.
  Time since last request: 0.000079 seconds.
  path: Assets/PolygonFantasyKingdom/Prefabs/House/SM_Bld_House_Roof_Thatch_Cover_Corner_06.prefab
  importAddress: Guid(c07a244f9affd6541b5a3406bea81098) Importer(815301076,1909f56bfc062723c751e8b465ee728b)
Start importing Assets/PolygonFantasyKingdom/Prefabs/House/SM_Bld_House_Roof_Thatch_Cover_Corner_06.prefab using Guid(c07a244f9affd6541b5a3406bea81098) Importer(815301076,1909f56bfc062723c751e8b465ee728b) (PreviewImporter) -> (Import Result ID: 'adf18aadd0ae31b540b3581e47b051a7') in 0.0816293 seconds [static and dynamic dependencies]. Details - ImportResultOutputID=6739f82cb68162e552342aa171e68424 DependenciesID=510b371a021a55c232f8810012d4cb60 StaticDependenciesID=707d019bbe52846f9d0e7a5136be9c26 
Number of updated asset objects reloaded before import = 0Number of asset objects unloaded after import = 13

========================================================================
Received Import Request.
  Time since last request: 0.000053 seconds.
  path: Assets/PolygonFantasyKingdom/Prefabs/House/SM_Bld_House_Roof_Thatch_Cover_Corner_04.prefab
  importAddress: Guid(5968f0246e3f9c2468f9f5ad1f6ce98d) Importer(815301076,1909f56bfc062723c751e8b465ee728b)
Start importing Assets/PolygonFantasyKingdom/Prefabs/House/SM_Bld_House_Roof_Thatch_Cover_Corner_04.prefab using Guid(5968f0246e3f9c2468f9f5ad1f6ce98d) Importer(815301076,1909f56bfc062723c751e8b465ee728b) (PreviewImporter) -> (Import Result ID: '481fb9ead9ca746dece21f9250289d68') in 0.0760635 seconds [static and dynamic dependencies]. Details - ImportResultOutputID=233257e1ee3f9d193ea8a412818399ff DependenciesID=a1cfc87dda062bd9d8b5c20cd801a606 StaticDependenciesID=de624cacf97c84686f4695b3617dfa01 
Number of updated asset objects reloaded before import = 0Number of asset objects unloaded after import = 13

========================================================================
Received Import Request.
  Time since last request: 0.000056 seconds.
  path: Assets/PolygonFantasyKingdom/Prefabs/House/SM_Bld_House_Roof_Thatch_Cap_01.prefab
  importAddress: Guid(f1b039992c85fd844933420cb5089812) Importer(815301076,1909f56bfc062723c751e8b465ee728b)
Start importing Assets/PolygonFantasyKingdom/Prefabs/House/SM_Bld_House_Roof_Thatch_Cap_01.prefab using Guid(f1b039992c85fd844933420cb5089812) Importer(815301076,1909f56bfc062723c751e8b465ee728b) (PreviewImporter) -> (Import Result ID: '275f76585a55d0ad6e81534a1565435e') in 0.0817325 seconds [static and dynamic dependencies]. Details - ImportResultOutputID=e6c4bea8932205f108d4522cf518893a DependenciesID=f15d23836e0f2bf11246d7120a046029 StaticDependenciesID=ed43c73f7e874667c39ea02a639503b3 
Number of updated asset objects reloaded before import = 0Number of asset objects unloaded after import = 13

========================================================================
Received Import Request.
  Time since last request: 0.000054 seconds.
  path: Assets/PolygonFantasyKingdom/Prefabs/House/SM_Bld_House_Roof_Tile_Edge_End_01.prefab
  importAddress: Guid(b8fb0afcd4d42684e9189575ea8e6b68) Importer(815301076,1909f56bfc062723c751e8b465ee728b)
Start importing Assets/PolygonFantasyKingdom/Prefabs/House/SM_Bld_House_Roof_Tile_Edge_End_01.prefab using Guid(b8fb0afcd4d42684e9189575ea8e6b68) Importer(815301076,1909f56bfc062723c751e8b465ee728b) (PreviewImporter) -> (Import Result ID: '87de698eac15359bf0223ada83ffbfdd') in 0.0748355 seconds [static and dynamic dependencies]. Details - ImportResultOutputID=181852ee75a96a2540cb9befd769614a DependenciesID=edf4ce08e48f179e15be76890165b72e StaticDependenciesID=4718381c683320e8f269785911bacf3a 
Number of updated asset objects reloaded before import = 0Number of asset objects unloaded after import = 13

========================================================================
Received Import Request.
  Time since last request: 0.000081 seconds.
  path: Assets/PolygonFantasyKingdom/Prefabs/House/SM_Bld_House_Roof_Tile_Cover_Edge_03.prefab
  importAddress: Guid(5484cc345d932b64696a19b842b8cab6) Importer(815301076,1909f56bfc062723c751e8b465ee728b)
Start importing Assets/PolygonFantasyKingdom/Prefabs/House/SM_Bld_House_Roof_Tile_Cover_Edge_03.prefab using Guid(5484cc345d932b64696a19b842b8cab6) Importer(815301076,1909f56bfc062723c751e8b465ee728b) (PreviewImporter) -> (Import Result ID: 'ca304b4ec5011ba2a791db8607f8f79b') in 0.0815338 seconds [static and dynamic dependencies]. Details - ImportResultOutputID=187b5c36def72bcddbdbba5ab7b95eb5 DependenciesID=76a5fe474fc7158e477c19c8388b52cf StaticDependenciesID=1ee41893c0dc6d9c9e713d852a6316f9 
Number of updated asset objects reloaded before import = 0Number of asset objects unloaded after import = 13

========================================================================
Received Import Request.
  Time since last request: 0.000053 seconds.
  path: Assets/PolygonFantasyKingdom/Prefabs/House/SM_Bld_House_Railing_Beam_01.prefab
  importAddress: Guid(d26afbeb83bf4c546b37df80aa02596e) Importer(815301076,1909f56bfc062723c751e8b465ee728b)
Start importing Assets/PolygonFantasyKingdom/Prefabs/House/SM_Bld_House_Railing_Beam_01.prefab using Guid(d26afbeb83bf4c546b37df80aa02596e) Importer(815301076,1909f56bfc062723c751e8b465ee728b) (PreviewImporter) -> (Import Result ID: '6f4a1f841bf28ccbd41d08487c1ca9c9') in 0.0768444 seconds [static and dynamic dependencies]. Details - ImportResultOutputID=16df0e5b6673b4ffd6f3d16c9e4cd004 DependenciesID=84b86d1f8e172bce0fc1ad2dc5b039d8 StaticDependenciesID=25019edd88713a0cceabcb4b76c76c3b 
Number of updated asset objects reloaded before import = 0Number of asset objects unloaded after import = 13

========================================================================
Received Import Request.
  Time since last request: 0.000048 seconds.
  path: Assets/PolygonFantasyKingdom/Prefabs/House/SM_Bld_House_Chimney_02.prefab
  importAddress: Guid(c54018889d38f1545a2ce336653e76d8) Importer(815301076,1909f56bfc062723c751e8b465ee728b)
Start importing Assets/PolygonFantasyKingdom/Prefabs/House/SM_Bld_House_Chimney_02.prefab using Guid(c54018889d38f1545a2ce336653e76d8) Importer(815301076,1909f56bfc062723c751e8b465ee728b) (PreviewImporter) -> (Import Result ID: '272d55a7aa92f41d367cf21eb774f4c9') in 0.0797256 seconds [static and dynamic dependencies]. Details - ImportResultOutputID=3a6abe7069f821a5722ab803a689e7dc DependenciesID=91e6044095f06e4f04bf37f2b9e9e28a StaticDependenciesID=a90b470a14f45a5a86d7e5375485164e 
Number of updated asset objects reloaded before import = 0Number of asset objects unloaded after import = 13

========================================================================
Received Import Request.
  Time since last request: 0.000054 seconds.
  path: Assets/PolygonFantasyKingdom/Prefabs/House/SM_Bld_House_Roof_Tile_01.prefab
  importAddress: Guid(bc350a6b424a4ec44b021122b9267587) Importer(815301076,1909f56bfc062723c751e8b465ee728b)
Start importing Assets/PolygonFantasyKingdom/Prefabs/House/SM_Bld_House_Roof_Tile_01.prefab using Guid(bc350a6b424a4ec44b021122b9267587) Importer(815301076,1909f56bfc062723c751e8b465ee728b) (PreviewImporter) -> (Import Result ID: '50bbd85819740837bfe0c51795f449b2') in 0.0944479 seconds [static and dynamic dependencies]. Details - ImportResultOutputID=a7c8d49300651a8efb75d333ce102cbe DependenciesID=5260e2ba127a23e70e669e711d90580b StaticDependenciesID=373ee5013f6d930e52983d36f22b9428 
Number of updated asset objects reloaded before import = 0Number of asset objects unloaded after import = 13

========================================================================
Received Import Request.
  Time since last request: 46.661276 seconds.
  path: Assets/PolygonFantasyKingdom/Prefabs/House/SM_Bld_House_Roof_Tile_Half_01.prefab
  importAddress: Guid(b539e47d0ccd47644932dc37490e4edf) Importer(815301076,1909f56bfc062723c751e8b465ee728b)
Start importing Assets/PolygonFantasyKingdom/Prefabs/House/SM_Bld_House_Roof_Tile_Half_01.prefab using Guid(b539e47d0ccd47644932dc37490e4edf) Importer(815301076,1909f56bfc062723c751e8b465ee728b) (PreviewImporter) -> (Import Result ID: '0767703fb89816663cdcf720f17fe703') in 0.1317339 seconds [static and dynamic dependencies]. Details - ImportResultOutputID=8a39027c3b17e74171821923f9ce94bd DependenciesID=98f9e324d518dc6347745d57ea93bcfe StaticDependenciesID=d3398ed5f5c08f6caf2ae4ec40f48dfc 
Number of updated asset objects reloaded before import = 0Number of asset objects unloaded after import = 13

========================================================================
Received Import Request.
  Time since last request: 0.000063 seconds.
  path: Assets/PolygonFantasyKingdom/Prefabs/House/SM_Bld_House_Roof_Tile_Peak_Cap_01.prefab
  importAddress: Guid(4ebba2bfcaef1cd48b6aca7c59230078) Importer(815301076,1909f56bfc062723c751e8b465ee728b)
Start importing Assets/PolygonFantasyKingdom/Prefabs/House/SM_Bld_House_Roof_Tile_Peak_Cap_01.prefab using Guid(4ebba2bfcaef1cd48b6aca7c59230078) Importer(815301076,1909f56bfc062723c751e8b465ee728b) (PreviewImporter) -> (Import Result ID: 'c41bf22e748da19a6d1da22e487a3ceb') in 0.1415643 seconds [static and dynamic dependencies]. Details - ImportResultOutputID=38d57b19b58a941608a0550b66bfff17 DependenciesID=7a61e8e366b66b5b79eb4c5b2e0bd4f9 StaticDependenciesID=4a256dac07d62f8d69499d44271c51c6 
Number of updated asset objects reloaded before import = 0Number of asset objects unloaded after import = 13

========================================================================
Received Import Request.
  Time since last request: 12.627922 seconds.
  path: Assets/PolygonFantasyKingdom/Prefabs/House/SM_Bld_House_Roof_Tile_Peak_Cap_03.prefab
  importAddress: Guid(5b25223916162a54bba3db0fcff9c878) Importer(815301076,1909f56bfc062723c751e8b465ee728b)
Start importing Assets/PolygonFantasyKingdom/Prefabs/House/SM_Bld_House_Roof_Tile_Peak_Cap_03.prefab using Guid(5b25223916162a54bba3db0fcff9c878) Importer(815301076,1909f56bfc062723c751e8b465ee728b) (PreviewImporter) -> (Import Result ID: '6929dbbd89e5ff98786f0f3584cafd0b') in 0.1765666 seconds [static and dynamic dependencies]. Details - ImportResultOutputID=331fb127c9b25fc5876cdfb659b98a58 DependenciesID=1b47752c40c08b2a7abace1048c7fd4b StaticDependenciesID=a82b8d42db8ba1d4e255bac6f2bc5131 
Number of updated asset objects reloaded before import = 0Number of asset objects unloaded after import = 13

========================================================================
Received Import Request.
  Time since last request: 0.000044 seconds.
  path: Assets/PolygonFantasyKingdom/Prefabs/House/SM_Bld_House_Stairs_Railing_02.prefab
  importAddress: Guid(5cb134cae4de1344aa2c7af13f7c28ab) Importer(815301076,1909f56bfc062723c751e8b465ee728b)
Start importing Assets/PolygonFantasyKingdom/Prefabs/House/SM_Bld_House_Stairs_Railing_02.prefab using Guid(5cb134cae4de1344aa2c7af13f7c28ab) Importer(815301076,1909f56bfc062723c751e8b465ee728b) (PreviewImporter) -> (Import Result ID: '1d553a0ec68182b358f48db0e4ed8b88') in 0.0803096 seconds [static and dynamic dependencies]. Details - ImportResultOutputID=a73e1d6c5cb9669145f2898ceb8be072 DependenciesID=df0218ee1eec5817e780c100a0771510 StaticDependenciesID=3ed2ad45c5debbfba2d53e647674bbb2 
Number of updated asset objects reloaded before import = 0Number of asset objects unloaded after import = 13

========================================================================
Received Import Request.
  Time since last request: 0.000094 seconds.
  path: Assets/PolygonFantasyKingdom/Prefabs/House/SM_Bld_House_Roof_Tile_Peak_Cap_Edge_03.prefab
  importAddress: Guid(6264fc53471ec2e4f9011090de84b997) Importer(815301076,1909f56bfc062723c751e8b465ee728b)
Start importing Assets/PolygonFantasyKingdom/Prefabs/House/SM_Bld_House_Roof_Tile_Peak_Cap_Edge_03.prefab using Guid(6264fc53471ec2e4f9011090de84b997) Importer(815301076,1909f56bfc062723c751e8b465ee728b) (PreviewImporter) -> (Import Result ID: 'a0b0dbe394b6a6e10da18552f6c7a086') in 0.0787819 seconds [static and dynamic dependencies]. Details - ImportResultOutputID=f583b02d7e8bfb488e46865894ab3f19 DependenciesID=c0997fd9ff65aa1ccdec4b4a97d5ce92 StaticDependenciesID=53f0b7e39bdbbfffb3fe05fed9a1933a 
Number of updated asset objects reloaded before import = 0Number of asset objects unloaded after import = 13

========================================================================
Received Import Request.
  Time since last request: 0.000041 seconds.
  path: Assets/PolygonFantasyKingdom/Prefabs/House/SM_Bld_House_Roof_Tile_TowerGap_01.prefab
  importAddress: Guid(dc9c3bbdb23a8f24dbcf0ee6922d120d) Importer(815301076,1909f56bfc062723c751e8b465ee728b)
Start importing Assets/PolygonFantasyKingdom/Prefabs/House/SM_Bld_House_Roof_Tile_TowerGap_01.prefab using Guid(dc9c3bbdb23a8f24dbcf0ee6922d120d) Importer(815301076,1909f56bfc062723c751e8b465ee728b) (PreviewImporter) -> (Import Result ID: '8fb79cdf2c460856eb15998ae1ed62d8') in 0.0830945 seconds [static and dynamic dependencies]. Details - ImportResultOutputID=0d80e1fd5763063977ebb57f537d5e70 DependenciesID=471ef871ad71a164eb82e6f550718f18 StaticDependenciesID=69782e0b03849c2691cedaba9ce5473e 
Number of updated asset objects reloaded before import = 0Number of asset objects unloaded after import = 19

========================================================================
Received Import Request.
  Time since last request: 0.000063 seconds.
  path: Assets/PolygonFantasyKingdom/Prefabs/House/SM_Bld_House_Roof_Tile_Single_01.prefab
  importAddress: Guid(8a7ac7769f736be49b51de82d8094432) Importer(815301076,1909f56bfc062723c751e8b465ee728b)
Start importing Assets/PolygonFantasyKingdom/Prefabs/House/SM_Bld_House_Roof_Tile_Single_01.prefab using Guid(8a7ac7769f736be49b51de82d8094432) Importer(815301076,1909f56bfc062723c751e8b465ee728b) (PreviewImporter) -> (Import Result ID: 'd6d78fdfa6f81b40ce391ae8b553af57') in 0.0691482 seconds [static and dynamic dependencies]. Details - ImportResultOutputID=83a06c4255b3885dea77f1ae973decde DependenciesID=d6a3c4adc45a753161d8426ccf99caf4 StaticDependenciesID=becbc285e575797a6dd4331a5c82afee 
Number of updated asset objects reloaded before import = 0Number of asset objects unloaded after import = 13

========================================================================
Received Import Request.
  Time since last request: 0.000055 seconds.
  path: Assets/PolygonFantasyKingdom/Prefabs/House/SM_Bld_House_Roof_Tile_Window_02.prefab
  importAddress: Guid(2c8597beb0fcc314998fd67853c6a27d) Importer(815301076,1909f56bfc062723c751e8b465ee728b)
Start importing Assets/PolygonFantasyKingdom/Prefabs/House/SM_Bld_House_Roof_Tile_Window_02.prefab using Guid(2c8597beb0fcc314998fd67853c6a27d) Importer(815301076,1909f56bfc062723c751e8b465ee728b) (PreviewImporter) -> (Import Result ID: '9373423b16685165e18ca5429614e78f') in 0.0749228 seconds [static and dynamic dependencies]. Details - ImportResultOutputID=02f1c9f12a57d8509c8c7f9167c99d30 DependenciesID=3a101214fe0cbba22817c2cf2f71dd17 StaticDependenciesID=57f4047c3f2c70e5836621c27fc09f5b 
Number of updated asset objects reloaded before import = 0Number of asset objects unloaded after import = 19

========================================================================
Received Import Request.
  Time since last request: 0.000053 seconds.
  path: Assets/PolygonFantasyKingdom/Prefabs/House/SM_Bld_House_Roof_Tile_Single_02.prefab
  importAddress: Guid(0f2e5e23b0941fa4db1d82bb8bbc0cb6) Importer(815301076,1909f56bfc062723c751e8b465ee728b)
Start importing Assets/PolygonFantasyKingdom/Prefabs/House/SM_Bld_House_Roof_Tile_Single_02.prefab using Guid(0f2e5e23b0941fa4db1d82bb8bbc0cb6) Importer(815301076,1909f56bfc062723c751e8b465ee728b) (PreviewImporter) -> (Import Result ID: 'dc19e43678b85f6c44fae7d5c8ca27e3') in 0.0696422 seconds [static and dynamic dependencies]. Details - ImportResultOutputID=0f4187ee99a76825c76c4ed084c1f8e3 DependenciesID=3dc0232f3ec59c5e4e0086c064ddd13a StaticDependenciesID=e79b9276c8c78066ba6d74982467ae05 
Number of updated asset objects reloaded before import = 0Number of asset objects unloaded after import = 13

========================================================================
Received Import Request.
  Time since last request: 0.705129 seconds.
  path: Assets/PolygonFantasyKingdom/Prefabs/House/SM_Bld_House_Stairs_Stone_Block_01.prefab
  importAddress: Guid(ea0fc023e04a9ef488cee02ad9d4e3ad) Importer(815301076,1909f56bfc062723c751e8b465ee728b)
Start importing Assets/PolygonFantasyKingdom/Prefabs/House/SM_Bld_House_Stairs_Stone_Block_01.prefab using Guid(ea0fc023e04a9ef488cee02ad9d4e3ad) Importer(815301076,1909f56bfc062723c751e8b465ee728b) (PreviewImporter) -> (Import Result ID: '3bf00e786c7060765a2bcbd702723ca2') in 0.1398669 seconds [static and dynamic dependencies]. Details - ImportResultOutputID=bf9b39310ea934799f0d563435732cff DependenciesID=7f0413e375541c91aa7ce0388e04df95 StaticDependenciesID=39034ec549de833214ec035650adf4a0 
Number of updated asset objects reloaded before import = 0Number of asset objects unloaded after import = 13

========================================================================
Received Import Request.
  Time since last request: 0.000055 seconds.
  path: Assets/PolygonFantasyKingdom/Prefabs/House/SM_Bld_House_StoneArch_01.prefab
  importAddress: Guid(832971ad07a87ee468a87c5911ff3ef9) Importer(815301076,1909f56bfc062723c751e8b465ee728b)
Start importing Assets/PolygonFantasyKingdom/Prefabs/House/SM_Bld_House_StoneArch_01.prefab using Guid(832971ad07a87ee468a87c5911ff3ef9) Importer(815301076,1909f56bfc062723c751e8b465ee728b) (PreviewImporter) -> (Import Result ID: '866a473e548e5463d7897ca19c363eb8') in 0.0830702 seconds [static and dynamic dependencies]. Details - ImportResultOutputID=dd283e24549d6bacff22f420b523107f DependenciesID=a3e3092bbb05a2605c73d81af7c890ec StaticDependenciesID=15ae101ba7e00c98b99dd721272b27fb 
Number of updated asset objects reloaded before import = 0Number of asset objects unloaded after import = 15

========================================================================
Received Import Request.
  Time since last request: 0.000055 seconds.
  path: Assets/PolygonFantasyKingdom/Prefabs/House/SM_Bld_House_Supports_03.prefab
  importAddress: Guid(dec1a94140658c74387a821c1d2f6403) Importer(815301076,1909f56bfc062723c751e8b465ee728b)
Start importing Assets/PolygonFantasyKingdom/Prefabs/House/SM_Bld_House_Supports_03.prefab using Guid(dec1a94140658c74387a821c1d2f6403) Importer(815301076,1909f56bfc062723c751e8b465ee728b) (PreviewImporter) -> (Import Result ID: '1509b0373f0548382370138561570728') in 0.0882854 seconds [static and dynamic dependencies]. Details - ImportResultOutputID=36797e2abfda6d9e86dacf2d8e974dbf DependenciesID=48a48ed1903f81723a5d2790111f7841 StaticDependenciesID=4bed5518de14559a11ca4314ddaef3f5 
Number of updated asset objects reloaded before import = 0Number of asset objects unloaded after import = 15

========================================================================
Received Import Request.
  Time since last request: 0.000042 seconds.
  path: Assets/PolygonFantasyKingdom/Prefabs/House/SM_Bld_House_Stairs_Tall_Railing_02.prefab
  importAddress: Guid(87e847ba7c4ecc0429e0f856b8dfeda7) Importer(815301076,1909f56bfc062723c751e8b465ee728b)
Start importing Assets/PolygonFantasyKingdom/Prefabs/House/SM_Bld_House_Stairs_Tall_Railing_02.prefab using Guid(87e847ba7c4ecc0429e0f856b8dfeda7) Importer(815301076,1909f56bfc062723c751e8b465ee728b) (PreviewImporter) -> (Import Result ID: '46b322034e38e0fdafe414f58f476801') in 0.0772212 seconds [static and dynamic dependencies]. Details - ImportResultOutputID=3184e78501a6825844756c65f85fd1db DependenciesID=b8dfa6f44d5ef4386c179ef637250efb StaticDependenciesID=1715ad2b352aef78b70dfaa8cb1d37ac 
Number of updated asset objects reloaded before import = 0Number of asset objects unloaded after import = 13

========================================================================
Received Import Request.
  Time since last request: 0.000050 seconds.
  path: Assets/PolygonFantasyKingdom/Prefabs/House/SM_Bld_House_Supports_02.prefab
  importAddress: Guid(85c029d0684881d42b1601c3603572fe) Importer(815301076,1909f56bfc062723c751e8b465ee728b)
Start importing Assets/PolygonFantasyKingdom/Prefabs/House/SM_Bld_House_Supports_02.prefab using Guid(85c029d0684881d42b1601c3603572fe) Importer(815301076,1909f56bfc062723c751e8b465ee728b) (PreviewImporter) -> (Import Result ID: 'eedcfd94bd06f2134e17e0a24a7ccb3b') in 0.0725212 seconds [static and dynamic dependencies]. Details - ImportResultOutputID=f327f1dbd9ce27940f7f4c18669c92f9 DependenciesID=ee7299bb400efb8130389cd8b12214e1 StaticDependenciesID=48a82d5dde9d75cd1addef60258f590a 
Number of updated asset objects reloaded before import = 0Number of asset objects unloaded after import = 13

========================================================================
Received Import Request.
  Time since last request: 0.357691 seconds.
  path: Assets/PolygonFantasyKingdom/Prefabs/House/SM_Bld_House_Tower_Angle_Window_02.prefab
  importAddress: Guid(2d76b4f44befb064d938a15f7be028d8) Importer(815301076,1909f56bfc062723c751e8b465ee728b)
Start importing Assets/PolygonFantasyKingdom/Prefabs/House/SM_Bld_House_Tower_Angle_Window_02.prefab using Guid(2d76b4f44befb064d938a15f7be028d8) Importer(815301076,1909f56bfc062723c751e8b465ee728b) (PreviewImporter) -> (Import Result ID: '3064c080913b88e35b628427ef12abf3') in 0.1029437 seconds [static and dynamic dependencies]. Details - ImportResultOutputID=e1690b628bd9349d59cc9a0a600c1d93 DependenciesID=f335cc268df6d0254fc15f61afa2a073 StaticDependenciesID=413b436db58f9bb7ab50ac5880e2ae60 
Number of updated asset objects reloaded before import = 0Number of asset objects unloaded after import = 27

========================================================================
Received Import Request.
  Time since last request: 0.000061 seconds.
  path: Assets/PolygonFantasyKingdom/Prefabs/House/SM_Bld_House_Tower_Door_01.prefab
  importAddress: Guid(e0413bf18b411ce4a87c17d370afd3c3) Importer(815301076,1909f56bfc062723c751e8b465ee728b)
Start importing Assets/PolygonFantasyKingdom/Prefabs/House/SM_Bld_House_Tower_Door_01.prefab using Guid(e0413bf18b411ce4a87c17d370afd3c3) Importer(815301076,1909f56bfc062723c751e8b465ee728b) (PreviewImporter) -> (Import Result ID: 'c1b9590af4bf36006b08aca614fcbe39') in 0.0869994 seconds [static and dynamic dependencies]. Details - ImportResultOutputID=acaa47964566d5289a9ff297e0c4c864 DependenciesID=7061a3adcab7d516d4ce5894f69daab7 StaticDependenciesID=c9d069e5715e957c61d6e8e4cb1c9ba4 
Number of updated asset objects reloaded before import = 0Number of asset objects unloaded after import = 19

========================================================================
Received Import Request.
  Time since last request: 0.000051 seconds.
  path: Assets/PolygonFantasyKingdom/Prefabs/House/SM_Bld_House_Tower_Angle_Window_05.prefab
  importAddress: Guid(50f5cfb8dc0d9a640b9f90ee51563b17) Importer(815301076,1909f56bfc062723c751e8b465ee728b)
Start importing Assets/PolygonFantasyKingdom/Prefabs/House/SM_Bld_House_Tower_Angle_Window_05.prefab using Guid(50f5cfb8dc0d9a640b9f90ee51563b17) Importer(815301076,1909f56bfc062723c751e8b465ee728b) (PreviewImporter) -> (Import Result ID: 'afdfb9dadc83f5d393db48736e27ce8f') in 0.0739932 seconds [static and dynamic dependencies]. Details - ImportResultOutputID=2f65b679560d7878f9c2b891fffee0e5 DependenciesID=60c8b810fa41196289492a424241f6b6 StaticDependenciesID=4399361fce2c9a15571a611f79499a0a 
Number of updated asset objects reloaded before import = 0Number of asset objects unloaded after import = 27

========================================================================
Received Import Request.
  Time since last request: 0.764404 seconds.
  path: Assets/PolygonFantasyKingdom/Prefabs/House/SM_Bld_House_Tower_Stone_02.prefab
  importAddress: Guid(9826f5dda556f7d4b925ef3c4026a7d6) Importer(815301076,1909f56bfc062723c751e8b465ee728b)
Start importing Assets/PolygonFantasyKingdom/Prefabs/House/SM_Bld_House_Tower_Stone_02.prefab using Guid(9826f5dda556f7d4b925ef3c4026a7d6) Importer(815301076,1909f56bfc062723c751e8b465ee728b) (PreviewImporter) -> (Import Result ID: '38a9119cbe2f4e61cd86decd66259968') in 0.1275167 seconds [static and dynamic dependencies]. Details - ImportResultOutputID=78946ecda5164bbe8663561aac9e256a DependenciesID=0f16e41b08e67e0344e5d37ac8216dcd StaticDependenciesID=d2636538ea40ed875accb630025f5c09 
Number of updated asset objects reloaded before import = 0Number of asset objects unloaded after import = 13

========================================================================
Received Import Request.
  Time since last request: 0.000038 seconds.
  path: Assets/PolygonFantasyKingdom/Prefabs/House/SM_Bld_House_Wall_Angle_Flooring_01.prefab
  importAddress: Guid(cc0287fe67522844ea30f5fcdbebcb8b) Importer(815301076,1909f56bfc062723c751e8b465ee728b)
Start importing Assets/PolygonFantasyKingdom/Prefabs/House/SM_Bld_House_Wall_Angle_Flooring_01.prefab using Guid(cc0287fe67522844ea30f5fcdbebcb8b) Importer(815301076,1909f56bfc062723c751e8b465ee728b) (PreviewImporter) -> (Import Result ID: '30e5b0b99bf88b2c6290ada47effe625') in 0.1018321 seconds [static and dynamic dependencies]. Details - ImportResultOutputID=cd2059295e68576c62cb0fc1c6ed9b30 DependenciesID=fbfc1c4e0c9c55aef15212153081fc10 StaticDependenciesID=0f559bf68ed6ba6d1c8033f988c3ec93 
Number of updated asset objects reloaded before import = 0Number of asset objects unloaded after import = 13

========================================================================
Received Import Request.
  Time since last request: 0.000048 seconds.
  path: Assets/PolygonFantasyKingdom/Prefabs/House/SM_Bld_House_Wall_02.prefab
  importAddress: Guid(41531d05e9919864295e7e83995a066a) Importer(815301076,1909f56bfc062723c751e8b465ee728b)
Start importing Assets/PolygonFantasyKingdom/Prefabs/House/SM_Bld_House_Wall_02.prefab using Guid(41531d05e9919864295e7e83995a066a) Importer(815301076,1909f56bfc062723c751e8b465ee728b) (PreviewImporter) -> (Import Result ID: 'f7b70598e7301c929e5fe33a6cec4a04') in 0.093218 seconds [static and dynamic dependencies]. Details - ImportResultOutputID=f2d2c86878e23d06e649d501d5f83326 DependenciesID=addb5e67819e2ff1f251d110333fb959 StaticDependenciesID=63dd8c8c6562fd9d0549becf4ec4e0fd 
Number of updated asset objects reloaded before import = 0Number of asset objects unloaded after import = 13

========================================================================
Received Import Request.
  Time since last request: 0.000054 seconds.
  path: Assets/PolygonFantasyKingdom/Prefabs/House/SM_Bld_House_Wall_Cut_03.prefab
  importAddress: Guid(4e8ac0db1b3d56f41ba2e32ece1b4c33) Importer(815301076,1909f56bfc062723c751e8b465ee728b)
Start importing Assets/PolygonFantasyKingdom/Prefabs/House/SM_Bld_House_Wall_Cut_03.prefab using Guid(4e8ac0db1b3d56f41ba2e32ece1b4c33) Importer(815301076,1909f56bfc062723c751e8b465ee728b) (PreviewImporter) -> (Import Result ID: '5de978b0825629ce9a6b528ad5078504') in 0.0939273 seconds [static and dynamic dependencies]. Details - ImportResultOutputID=b3f6d9c54e076bf524c474f8a8b17d72 DependenciesID=826e5a6e4ac5747f5d5bda0e1a591964 StaticDependenciesID=cd31bfc3acac8e38dd9a5d33042b42ea 
Number of updated asset objects reloaded before import = 0Number of asset objects unloaded after import = 13

========================================================================
Received Import Request.
  Time since last request: 0.282656 seconds.
  path: Assets/PolygonFantasyKingdom/Prefabs/House/SM_Bld_House_Wall_Cut_Window_02.prefab
  importAddress: Guid(894bb9b9ff177ad438cf1a1fededfb9c) Importer(815301076,1909f56bfc062723c751e8b465ee728b)
Start importing Assets/PolygonFantasyKingdom/Prefabs/House/SM_Bld_House_Wall_Cut_Window_02.prefab using Guid(894bb9b9ff177ad438cf1a1fededfb9c) Importer(815301076,1909f56bfc062723c751e8b465ee728b) (PreviewImporter) -> (Import Result ID: 'f95061c44cf84e854ab96bc65635b22b') in 0.1239996 seconds [static and dynamic dependencies]. Details - ImportResultOutputID=9cb77778b646b8d47f60c59d4aac2b0a DependenciesID=80554c30f593f43b0677ba18f0eb3b79 StaticDependenciesID=04da2370d631e5e49fdaf25299c00959 
Number of updated asset objects reloaded before import = 0Number of asset objects unloaded after import = 19

========================================================================
Received Import Request.
  Time since last request: 0.000049 seconds.
  path: Assets/PolygonFantasyKingdom/Prefabs/House/SM_Bld_House_Wall_Half_02.prefab
  importAddress: Guid(22bf6d47d1728bc43ac6a6571302fe25) Importer(815301076,1909f56bfc062723c751e8b465ee728b)
Start importing Assets/PolygonFantasyKingdom/Prefabs/House/SM_Bld_House_Wall_Half_02.prefab using Guid(22bf6d47d1728bc43ac6a6571302fe25) Importer(815301076,1909f56bfc062723c751e8b465ee728b) (PreviewImporter) -> (Import Result ID: '7fb4722ad91876240eb371c28c093258') in 0.1023998 seconds [static and dynamic dependencies]. Details - ImportResultOutputID=dbbfbaaea9048c054f8e21cc318e4184 DependenciesID=9b2c1be31f3a9443942a8bedabfd977e StaticDependenciesID=e9057f8d1f28b056ca32835609499b50 
Number of updated asset objects reloaded before import = 0Number of asset objects unloaded after import = 13

========================================================================
Received Import Request.
  Time since last request: 0.843393 seconds.
  path: Assets/PolygonFantasyKingdom/Prefabs/House/SM_Bld_House_Wall_Half_Height_Window_01.prefab
  importAddress: Guid(dcb056fee17f1514dbd079dc3512d36b) Importer(815301076,1909f56bfc062723c751e8b465ee728b)
Start importing Assets/PolygonFantasyKingdom/Prefabs/House/SM_Bld_House_Wall_Half_Height_Window_01.prefab using Guid(dcb056fee17f1514dbd079dc3512d36b) Importer(815301076,1909f56bfc062723c751e8b465ee728b) (PreviewImporter) -> (Import Result ID: 'e8fef961de8f72939a975c59160ca22a') in 0.1163993 seconds [static and dynamic dependencies]. Details - ImportResultOutputID=e47d393436be914b35f51c4d5990a7cf DependenciesID=510b2f4f5e5487def3541914e71d6928 StaticDependenciesID=807e9372e1347e438c7654a5430d8fc3 
Number of updated asset objects reloaded before import = 0Number of asset objects unloaded after import = 19

========================================================================
Received Import Request.
  Time since last request: 0.000039 seconds.
  path: Assets/PolygonFantasyKingdom/Prefabs/House/SM_Bld_House_Wall_Peak_03.prefab
  importAddress: Guid(6e9a40d7edcac8440ad113f6e6af6959) Importer(815301076,1909f56bfc062723c751e8b465ee728b)
Start importing Assets/PolygonFantasyKingdom/Prefabs/House/SM_Bld_House_Wall_Peak_03.prefab using Guid(6e9a40d7edcac8440ad113f6e6af6959) Importer(815301076,1909f56bfc062723c751e8b465ee728b) (PreviewImporter) -> (Import Result ID: '897543429a03c6d17bc394c934f53189') in 0.0778241 seconds [static and dynamic dependencies]. Details - ImportResultOutputID=1ad102af8d2ebc322da6d73cc3fa98d9 DependenciesID=d0b91963b039b920111577ab8df3705e StaticDependenciesID=40d0d4199cae7f603a698af5eeae0223 
Number of updated asset objects reloaded before import = 0Number of asset objects unloaded after import = 13

========================================================================
Received Import Request.
  Time since last request: 0.297061 seconds.
  path: Assets/PolygonFantasyKingdom/Prefabs/House/SM_Bld_House_Wall_Peak_Window_01.prefab
  importAddress: Guid(d01830697032ff54aa28ea10c05eee6a) Importer(815301076,1909f56bfc062723c751e8b465ee728b)
Start importing Assets/PolygonFantasyKingdom/Prefabs/House/SM_Bld_House_Wall_Peak_Window_01.prefab using Guid(d01830697032ff54aa28ea10c05eee6a) Importer(815301076,1909f56bfc062723c751e8b465ee728b) (PreviewImporter) -> (Import Result ID: '10a9aceb6120fde8d6eed88944343cf7') in 0.1211658 seconds [static and dynamic dependencies]. Details - ImportResultOutputID=5dfa94f39f379df055996e55dc24ab45 DependenciesID=dd434a08fdfef9e57381b69abe8fe3fd StaticDependenciesID=04d87297bf0a5b4e133edde29de0b6ed 
Number of updated asset objects reloaded before import = 0Number of asset objects unloaded after import = 19

========================================================================
Received Import Request.
  Time since last request: 0.000039 seconds.
  path: Assets/PolygonFantasyKingdom/Prefabs/House/SM_Bld_House_Wall_SupportBeams_02.prefab
  importAddress: Guid(f24c1a582e0c8fa4aabc0f1d1c3c28ed) Importer(815301076,1909f56bfc062723c751e8b465ee728b)
Start importing Assets/PolygonFantasyKingdom/Prefabs/House/SM_Bld_House_Wall_SupportBeams_02.prefab using Guid(f24c1a582e0c8fa4aabc0f1d1c3c28ed) Importer(815301076,1909f56bfc062723c751e8b465ee728b) (PreviewImporter) -> (Import Result ID: '5cca92f5e3b8e929f071f75a17fa9d44') in 0.1017252 seconds [static and dynamic dependencies]. Details - ImportResultOutputID=60995aef5dbb9f6402156317489f2db1 DependenciesID=0a4f65d0b8a038fee0b3e068a36c90cc StaticDependenciesID=26204566413b8ea66ea83090af06e09b 
Number of updated asset objects reloaded before import = 0Number of asset objects unloaded after import = 13

========================================================================
Received Import Request.
  Time since last request: 0.000107 seconds.
  path: Assets/PolygonFantasyKingdom/Prefabs/House/SM_Bld_House_Wall_Peak_Window_04.prefab
  importAddress: Guid(3fe2cdd3e760cf549ba0b36758849a4e) Importer(815301076,1909f56bfc062723c751e8b465ee728b)
Start importing Assets/PolygonFantasyKingdom/Prefabs/House/SM_Bld_House_Wall_Peak_Window_04.prefab using Guid(3fe2cdd3e760cf549ba0b36758849a4e) Importer(815301076,1909f56bfc062723c751e8b465ee728b) (PreviewImporter) -> (Import Result ID: 'cde866d7c6dda718dea83e1fdde6a683') in 0.1016821 seconds [static and dynamic dependencies]. Details - ImportResultOutputID=b5cf9982c1bab34f5dbfb03c665a45ab DependenciesID=5008242d2afdfc1eca0b34f8a863aa21 StaticDependenciesID=9670e3dcf17c9bfe23f06628d09593b0 
Number of updated asset objects reloaded before import = 0Number of asset objects unloaded after import = 19

========================================================================
Received Import Request.
  Time since last request: 0.000040 seconds.
  path: Assets/PolygonFantasyKingdom/Prefabs/House/SM_Bld_House_Wall_SupportBeams_03.prefab
  importAddress: Guid(d4108335309ad5f468fc9c379230352c) Importer(815301076,1909f56bfc062723c751e8b465ee728b)
Start importing Assets/PolygonFantasyKingdom/Prefabs/House/SM_Bld_House_Wall_SupportBeams_03.prefab using Guid(d4108335309ad5f468fc9c379230352c) Importer(815301076,1909f56bfc062723c751e8b465ee728b) (PreviewImporter) -> (Import Result ID: '11a2c5a9a6395f03dba92cd2f1e14d1d') in 0.0786326 seconds [static and dynamic dependencies]. Details - ImportResultOutputID=fcb3b795a438e1f1b8366442dfb2055e DependenciesID=186e1ae48441b9030daebd47d587d871 StaticDependenciesID=59dc187d6c016bf8ad8467b25dad4719 
Number of updated asset objects reloaded before import = 0Number of asset objects unloaded after import = 13

========================================================================
Received Import Request.
  Time since last request: 0.187345 seconds.
  path: Assets/PolygonFantasyKingdom/Prefabs/House/SM_Bld_House_Wall_WindowBox_01.prefab
  importAddress: Guid(ba7adb37abb3d2d4fa5a93bc69beef5b) Importer(815301076,1909f56bfc062723c751e8b465ee728b)
Start importing Assets/PolygonFantasyKingdom/Prefabs/House/SM_Bld_House_Wall_WindowBox_01.prefab using Guid(ba7adb37abb3d2d4fa5a93bc69beef5b) Importer(815301076,1909f56bfc062723c751e8b465ee728b) (PreviewImporter) -> (Import Result ID: 'cee1f319254c053c4a736f002c0257c4') in 0.1201497 seconds [static and dynamic dependencies]. Details - ImportResultOutputID=e9d92b8caa929f57daca8db6b7dd6afa DependenciesID=61218ce162e9a8b83cdacc69d1a97c12 StaticDependenciesID=315c718c8ca7599c9bec6d1c7dcf7a9a 
Number of updated asset objects reloaded before import = 0Number of asset objects unloaded after import = 19

========================================================================
Received Import Request.
  Time since last request: 0.000072 seconds.
  path: Assets/PolygonFantasyKingdom/Prefabs/House/SM_Bld_House_Wall_WindowBox_04.prefab
  importAddress: Guid(bae6eba1eaa585d4ba6b5020e60973b7) Importer(815301076,1909f56bfc062723c751e8b465ee728b)
Start importing Assets/PolygonFantasyKingdom/Prefabs/House/SM_Bld_House_Wall_WindowBox_04.prefab using Guid(bae6eba1eaa585d4ba6b5020e60973b7) Importer(815301076,1909f56bfc062723c751e8b465ee728b) (PreviewImporter) -> (Import Result ID: '41b65423233e87b9d9a30e4320295f6a') in 0.1013773 seconds [static and dynamic dependencies]. Details - ImportResultOutputID=286fddb7436e6493659bbc7e12f82ad7 DependenciesID=818e7140e6b0accc54cab3262310bb99 StaticDependenciesID=e1a5ff9b1dcf0e3b6578d1b5f744d2cc 
Number of updated asset objects reloaded before import = 0Number of asset objects unloaded after import = 19

========================================================================
Received Import Request.
  Time since last request: 0.258626 seconds.
  path: Assets/PolygonFantasyKingdom/Prefabs/House/SM_Bld_House_WoodBeam_01.prefab
  importAddress: Guid(965791a6a06b9ef459fb58c8a0ce2d30) Importer(815301076,1909f56bfc062723c751e8b465ee728b)
Start importing Assets/PolygonFantasyKingdom/Prefabs/House/SM_Bld_House_WoodBeam_01.prefab using Guid(965791a6a06b9ef459fb58c8a0ce2d30) Importer(815301076,1909f56bfc062723c751e8b465ee728b) (PreviewImporter) -> (Import Result ID: '9d6c87906e38798402ced547748d6cef') in 0.1322214 seconds [static and dynamic dependencies]. Details - ImportResultOutputID=0e8abe0bbc5f1aa4467ca03b7499ca4b DependenciesID=a05ef6c6cfed00b52730d8d6595d5d48 StaticDependenciesID=e76f21bd0a9eb9050172951a932dc645 
Number of updated asset objects reloaded before import = 0Number of asset objects unloaded after import = 13

Editor requested this worker to shutdown with reason: Scaling down because of idle timeout
AssetImportWorker is now disconnected from the server
Process exiting
Exiting without the bug reporter. Application will terminate with return code 0