[Licensing::Module] Trying to connect to existing licensing client channel...
Built from '6000.4/staging' branch; Version is '6000.4.10f1 (feeafc12a938) revision 16706300'; Using compiler version '194234433'; Build Type 'Release'
OS: 'Windows 11  (10.0.26200) Core' Language: 'en' Physical Memory: 32189 MB
[Licensing::IpcConnector] Successfully connected to: "LicenseClient-chris" at "2026-09-12T16:57:57.7479122Z"
BatchMode: 1, IsHumanControllingUs: 0, StartBugReporterOnCrash: 0, Is64bit: 1
System  architecture: x64
Process architecture: x64
Date: 2026-09-12T16:57:57Z

COMMAND LINE ARGUMENTS:
C:\Program Files\Unity\Hub\Editor\6000.4.10f1\Editor\Unity.exe
-adb2
-batchMode
-noUpm
-name
AssetImportWorker16
-projectPath
C:/Users/chris/Documents/VSCODEPROJECTS/REPOS/MuckedUp
-logFile
Logs/AssetImportWorker16.log
-srvPort
58741
-licensingIpc
LicenseClient-chris
-force-d3d12
-job-worker-count
7
-background-job-worker-count
8
-gc-helper-count
1
-name
AssetImport
Successfully changed project path to: C:/Users/chris/Documents/VSCODEPROJECTS/REPOS/MuckedUp
C:/Users/chris/Documents/VSCODEPROJECTS/REPOS/MuckedUp
[UnityMemory] Configuration Parameters - Can be set up in boot.config
    "memorysetup-temp-allocator-size-gi-baking-worker=262144"
    "memorysetup-temp-allocator-size-gi-baking-worker=262144"
    "memorysetup-temp-allocator-size-gi-baking-worker=262144"
    "memorysetup-temp-allocator-size-gi-baking-worker=262144"
    "memorysetup-temp-allocator-size-gi-baking-worker=262144"
    "memorysetup-temp-allocator-size-nav-mesh-worker=65536"
    "memorysetup-temp-allocator-size-audio-worker=65536"
    "memorysetup-temp-allocator-size-cloud-worker=32768"
    "memorysetup-temp-allocator-size-gfx=262144"
    "memorysetup-temp-allocator-size-preload-manager=33554432"
    "memorysetup-temp-allocator-size-job-worker=262144"
    "memorysetup-temp-allocator-size-background-worker=32768"
    "memorysetup-allocator-temp-initial-block-size-main=262144"
    "memorysetup-allocator-temp-initial-block-size-worker=262144"
    "memorysetup-bucket-allocator-granularity=16"
    "memorysetup-bucket-allocator-bucket-count=8"
    "memorysetup-bucket-allocator-block-size=33554432"
    "memorysetup-bucket-allocator-block-count=8"
    "memorysetup-main-allocator-block-size=16777216"
    "memorysetup-thread-allocator-block-size=16777216"
    "memorysetup-gfx-main-allocator-block-size=16777216"
    "memorysetup-gfx-thread-allocator-block-size=16777216"
    "memorysetup-cache-allocator-block-size=4194304"
    "memorysetup-typetree-allocator-block-size=2097152"
    "memorysetup-profiler-bucket-allocator-granularity=16"
    "memorysetup-profiler-bucket-allocator-bucket-count=8"
    "memorysetup-profiler-bucket-allocator-block-size=33554432"
    "memorysetup-profiler-bucket-allocator-block-count=8"
    "memorysetup-profiler-allocator-block-size=16777216"
    "memorysetup-profiler-editor-allocator-block-size=1048576"
    "memorysetup-temp-allocator-size-main=16777216"
    "memorysetup-job-temp-allocator-block-size=2097152"
    "memorysetup-job-temp-allocator-block-size-background=1048576"
    "memorysetup-job-temp-allocator-reduction-small-platforms=262144"
Player connection [22804]  Target information:

Player connection [22804]  * "[IP] 192.168.4.28 [Port] 0 [Flags] 2 [Guid] 373301253 [EditorId] 373301253 [Version] 1048832 [Id] WindowsEditor(7,Asus-Z-2) [Debug] 1 [PackageName] WindowsEditor [ProjectName] Editor" 

Player connection [22804] Host joined multi-casting on [225.0.0.222:54997]...
Player connection [22804] Host joined alternative multi-casting on [225.0.0.222:34997]...
JobSystem: Creating JobQueue using job-worker-count value 7
Input System module state changed to: Initialized.
[Physics::Module] Initialized fallback backend.
[Physics::Module] Id: 0xdecafbad
Library Redirect Path: Library/
[Physics::Module] Selected backend.
[Physics::Module] Name: PhysX
[Physics::Module] Id: 0xf2b8ea05
[Physics::Module] SDK Version: 4.1.2
[Physics::Module] Integration Version: 1.0.0
[Physics::Module] Threading Mode: Multi-Threaded
Refreshing native plugins compatible for Editor in 30.40 ms, found 6 plugins.
Preloading 1 native plugins for Editor in 4.78 ms.
Initialize engine version: 6000.4.10f1 (feeafc12a938)
[Subsystems] Discovering subsystems at path C:/Program Files/Unity/Hub/Editor/6000.4.10f1/Editor/Data/Resources/UnitySubsystems
[Subsystems] Discovering subsystems at path C:/Users/chris/Documents/VSCODEPROJECTS/REPOS/MuckedUp/Assets
Forcing GfxDevice: Direct3D 12
GfxDevice: creating device client; kGfxThreadingModeNonThreaded
d3d12: failed to query info queue interface (0x80004002).
Direct3D:
    Version:         Direct3D 12 [level 12.2]
    Renderer:        NVIDIA GeForce RTX 5080 Laptop GPU (ID=0x2c59)
    Vendor:          NVIDIA
    VRAM:            16003 MB
    App VRAM Budget: 15235 MB
    Driver:          32.0.16.1088
Initialize mono
Mono path[0] = 'C:/Program Files/Unity/Hub/Editor/6000.4.10f1/Editor/Data/Managed'
Mono path[1] = 'C:/Program Files/Unity/Hub/Editor/6000.4.10f1/Editor/Data/MonoBleedingEdge/lib/mono/unityjit-win32'
Mono config path = 'C:/Program Files/Unity/Hub/Editor/6000.4.10f1/Editor/Data/MonoBleedingEdge/etc'
Using monoOptions --debugger-agent=transport=dt_socket,embedding=1,server=y,suspend=n,address=127.0.0.1:56304
CodeReloadManager initialized
Begin MonoManager ReloadAssembly
Registering precompiled unity dll's ...
Register platform support module: C:/Program Files/Unity/Hub/Editor/6000.4.10f1/Editor/Data/PlaybackEngines/WebGLSupport/UnityEditor.WebGL.Extensions.dll
Register platform support module: C:/Program Files/Unity/Hub/Editor/6000.4.10f1/Editor/Data/PlaybackEngines/WindowsStandaloneSupport/UnityEditor.WindowsStandalone.Extensions.dll
Registered in 0.003883 seconds.
[Licensing::Client] Error: HandshakeResponse reported an error:
	ResponseCode: 505
	ResponseStatus: Unsupported protocol version '1.18.1'.
[Licensing::Module] Error: Failed to handshake to channel: "LicenseClient-chris"
[Licensing::IpcConnector] LicenseClient-chris channel disconnected successfully.
[Licensing::IpcConnector] Successfully connected to: "LicenseClient-chris-6000.4.10" at "2026-09-12T16:57:59.9995316Z"
[Licensing::Client] Code 10 while verifying Licensing Client signature (process Id: 1772, path: "C:/Program Files/Unity/Hub/Editor/6000.4.10f1/Editor/Data/Resources/Licensing/Client/Unity.Licensing.Client.exe")
[Licensing::Module] LicensingClient has failed validation; ignoring
[Licensing::Client] Handshaking with LicensingClient:
  Version:                 1.18.1+9fbee8e
  Session Id:              0b118a74e79243e9bed062dac1b3f806
  Correlation Id:          fd51f5d1309bfe5155c680cfca751b39
  External correlation Id: 8341318852819397771
  Machine Id:              qjKs8DFrk8EBF4sOshQ983V5ek0=
[Licensing::Module] Successfully connected to LicensingClient on channel: "LicenseClient-chris-6000.4.10" (connect: 0.00s, validation: 0.00s, handshake: 0.01s)
[Licensing::IpcConnector] Successfully connected to: "LicenseClient-chris-6000.4.10-notifications" at "2026-09-12T16:58:00.0131356Z"
[Licensing::Module] Licensing Background thread has ended after 2.27s
Native extension for WindowsStandalone target not found
Native extension for WebGL target not found
Package Manager log level set to [2]
[Package Manager] Failed to launch server process. Reason: Unity was launched with the -noUpm command-line argument
[Package Manager] Unable to send message (not connected to server process).
[Package Manager] Cannot connect to Unity Package Manager local server
ScheduleIndexationOnStartup MainProcess:False IndexOnStartup:True
Mono: successfully reloaded assembly
- Finished resetting the current domain, in  0.575 seconds
Domain Reload Profiling: 1311ms
	BeginReloadAssembly (202ms)
	RebuildCommonClasses (57ms)
	RebuildNativeTypeToScriptingClass (21ms)
	initialDomainReloadingComplete (108ms)
	LoadAllAssembliesAndSetupDomain (343ms)
		LoadAssemblies (197ms)
		AnalyzeDomain (327ms)
			TypeCache.Refresh (326ms)
				TypeCache.ScanAssembly (301ms)
	FinalizeReload (579ms)
		SetupLoadedEditorAssemblies (0ms)
			InitializePlatformSupportModulesInManaged (75ms)
			BeforeProcessingInitializeOnLoad (115ms)
			ProcessInitializeOnLoadAttributes (134ms)
			ProcessInitializeOnLoadMethodAttributes (117ms)
========================================================================
Worker process is ready to serve import requests
Import Worker Mode flag is 0x00
Begin MonoManager ReloadAssembly
[Licensing::Client] Successfully resolved entitlement details
[Licensing::Module] License group:
  Id: 1374564138397-UnityPersXXXX
  Product: Unity Personal
  Type: Assigned
  Expiration: Unlimited
Assembly Assembly-CSharp-Editor-firstpass.dll at Library/ScriptAssemblies/Assembly-CSharp-Editor-firstpass.dll not valid. Loading of assembly skipped.
Assembly Assembly-CSharp-firstpass.dll at Library/ScriptAssemblies/Assembly-CSharp-firstpass.dll not valid. Loading of assembly skipped.
Assembly DocCodeExamples.dll at Library/ScriptAssemblies/DocCodeExamples.dll not valid. Loading of assembly skipped.
Assembly GdkToolsEditModeTests.dll at Library/ScriptAssemblies/GdkToolsEditModeTests.dll not valid. Loading of assembly skipped.
Assembly TestNewCustomAssembly.dll at Library/ScriptAssemblies/TestNewCustomAssembly.dll not valid. Loading of assembly skipped.
Assembly Unity.2D.Sprite.Package.EditorTests.dll at Library/ScriptAssemblies/Unity.2D.Sprite.Package.EditorTests.dll not valid. Loading of assembly skipped.
Assembly Unity.2D.Tilemap.Package.EditorTests.dll at Library/ScriptAssemblies/Unity.2D.Tilemap.Package.EditorTests.dll not valid. Loading of assembly skipped.
Assembly Unity.AI.Assistant.Integrations.Sample.Editor.dll at Library/ScriptAssemblies/Unity.AI.Assistant.Integrations.Sample.Editor.dll not valid. Loading of assembly skipped.
Assembly Unity.Analytics.DataPrivacy.Tests.dll at Library/ScriptAssemblies/Unity.Analytics.DataPrivacy.Tests.dll not valid. Loading of assembly skipped.
Assembly Unity.Analytics.StandardEvents.EditorTests.dll at Library/ScriptAssemblies/Unity.Analytics.StandardEvents.EditorTests.dll not valid. Loading of assembly skipped.
Assembly Unity.AppUI.Editor.Tests.dll at Library/ScriptAssemblies/Unity.AppUI.Editor.Tests.dll not valid. Loading of assembly skipped.
Assembly Unity.AppUI.Tests.dll at Library/ScriptAssemblies/Unity.AppUI.Tests.dll not valid. Loading of assembly skipped.
Assembly Unity.Collections.BurstCompatibilityGen.dll at Library/ScriptAssemblies/Unity.Collections.BurstCompatibilityGen.dll not valid. Loading of assembly skipped.
Assembly Unity.Collections.DocCodeSamples.dll at Library/ScriptAssemblies/Unity.Collections.DocCodeSamples.dll not valid. Loading of assembly skipped.
Assembly Unity.Collections.PerformanceTests.dll at Library/ScriptAssemblies/Unity.Collections.PerformanceTests.dll not valid. Loading of assembly skipped.
Assembly Unity.Collections.Tests.dll at Library/ScriptAssemblies/Unity.Collections.Tests.dll not valid. Loading of assembly skipped.
Assembly Unity.Collections.Tests.Playmode.dll at Library/ScriptAssemblies/Unity.Collections.Tests.Playmode.dll not valid. Loading of assembly skipped.
Assembly Unity.Mathematics.Tests.dll at Library/ScriptAssemblies/Unity.Mathematics.Tests.dll not valid. Loading of assembly skipped.
Assembly Unity.Microsoft.GDK.Discovery.EditModeTests.dll at Library/ScriptAssemblies/Unity.Microsoft.GDK.Discovery.EditModeTests.dll not valid. Loading of assembly skipped.
Assembly Unity.Microsoft.GDK.Tests.dll at Library/ScriptAssemblies/Unity.Microsoft.GDK.Tests.dll not valid. Loading of assembly skipped.
Assembly Unity.Multiplayer.Center.Editor.Tests.dll at Library/ScriptAssemblies/Unity.Multiplayer.Center.Editor.Tests.dll not valid. Loading of assembly skipped.
Assembly Unity.Multiplayer.Center.Tests.dll at Library/ScriptAssemblies/Unity.Multiplayer.Center.Tests.dll not valid. Loading of assembly skipped.
Assembly Unity.Nuget.Mono-Cecil.dll at Library/ScriptAssemblies/Unity.Nuget.Mono-Cecil.dll not valid. Loading of assembly skipped.
Assembly Unity.Postprocessing.Editor.Tests.dll at Library/ScriptAssemblies/Unity.Postprocessing.Editor.Tests.dll not valid. Loading of assembly skipped.
Assembly Unity.Postprocessing.Runtime.Tests.dll at Library/ScriptAssemblies/Unity.Postprocessing.Runtime.Tests.dll not valid. Loading of assembly skipped.
Assembly Unity.Purchasing.Apple.dll at Library/ScriptAssemblies/Unity.Purchasing.Apple.dll not valid. Loading of assembly skipped.
Assembly Unity.Purchasing.AppleMacos.dll at Library/ScriptAssemblies/Unity.Purchasing.AppleMacos.dll not valid. Loading of assembly skipped.
Assembly Unity.Purchasing.Security.dll at Library/ScriptAssemblies/Unity.Purchasing.Security.dll not valid. Loading of assembly skipped.
Assembly Unity.Purchasing.TransactionVerifier.dll at Library/ScriptAssemblies/Unity.Purchasing.TransactionVerifier.dll not valid. Loading of assembly skipped.
Assembly Unity.TextMeshPro.Editor.Tests.dll at Library/ScriptAssemblies/Unity.TextMeshPro.Editor.Tests.dll not valid. Loading of assembly skipped.
Assembly Unity.TextMeshPro.Tests.dll at Library/ScriptAssemblies/Unity.TextMeshPro.Tests.dll not valid. Loading of assembly skipped.
Assembly UnityEditor.Purchasing.Authoring.dll at Library/ScriptAssemblies/UnityEditor.Purchasing.Authoring.dll not valid. Loading of assembly skipped.
Assembly UnityEditor.Purchasing.Editor.Authoring.Core.dll at Library/ScriptAssemblies/UnityEditor.Purchasing.Editor.Authoring.Core.dll not valid. Loading of assembly skipped.
Assembly UnityEditor.UI.Common.Tests.dll at Library/ScriptAssemblies/UnityEditor.UI.Common.Tests.dll not valid. Loading of assembly skipped.
Assembly UnityEditor.UI.EditorTests.dll at Library/ScriptAssemblies/UnityEditor.UI.EditorTests.dll not valid. Loading of assembly skipped.
Assembly UnityEditor.XR.LegacyInputHelpers.Tests.dll at Library/ScriptAssemblies/UnityEditor.XR.LegacyInputHelpers.Tests.dll not valid. Loading of assembly skipped.
Assembly UnityEngine.Advertisements.Editor.Tests.dll at Library/ScriptAssemblies/UnityEngine.Advertisements.Editor.Tests.dll not valid. Loading of assembly skipped.
Assembly UnityEngine.Advertisements.Tests.dll at Library/ScriptAssemblies/UnityEngine.Advertisements.Tests.dll not valid. Loading of assembly skipped.
Assembly UnityEngine.SpatialTracking.Tests.dll at Library/ScriptAssemblies/UnityEngine.SpatialTracking.Tests.dll not valid. Loading of assembly skipped.
Assembly UnityEngine.UI.Tests.dll at Library/ScriptAssemblies/UnityEngine.UI.Tests.dll not valid. Loading of assembly skipped.
Symbol file LoadedFromMemory is not a mono symbol file
Symbol file LoadedFromMemory is not a mono symbol file
Refreshing native plugins compatible for Editor in 38.50 ms, found 6 plugins.
Native extension for WindowsStandalone target not found
Native extension for WebGL target not found
[Package Manager] Failed to launch server process. Reason: Unity was launched with the -noUpm command-line argument
[Package Manager] Unable to send message (not connected to server process).
[Package Manager] Cannot connect to Unity Package Manager local server
Refreshing native plugins compatible for Editor in 35.35 ms, found 6 plugins.
[Package Manager] Failed to launch server process. Reason: Unity was launched with the -noUpm command-line argument
[Package Manager] Unable to send message (not connected to server process).
[Package Manager] Cannot connect to Unity Package Manager local server
[Licensing::Client] Error: Code 404 while processing request (status: Found 0 entitlement groups and 0 free entitlements matching requested entitlement ids)
ScheduleIndexationOnStartup MainProcess:False IndexOnStartup:True
Mono: successfully reloaded assembly
- Finished resetting the current domain, in  3.178 seconds
Domain Reload Profiling: 5158ms
	BeginReloadAssembly (306ms)
		DisableScriptedObjects (7ms)
		CreateAndSetChildDomain (59ms)
	RebuildCommonClasses (57ms)
	RebuildNativeTypeToScriptingClass (26ms)
	initialDomainReloadingComplete (194ms)
	LoadAllAssembliesAndSetupDomain (1398ms)
		LoadAssemblies (842ms)
		AnalyzeDomain (714ms)
			TypeCache.Refresh (570ms)
				TypeCache.ScanAssembly (528ms)
			BuildScriptInfoCaches (127ms)
			ResolveRequiredComponents (13ms)
	FinalizeReload (3179ms)
		SetupLoadedEditorAssemblies (0ms)
			InitializePlatformSupportModulesInManaged (5ms)
			BeforeProcessingInitializeOnLoad (319ms)
			ProcessInitializeOnLoadAttributes (2028ms)
			ProcessInitializeOnLoadMethodAttributes (524ms)
			AfterProcessingInitializeOnLoad (9ms)
		AwakeInstancesAfterBackupRestoration (12ms)
Launched and connected shader compiler UnityShaderCompiler.exe after 0.07 seconds
Refreshing native plugins compatible for Editor in 22.82 ms, found 6 plugins.
Unloading 57 Unused Serialized files (Serialized files now loaded: 0)
Unloading 9062 unused Assets / (18.1 MB). Loaded Objects now: 9643.
Memory consumption went from 193.0 MB to 174.9 MB.
Total: 33.906800 ms (FindLiveObjects: 1.748500 ms CreateObjectMapping: 1.682600 ms MarkObjects: 22.160900 ms  DeleteObjects: 8.309100 ms)

========================================================================
Received Import Request.
  Time since last request: 8407.442999 seconds.
  path: Assets/Material/Furnace.mat
  importAddress: Guid(b4c2dae235bd9584ebd423d21581f21a) Importer(815301076,1909f56bfc062723c751e8b465ee728b)
Start importing Assets/Material/Furnace.mat using Guid(b4c2dae235bd9584ebd423d21581f21a) Importer(815301076,1909f56bfc062723c751e8b465ee728b) (PreviewImporter) -> (Import Result ID: '74d2ad6d41623b4744adf83313fa312f') in 0.3343454 seconds [static and dynamic dependencies]. Details - ImportResultOutputID=eb252e9ee799e020848959f4ff6f1308 DependenciesID=43dc3e401e768391f9252a830aa8fdaa StaticDependenciesID=87a0188da5d3ba3f35c10d43d4e43207 
Number of updated asset objects reloaded before import = 0Number of asset objects unloaded after import = 4

========================================================================
Received Import Request.
  Time since last request: 7.131821 seconds.
  path: Assets/PolygonFantasyKingdom/Prefabs/Props/BattleGround/SM_Prop_Camp_Stove_01.prefab
  importAddress: Guid(102790b790659124bbd66fe36a141e32) Importer(815301076,1909f56bfc062723c751e8b465ee728b)
Start importing Assets/PolygonFantasyKingdom/Prefabs/Props/BattleGround/SM_Prop_Camp_Stove_01.prefab using Guid(102790b790659124bbd66fe36a141e32) Importer(815301076,1909f56bfc062723c751e8b465ee728b) (PreviewImporter) -> (Import Result ID: 'c279ed1c2ab3d29f70b046e272985184') in 0.1255497 seconds [static and dynamic dependencies]. Details - ImportResultOutputID=f036d21e94e57c72d9afac0b41952aec DependenciesID=e5c91f65ec8e88c961afbf2709e683f6 StaticDependenciesID=5dfbd2b2fee955a4d8f44cbd9346aff6 
Number of updated asset objects reloaded before import = 0Number of asset objects unloaded after import = 13

========================================================================
Received Import Request.
  Time since last request: 0.000042 seconds.
  path: Assets/PolygonFantasyKingdom/Models/SM_Prop_Stove_01.fbx
  importAddress: Guid(d466621ff7bea7e4fbc0a6d9250b19eb) Importer(815301076,1909f56bfc062723c751e8b465ee728b)
Start importing Assets/PolygonFantasyKingdom/Models/SM_Prop_Stove_01.fbx using Guid(d466621ff7bea7e4fbc0a6d9250b19eb) Importer(815301076,1909f56bfc062723c751e8b465ee728b) (PreviewImporter) -> (Import Result ID: '966723cdd04a2130515b470d9f83d586') in 0.1351192 seconds [static and dynamic dependencies]. Details - ImportResultOutputID=1d5de4c833246e135a7dc128826fe95f DependenciesID=9e795fe54f06d296af9c7bac10c75bf9 StaticDependenciesID=a0d00efb8c87c13fde98bdfc58080509 
Number of updated asset objects reloaded before import = 0Number of asset objects unloaded after import = 12

========================================================================
Received Import Request.
  Time since last request: 0.000071 seconds.
  path: Assets/PolygonFantasyKingdom/Models/Convex/SM_Prop_Camp_Stove_01_Convex.asset
  importAddress: Guid(46d6b2fe0b33de54dba7b5142920179e) Importer(815301076,1909f56bfc062723c751e8b465ee728b)
Start importing Assets/PolygonFantasyKingdom/Models/Convex/SM_Prop_Camp_Stove_01_Convex.asset using Guid(46d6b2fe0b33de54dba7b5142920179e) Importer(815301076,1909f56bfc062723c751e8b465ee728b) (PreviewImporter) -> (Import Result ID: '297331085b06cd2c5a2d52edc13f92e9') in 0.019398 seconds [static and dynamic dependencies]. Details - ImportResultOutputID=2185e7c7102c498e0d1a2139f6a121e4 DependenciesID=acf319fd6effae4c7fbdeb9df91fa5eb StaticDependenciesID=a7021b872d3c4bd977dab71ef04be003 
Number of updated asset objects reloaded before import = 0Number of asset objects unloaded after import = 2

========================================================================
Received Import Request.
  Time since last request: 0.000127 seconds.
  path: Assets/PolygonFantasyKingdom/Models/SM_Prop_Camp_Stove_02.fbx
  importAddress: Guid(60e444f4f973b1d4d8f7ac8bd3f534ad) Importer(815301076,1909f56bfc062723c751e8b465ee728b)
Start importing Assets/PolygonFantasyKingdom/Models/SM_Prop_Camp_Stove_02.fbx using Guid(60e444f4f973b1d4d8f7ac8bd3f534ad) Importer(815301076,1909f56bfc062723c751e8b465ee728b) (PreviewImporter) -> (Import Result ID: '7f66410420ec515d35b86c36e8a9b681') in 0.0539697 seconds [static and dynamic dependencies]. Details - ImportResultOutputID=e1e4808d3e4c0469d119d47538739675 DependenciesID=76e73e13ed81d0ea2022f8843d154c45 StaticDependenciesID=2bab6090c815df4e42edccb54227f717 
Number of updated asset objects reloaded before import = 0Number of asset objects unloaded after import = 7

========================================================================
Received Import Request.
  Time since last request: 0.000041 seconds.
  path: Assets/PolygonFantasyKingdom/Models/Convex/SM_Prop_Camp_Stove_02_Convex.asset
  importAddress: Guid(65ceaa2fc60af444da587621fab09b46) Importer(815301076,1909f56bfc062723c751e8b465ee728b)
Start importing Assets/PolygonFantasyKingdom/Models/Convex/SM_Prop_Camp_Stove_02_Convex.asset using Guid(65ceaa2fc60af444da587621fab09b46) Importer(815301076,1909f56bfc062723c751e8b465ee728b) (PreviewImporter) -> (Import Result ID: '4a4705e8206926f3d67552bb063b9bd8') in 0.0186169 seconds [static and dynamic dependencies]. Details - ImportResultOutputID=45f3ade47a16dcddf80845540cd9f7e1 DependenciesID=58e0a9bcd62145e8e8924d3bd24951dc StaticDependenciesID=0ad76f334eb37943af92da34d2c43a03 
Number of updated asset objects reloaded before import = 0Number of asset objects unloaded after import = 2

========================================================================
Received Import Request.
  Time since last request: 0.000034 seconds.
  path: Assets/PolygonFantasyKingdom/Models/Convex/SM_Prop_Stove_01_Convex.asset
  importAddress: Guid(9a02a4e356cdf5d4e9a9b0f0f5e2f84e) Importer(815301076,1909f56bfc062723c751e8b465ee728b)
Start importing Assets/PolygonFantasyKingdom/Models/Convex/SM_Prop_Stove_01_Convex.asset using Guid(9a02a4e356cdf5d4e9a9b0f0f5e2f84e) Importer(815301076,1909f56bfc062723c751e8b465ee728b) (PreviewImporter) -> (Import Result ID: '546d2ab0b6714bab3ebf4a60b31b58a2') in 0.0231283 seconds [static and dynamic dependencies]. Details - ImportResultOutputID=b64089e5fafbd7b7fa160d041b942a36 DependenciesID=aea59f8085ef7fe68232c7bf0fa3df14 StaticDependenciesID=580f4cb0cabf9df7ab23ac1298707262 
Number of updated asset objects reloaded before import = 0Number of asset objects unloaded after import = 2

========================================================================
Received Import Request.
  Time since last request: 0.000032 seconds.
  path: Assets/PolygonFantasyKingdom/Models/Convex/SM_Prop_Stove_02_Convex.asset
  importAddress: Guid(4ea5f9fe8de622f4f9b49d220de66d85) Importer(815301076,1909f56bfc062723c751e8b465ee728b)
Start importing Assets/PolygonFantasyKingdom/Models/Convex/SM_Prop_Stove_02_Convex.asset using Guid(4ea5f9fe8de622f4f9b49d220de66d85) Importer(815301076,1909f56bfc062723c751e8b465ee728b) (PreviewImporter) -> (Import Result ID: 'a150f28d2e09b3d6858f8c4d3718dc82') in 0.0192902 seconds [static and dynamic dependencies]. Details - ImportResultOutputID=6b5a84d066ab9ae119d9aa79be4fd4a1 DependenciesID=406ddae0d9c25d5e165e8f16c4213be9 StaticDependenciesID=d3b6e025df1bcf1368beb1bd0b659391 
Number of updated asset objects reloaded before import = 0Number of asset objects unloaded after import = 2

========================================================================
Received Import Request.
  Time since last request: 0.000247 seconds.
  path: Assets/PolygonFantasyKingdom/Prefabs/Props/Furniture/SM_Prop_Stove_02.prefab
  importAddress: Guid(509c47f2c423820489a23bb7979370f4) Importer(815301076,1909f56bfc062723c751e8b465ee728b)
Start importing Assets/PolygonFantasyKingdom/Prefabs/Props/Furniture/SM_Prop_Stove_02.prefab using Guid(509c47f2c423820489a23bb7979370f4) Importer(815301076,1909f56bfc062723c751e8b465ee728b) (PreviewImporter) -> (Import Result ID: '3e768f6ad4c161bc77c763e4c2d9ff17') in 0.0800312 seconds [static and dynamic dependencies]. Details - ImportResultOutputID=23b61c4edccdfff058ce62305e785d4f DependenciesID=aef2848e1e955af97e3b2ce174421eb5 StaticDependenciesID=a69eadfb34667ad7a6d10ef1a216ff54 
Number of updated asset objects reloaded before import = 0Number of asset objects unloaded after import = 18

========================================================================
Received Import Request.
  Time since last request: 21.251568 seconds.
  path: Assets/Material/Flower.mat
  importAddress: Guid(59696a2a3e97e1c4d90f31e5a037e007) Importer(815301076,1909f56bfc062723c751e8b465ee728b)
Start importing Assets/Material/Flower.mat using Guid(59696a2a3e97e1c4d90f31e5a037e007) Importer(815301076,1909f56bfc062723c751e8b465ee728b) (PreviewImporter) -> (Import Result ID: '7e77393d8b39010fb7ad2cf6959bc14d') in 0.0324581 seconds [static and dynamic dependencies]. Details - ImportResultOutputID=053a147266fad32283274de6fdcf53d7 DependenciesID=f280459edb9c43127bab7af7cf8b588c StaticDependenciesID=bbefae1fdcd13fc12a6553f2f6ca2581 
Number of updated asset objects reloaded before import = 0Number of asset objects unloaded after import = 2

========================================================================
Received Import Request.
  Time since last request: 0.000043 seconds.
  path: Assets/AudioClip/foot_wood4.wav
  importAddress: Guid(c4548076873ff054188734b1db61faec) Importer(815301076,1909f56bfc062723c751e8b465ee728b)
Start importing Assets/AudioClip/foot_wood4.wav using Guid(c4548076873ff054188734b1db61faec) Importer(815301076,1909f56bfc062723c751e8b465ee728b) (PreviewImporter) -> (Import Result ID: 'b0c3af6e12c144c0a1a9107fe44537ff') in 0.0952691 seconds [static and dynamic dependencies]. Details - ImportResultOutputID=ff4dd3c80c3d90be2c42d1b659d7125b DependenciesID=2b7752f3c3b36d5fdee316aedc4a4ca6 StaticDependenciesID=128c8605c33bfe6f374c64dd9af329d6 
Number of updated asset objects reloaded before import = 0Number of asset objects unloaded after import = 2

========================================================================
Received Import Request.
  Time since last request: 0.000036 seconds.
  path: Assets/AudioClip/foot_wood1.wav
  importAddress: Guid(acdafad60b024ab46884fe996d68f9b2) Importer(815301076,1909f56bfc062723c751e8b465ee728b)
Start importing Assets/AudioClip/foot_wood1.wav using Guid(acdafad60b024ab46884fe996d68f9b2) Importer(815301076,1909f56bfc062723c751e8b465ee728b) (PreviewImporter) -> (Import Result ID: 'cb64667b6d982d693520a9f2b5734de0') in 0.0152463 seconds [static and dynamic dependencies]. Details - ImportResultOutputID=88d0cee9345a2c7b4047bb53e10e4442 DependenciesID=5c8144e710f662e0c7eb6386fee9d50d StaticDependenciesID=c753d8094a384d79c188ca5d7d115ef3 
Number of updated asset objects reloaded before import = 0Number of asset objects unloaded after import = 2

========================================================================
Received Import Request.
  Time since last request: 0.000272 seconds.
  path: Assets/AudioClip/foot_wood3.wav
  importAddress: Guid(967b43148117b044da5f6c529aa9e328) Importer(815301076,1909f56bfc062723c751e8b465ee728b)
Start importing Assets/AudioClip/foot_wood3.wav using Guid(967b43148117b044da5f6c529aa9e328) Importer(815301076,1909f56bfc062723c751e8b465ee728b) (PreviewImporter) -> (Import Result ID: '9cba5839ae60326f423d6791d79efad9') in 0.0332517 seconds [static and dynamic dependencies]. Details - ImportResultOutputID=64030cee041c20bfefbb533a33b79ac8 DependenciesID=d1890e258d39408d19c48c3f282d4737 StaticDependenciesID=0401dce3e71fc8daeac1b79cc8abb948 
Number of updated asset objects reloaded before import = 0Number of asset objects unloaded after import = 2

========================================================================
Received Import Request.
  Time since last request: 0.000213 seconds.
  path: Assets/Texture2D/GoblindSwordTexture_normal.png
  importAddress: Guid(573156b750292e249af002e5d2d9b3e8) Importer(815301076,1909f56bfc062723c751e8b465ee728b)
Start importing Assets/Texture2D/GoblindSwordTexture_normal.png using Guid(573156b750292e249af002e5d2d9b3e8) Importer(815301076,1909f56bfc062723c751e8b465ee728b) (PreviewImporter) -> (Import Result ID: '3369a230bb71a082ba8512840d3c99f8') in 0.0615828 seconds [static and dynamic dependencies]. Details - ImportResultOutputID=fcf2b8c0beef32af885ab49e1cfa49e9 DependenciesID=80585634e117c39c5af1768b3770ea6c StaticDependenciesID=cefd1569ee7ef2f9e8669eeec22b7596 
Number of updated asset objects reloaded before import = 0Number of asset objects unloaded after import = 2

========================================================================
Received Import Request.
  Time since last request: 0.000048 seconds.
  path: Assets/PolygonFantasyKingdom/Prefabs/FX_Prefabs/FX_WaterWheel_01.prefab
  importAddress: Guid(4456b72f334a7f74999eedcee78df4f6) Importer(815301076,1909f56bfc062723c751e8b465ee728b)
Start importing Assets/PolygonFantasyKingdom/Prefabs/FX_Prefabs/FX_WaterWheel_01.prefab using Guid(4456b72f334a7f74999eedcee78df4f6) Importer(815301076,1909f56bfc062723c751e8b465ee728b) (PreviewImporter) -> (Import Result ID: '71f854eb96b389e56b81a8591e7d272a') in 0.0594602 seconds [static and dynamic dependencies]. Details - ImportResultOutputID=57b32129beca50ba2fc0f4265678e88e DependenciesID=19d2002deee55b439a331ac1cd53492e StaticDependenciesID=eb317a6b90eb64bf5831e77b16ce9935 
Number of updated asset objects reloaded before import = 0Number of asset objects unloaded after import = 8

========================================================================
Received Import Request.
  Time since last request: 0.000040 seconds.
  path: Assets/Stylized Water/Textures/GentleWaves.bmp
  importAddress: Guid(ed512d00c2b0c0748bcb5cf3fce1a4c8) Importer(815301076,1909f56bfc062723c751e8b465ee728b)
Start importing Assets/Stylized Water/Textures/GentleWaves.bmp using Guid(ed512d00c2b0c0748bcb5cf3fce1a4c8) Importer(815301076,1909f56bfc062723c751e8b465ee728b) (PreviewImporter) -> (Import Result ID: 'cc4e0acff0d142679828b49a4a537021') in 0.0136255 seconds [static and dynamic dependencies]. Details - ImportResultOutputID=da64e069e3e6065d5b4c82f4ca70c5fe DependenciesID=4614ea57140984f516c97bbdf1d21a2b StaticDependenciesID=c4a6658809bbaedfca9c84683a08af70 
Number of updated asset objects reloaded before import = 0Number of asset objects unloaded after import = 2

========================================================================
Received Import Request.
  Time since last request: 0.000041 seconds.
  path: Assets/TextMesh Pro/Examples & Extras/Textures/Fruit Jelly (B&W).jpg
  importAddress: Guid(1cdc5b506b1a4a33a53c30669ced1f51) Importer(815301076,1909f56bfc062723c751e8b465ee728b)
Start importing Assets/TextMesh Pro/Examples & Extras/Textures/Fruit Jelly (B&W).jpg using Guid(1cdc5b506b1a4a33a53c30669ced1f51) Importer(815301076,1909f56bfc062723c751e8b465ee728b) (PreviewImporter) -> (Import Result ID: '78a8d39c4fb2fa840e6c97e331a4ac83') in 0.0302269 seconds [static and dynamic dependencies]. Details - ImportResultOutputID=8c5b945354c47e91ca92958423e98acf DependenciesID=c6b5c98c2ec288cf10f983cb817478bc StaticDependenciesID=fdffa7ad9bb30db8974956e46a248172 
Number of updated asset objects reloaded before import = 0Number of asset objects unloaded after import = 2

========================================================================
Received Import Request.
  Time since last request: 0.000042 seconds.
  path: Assets/PolygonFantasyKingdom/Prefabs/FX_Prefabs/FX_Arrow_Barrage_Large_01.prefab
  importAddress: Guid(63caa24272845f846af54d8f5fd3c9dd) Importer(815301076,1909f56bfc062723c751e8b465ee728b)
Start importing Assets/PolygonFantasyKingdom/Prefabs/FX_Prefabs/FX_Arrow_Barrage_Large_01.prefab using Guid(63caa24272845f846af54d8f5fd3c9dd) Importer(815301076,1909f56bfc062723c751e8b465ee728b) (PreviewImporter) -> (Import Result ID: '2571a8e96ddd9ceaf151030d1077869d') in 0.0923456 seconds [static and dynamic dependencies]. Details - ImportResultOutputID=8a0eb5f82f5cf01236603d3d3463591a DependenciesID=a7a0cafd344108e55e780cccda7ac713 StaticDependenciesID=f0c82699810b5e3079d3a1d82ce7d0c4 
Number of updated asset objects reloaded before import = 0Number of asset objects unloaded after import = 17

========================================================================
Received Import Request.
  Time since last request: 0.457780 seconds.
  path: Assets/PolygonFantasyKingdom/Models/SM_Wep_Rammer_Rigged_01.fbx
  importAddress: Guid(d80eaffcc70bff4448e2226c7ea218a4) Importer(815301076,1909f56bfc062723c751e8b465ee728b)
Start importing Assets/PolygonFantasyKingdom/Models/SM_Wep_Rammer_Rigged_01.fbx using Guid(d80eaffcc70bff4448e2226c7ea218a4) Importer(815301076,1909f56bfc062723c751e8b465ee728b) (PreviewImporter) -> (Import Result ID: '5b055c9bffa9b0e0c52d923046de02fd') in 0.2227775 seconds [static and dynamic dependencies]. Details - ImportResultOutputID=a97d313b2d4616e797142818d48857c2 DependenciesID=dd1aba6f1fc81e6d442192dbae5551dd StaticDependenciesID=85b2a822ebb642f91e1d8737e3520932 
Number of updated asset objects reloaded before import = 0Number of asset objects unloaded after import = 49

========================================================================
Received Import Request.
  Time since last request: 0.000064 seconds.
  path: Assets/ScriptableObject/Items/Wheat.asset
  importAddress: Guid(d8df2f400ff16cf48a4f36fcf10061a6) Importer(815301076,1909f56bfc062723c751e8b465ee728b)
Start importing Assets/ScriptableObject/Items/Wheat.asset using Guid(d8df2f400ff16cf48a4f36fcf10061a6) Importer(815301076,1909f56bfc062723c751e8b465ee728b) (PreviewImporter) -> (Import Result ID: '361f7ac3eb4f5292089f6b30cc369603') in 0.0742365 seconds [static and dynamic dependencies]. Details - ImportResultOutputID=900449ce262042b6a514e6a6af8d7e51 DependenciesID=60955f69325435c7b40cd0e95bb62ed8 StaticDependenciesID=d60f05729cfe122c7cd538d1b5b9801c 
Number of updated asset objects reloaded before import = 0Number of asset objects unloaded after import = 162

========================================================================
Received Import Request.
  Time since last request: 0.000071 seconds.
  path: Assets/Material/Wheel.mat
  importAddress: Guid(63d94be3815f06042b613231dd17377a) Importer(815301076,1909f56bfc062723c751e8b465ee728b)
Start importing Assets/Material/Wheel.mat using Guid(63d94be3815f06042b613231dd17377a) Importer(815301076,1909f56bfc062723c751e8b465ee728b) (PreviewImporter) -> (Import Result ID: '3a742f464c93dac38f9d95d6842d7fc2') in 0.0679615 seconds [static and dynamic dependencies]. Details - ImportResultOutputID=871ca3c48e9d8f5ea62e2a405ae9bcc8 DependenciesID=2ac0679e014c45ad19333760e10e2ded StaticDependenciesID=2ff76af4e1a2adf598d017d1b3268a0c 
Number of updated asset objects reloaded before import = 0Number of asset objects unloaded after import = 2

========================================================================
Received Import Request.
  Time since last request: 0.273292 seconds.
  path: Assets/PolygonFantasyKingdom/Models/Convex/SM_Prop_Wheat_Bunch_01_Convex.asset
  importAddress: Guid(c4a69e0b1aa55434081901173946c816) Importer(815301076,1909f56bfc062723c751e8b465ee728b)
Start importing Assets/PolygonFantasyKingdom/Models/Convex/SM_Prop_Wheat_Bunch_01_Convex.asset using Guid(c4a69e0b1aa55434081901173946c816) Importer(815301076,1909f56bfc062723c751e8b465ee728b) (PreviewImporter) -> (Import Result ID: 'e24f9a6a6a38bd3c40d62e368838d236') in 0.024074 seconds [static and dynamic dependencies]. Details - ImportResultOutputID=c2fe744906d2c6a0964e5b2b93608f53 DependenciesID=e3270d9a81be74b6c13a87b7ca81ead3 StaticDependenciesID=3c9fc5347a5cdd078b6c73f05758bdec 
Number of updated asset objects reloaded before import = 0Number of asset objects unloaded after import = 2

========================================================================
Received Import Request.
  Time since last request: 20.968371 seconds.
  path: Assets/AnimatorController/OnlinePlayer.controller
  importAddress: Guid(f963d6c9a5d165a4f8cc9d3b5d6a0d34) Importer(815301076,1909f56bfc062723c751e8b465ee728b)
Start importing Assets/AnimatorController/OnlinePlayer.controller using Guid(f963d6c9a5d165a4f8cc9d3b5d6a0d34) Importer(815301076,1909f56bfc062723c751e8b465ee728b) (PreviewImporter) -> (Import Result ID: '25a9161e682bfe076aaa9ab1b635800b') in 0.0316011 seconds [static and dynamic dependencies]. Details - ImportResultOutputID=6d8ed89bd6dbee4e84ec090f92384ce9 DependenciesID=1a78ea95c24deaeb4c96960145a5e3d1 StaticDependenciesID=a69620405e7e6412938b388b21d0d98e 
Number of updated asset objects reloaded before import = 0Number of asset objects unloaded after import = 38

========================================================================
Received Import Request.
  Time since last request: 22.069297 seconds.
  path: Assets/Material/AncientBow.mat
  importAddress: Guid(ddb600ca6bbc26d47a79723affb5249b) Importer(815301076,1909f56bfc062723c751e8b465ee728b)
Start importing Assets/Material/AncientBow.mat using Guid(ddb600ca6bbc26d47a79723affb5249b) Importer(815301076,1909f56bfc062723c751e8b465ee728b) (PreviewImporter) -> (Import Result ID: '9ae74dcca14434e42662701cdeb12f13') in 0.0556615 seconds [static and dynamic dependencies]. Details - ImportResultOutputID=9caabd98ae3903ab0a67bc6244a80f7f DependenciesID=7bc25020bff24ffaaf54be29665223f7 StaticDependenciesID=e79642bbcc474fc903e0f9b060f25c89 
Number of updated asset objects reloaded before import = 0Number of asset objects unloaded after import = 3

========================================================================
Received Import Request.
  Time since last request: 0.000043 seconds.
  path: Assets/Texture2D/Arrow_adamantite.png
  importAddress: Guid(b276858d8a2db544caf66b3d5f3a00a5) Importer(815301076,1909f56bfc062723c751e8b465ee728b)
Start importing Assets/Texture2D/Arrow_adamantite.png using Guid(b276858d8a2db544caf66b3d5f3a00a5) Importer(815301076,1909f56bfc062723c751e8b465ee728b) (PreviewImporter) -> (Import Result ID: 'fcb9a84deb5521ebc2c72bb0252e517d') in 0.0560881 seconds [static and dynamic dependencies]. Details - ImportResultOutputID=41f34c811df594fbd266a95195b60b97 DependenciesID=ed0db114249f0c07419e637dd5eb2e48 StaticDependenciesID=b2aefead1c96903b2719e8e2df061354 
Number of updated asset objects reloaded before import = 0Number of asset objects unloaded after import = 3

========================================================================
Received Import Request.
  Time since last request: 0.000055 seconds.
  path: Assets/Texture2D/AncientCore_0.png
  importAddress: Guid(5aa0336fe3b36214abff2301229e4145) Importer(815301076,1909f56bfc062723c751e8b465ee728b)
Start importing Assets/Texture2D/AncientCore_0.png using Guid(5aa0336fe3b36214abff2301229e4145) Importer(815301076,1909f56bfc062723c751e8b465ee728b) (PreviewImporter) -> (Import Result ID: '8921207fa92fd54d1b9beba6dfad1599') in 0.0385244 seconds [static and dynamic dependencies]. Details - ImportResultOutputID=89dc1b29a79e8403914ff5439ecb3b33 DependenciesID=930b8766be66cff501762ce292490f24 StaticDependenciesID=e65673842b9573f7f187a4913ae5784e 
Number of updated asset objects reloaded before import = 0Number of asset objects unloaded after import = 3

========================================================================
Received Import Request.
  Time since last request: 0.000055 seconds.
  path: Assets/Texture2D/arrow_0.png
  importAddress: Guid(f83fcc4e454eeab4a850d8dd3de6dc62) Importer(815301076,1909f56bfc062723c751e8b465ee728b)
Start importing Assets/Texture2D/arrow_0.png using Guid(f83fcc4e454eeab4a850d8dd3de6dc62) Importer(815301076,1909f56bfc062723c751e8b465ee728b) (PreviewImporter) -> (Import Result ID: 'fbd2b31c2292acd86099f6192dcda8d0') in 0.0257528 seconds [static and dynamic dependencies]. Details - ImportResultOutputID=dc03721aab19ec032c509d34f72e3b80 DependenciesID=6d2f60851b40cb4837b5867e21c7ab13 StaticDependenciesID=1b36980fac9044839ffba1b0dc2db93c 
Number of updated asset objects reloaded before import = 0Number of asset objects unloaded after import = 2

========================================================================
Received Import Request.
  Time since last request: 0.000066 seconds.
  path: Assets/Texture2D/AncientCore.png
  importAddress: Guid(924a53c4ccff37540840bfd0f29c79e3) Importer(815301076,1909f56bfc062723c751e8b465ee728b)
Start importing Assets/Texture2D/AncientCore.png using Guid(924a53c4ccff37540840bfd0f29c79e3) Importer(815301076,1909f56bfc062723c751e8b465ee728b) (PreviewImporter) -> (Import Result ID: '8b3be78c469c7b3cb13e47b1b21e1737') in 0.0289574 seconds [static and dynamic dependencies]. Details - ImportResultOutputID=12748a4a2e0a1a54f49bd93240847926 DependenciesID=fde73a1b1e03ca099e57252c6f03e1b3 StaticDependenciesID=c5ba30c0a2508b321d2652a9957616c1 
Number of updated asset objects reloaded before import = 0Number of asset objects unloaded after import = 2

========================================================================
Received Import Request.
  Time since last request: 0.000031 seconds.
  path: Assets/Texture2D/Arrow.png
  importAddress: Guid(1aacab22a863b9a4b9388d5d58a2aeed) Importer(815301076,1909f56bfc062723c751e8b465ee728b)
Start importing Assets/Texture2D/Arrow.png using Guid(1aacab22a863b9a4b9388d5d58a2aeed) Importer(815301076,1909f56bfc062723c751e8b465ee728b) (PreviewImporter) -> (Import Result ID: 'a849c5c17b15467cbe1a257171c0caa3') in 0.0194535 seconds [static and dynamic dependencies]. Details - ImportResultOutputID=9d70dcdbb9c9ae9d420bbcff35c13004 DependenciesID=caa8d3ed1f8707411f280ae4d1314f71 StaticDependenciesID=6d1a1af3af3af9b0e80cf5dc7fb36fc2 
Number of updated asset objects reloaded before import = 0Number of asset objects unloaded after import = 2

========================================================================
Received Import Request.
  Time since last request: 0.000042 seconds.
  path: Assets/Texture2D/AncientCore_Emission.png
  importAddress: Guid(57552695e2b02254db54b678734d89cb) Importer(815301076,1909f56bfc062723c751e8b465ee728b)
Start importing Assets/Texture2D/AncientCore_Emission.png using Guid(57552695e2b02254db54b678734d89cb) Importer(815301076,1909f56bfc062723c751e8b465ee728b) (PreviewImporter) -> (Import Result ID: '84701925d0285ef5fb6d95d3ffda012c') in 0.0232856 seconds [static and dynamic dependencies]. Details - ImportResultOutputID=fa9cfbb39d71692680c6cdfbd6bf9b5d DependenciesID=09f10da2980739d3defca7aa76c25446 StaticDependenciesID=407fadbfa2aec899e706954229b84fa0 
Number of updated asset objects reloaded before import = 0Number of asset objects unloaded after import = 2

========================================================================
Received Import Request.
  Time since last request: 0.000034 seconds.
  path: Assets/AudioClip/Arrow.wav
  importAddress: Guid(bb5fae9f43610d044b6debb8b1dc156a) Importer(815301076,1909f56bfc062723c751e8b465ee728b)
Start importing Assets/AudioClip/Arrow.wav using Guid(bb5fae9f43610d044b6debb8b1dc156a) Importer(815301076,1909f56bfc062723c751e8b465ee728b) (PreviewImporter) -> (Import Result ID: '4fd38ad9997b580303ca3295ebb9a834') in 0.017003 seconds [static and dynamic dependencies]. Details - ImportResultOutputID=2b292af399343fdf1e8bcb27f3a0ece8 DependenciesID=a3fd0da749f5c46f6cd2deb1a525b4fa StaticDependenciesID=eca0769ffc5163ebaed762d6ccb37c44 
Number of updated asset objects reloaded before import = 0Number of asset objects unloaded after import = 2

========================================================================
Received Import Request.
  Time since last request: 0.000072 seconds.
  path: Assets/TextMesh Pro/Examples & Extras/Resources/Fonts & Materials/Anton SDF.asset
  importAddress: Guid(8a89fa14b10d46a99122fd4f73fca9a2) Importer(815301076,1909f56bfc062723c751e8b465ee728b)
Start importing Assets/TextMesh Pro/Examples & Extras/Resources/Fonts & Materials/Anton SDF.asset using Guid(8a89fa14b10d46a99122fd4f73fca9a2) Importer(815301076,1909f56bfc062723c751e8b465ee728b) (PreviewImporter) -> (Import Result ID: '55d99860c395a87bfa6b9e6d2c8d7989') in 0.0994839 seconds [static and dynamic dependencies]. Details - ImportResultOutputID=9a5484b9380be8ae17aa214ddba75455 DependenciesID=c898a57ff0ce4aeefe283d96d84bfb30 StaticDependenciesID=acf15afd5672e72abfd70ff1ec09c21c 
Number of updated asset objects reloaded before import = 0Number of asset objects unloaded after import = 6

========================================================================
Received Import Request.
  Time since last request: 0.250969 seconds.
  path: Assets/Texture2D/Bow_Oak.png
  importAddress: Guid(6636eaaefe38da7478d493a2604f1c11) Importer(815301076,1909f56bfc062723c751e8b465ee728b)
Start importing Assets/Texture2D/Bow_Oak.png using Guid(6636eaaefe38da7478d493a2604f1c11) Importer(815301076,1909f56bfc062723c751e8b465ee728b) (PreviewImporter) -> (Import Result ID: 'c86629d163688f6a218aeabb26943ceb') in 0.0359638 seconds [static and dynamic dependencies]. Details - ImportResultOutputID=7a18d2e4c62255c94df424c2eb4a42ee DependenciesID=f044f8ec4f106c15cdf9c47c0e908080 StaticDependenciesID=1f7a5381977f1a772ab3f5e9e6fbc9b5 
Number of updated asset objects reloaded before import = 0Number of asset objects unloaded after import = 2

========================================================================
Received Import Request.
  Time since last request: 0.000052 seconds.
  path: Assets/ScriptableObject/Loot/Tree_DarkOak.asset
  importAddress: Guid(b4b966b2c0225ae45a492cbcdbbf81d0) Importer(815301076,1909f56bfc062723c751e8b465ee728b)
Start importing Assets/ScriptableObject/Loot/Tree_DarkOak.asset using Guid(b4b966b2c0225ae45a492cbcdbbf81d0) Importer(815301076,1909f56bfc062723c751e8b465ee728b) (PreviewImporter) -> (Import Result ID: '8b673ae8f53ac9e5d01cdbbe375e4073') in 0.0078677 seconds [static and dynamic dependencies]. Details - ImportResultOutputID=90466131081ac5ee1cc2928e3277381b DependenciesID=37ca4c1fdc966d6e117955788b997d86 StaticDependenciesID=9f83da7cb4396843db8b682990ecbd35 
Number of updated asset objects reloaded before import = 0Number of asset objects unloaded after import = 6

========================================================================
Received Import Request.
  Time since last request: 0.000036 seconds.
  path: Assets/Texture2D/DarkOak.png
  importAddress: Guid(0b05ef76d7ff678448fcf7c9bcbdc206) Importer(815301076,1909f56bfc062723c751e8b465ee728b)
Start importing Assets/Texture2D/DarkOak.png using Guid(0b05ef76d7ff678448fcf7c9bcbdc206) Importer(815301076,1909f56bfc062723c751e8b465ee728b) (PreviewImporter) -> (Import Result ID: '1055e1d833e05ed9501994cfd7da0df4') in 0.0273853 seconds [static and dynamic dependencies]. Details - ImportResultOutputID=76b03e440148146236bf77ed4d43978f DependenciesID=77bfa17894b1b0a90dbd923658c23c53 StaticDependenciesID=85928803fde1447d25b5d22904b6f574 
Number of updated asset objects reloaded before import = 0Number of asset objects unloaded after import = 2

========================================================================
Received Import Request.
  Time since last request: 0.000045 seconds.
  path: Assets/ScriptableObject/Loot/Tree_oak.asset
  importAddress: Guid(9113d96e03f888843ae821676aad5b29) Importer(815301076,1909f56bfc062723c751e8b465ee728b)
Start importing Assets/ScriptableObject/Loot/Tree_oak.asset using Guid(9113d96e03f888843ae821676aad5b29) Importer(815301076,1909f56bfc062723c751e8b465ee728b) (PreviewImporter) -> (Import Result ID: 'f02b47ec08ebe345210756d3833411f8') in 0.0448874 seconds [static and dynamic dependencies]. Details - ImportResultOutputID=b8e69307116a2fe4d9ba0bda6877805a DependenciesID=5c14c937bdc4a55eefc23a2dc9b7eba8 StaticDependenciesID=ca2e7be145ad7595946fc29eb201d898 
Number of updated asset objects reloaded before import = 0Number of asset objects unloaded after import = 166

========================================================================
Received Import Request.
  Time since last request: 3.400300 seconds.
  path: Assets/AnimatorController/Guardian.controller
  importAddress: Guid(6cfdb823634a5a44d82f3f513f53a9eb) Importer(815301076,1909f56bfc062723c751e8b465ee728b)
Start importing Assets/AnimatorController/Guardian.controller using Guid(6cfdb823634a5a44d82f3f513f53a9eb) Importer(815301076,1909f56bfc062723c751e8b465ee728b) (PreviewImporter) -> (Import Result ID: '6d9da457af295791aa65fe55659e40b3') in 0.0125288 seconds [static and dynamic dependencies]. Details - ImportResultOutputID=649a7fd4e1d5ee1e84afbb544c158a2b DependenciesID=47a5040545bc660130c116cbde25a8fc StaticDependenciesID=376e24f80247fb51a07c59f615005bf3 
Number of updated asset objects reloaded before import = 0Number of asset objects unloaded after import = 15

========================================================================
Received Import Request.
  Time since last request: 0.000036 seconds.
  path: Assets/AnimatorController/DinoBird.controller
  importAddress: Guid(ca854f198bde9a54dab8d7e756020d56) Importer(815301076,1909f56bfc062723c751e8b465ee728b)
Start importing Assets/AnimatorController/DinoBird.controller using Guid(ca854f198bde9a54dab8d7e756020d56) Importer(815301076,1909f56bfc062723c751e8b465ee728b) (PreviewImporter) -> (Import Result ID: '2f6ee4af7c64cb830a959abb6758b567') in 0.0143931 seconds [static and dynamic dependencies]. Details - ImportResultOutputID=3558f440c2cc8811ca4a8bde3065c224 DependenciesID=8b380223fa71794f61c94c5bd04f525b StaticDependenciesID=6b720f6c3964d4102f6e9eaa3266ad4a 
Number of updated asset objects reloaded before import = 0Number of asset objects unloaded after import = 20

========================================================================
Received Import Request.
  Time since last request: 0.000098 seconds.
  path: Assets/Nicrom/PolyPacks/Wind/Assets/Materials/LPW_Tree_B1_01.mat
  importAddress: Guid(47a97533683d1a2419a6086fdc251eb7) Importer(815301076,1909f56bfc062723c751e8b465ee728b)
Start importing Assets/Nicrom/PolyPacks/Wind/Assets/Materials/LPW_Tree_B1_01.mat using Guid(47a97533683d1a2419a6086fdc251eb7) Importer(815301076,1909f56bfc062723c751e8b465ee728b) (PreviewImporter) -> (Import Result ID: '501965e51cc9d9c005c904bb89fa9003') in 0.1532192 seconds [static and dynamic dependencies]. Details - ImportResultOutputID=9f5e3788fdd9bbb374c2aa61ae81efdd DependenciesID=07e4ae47767f36104bf737bc6d83c243 StaticDependenciesID=26f29017ccce9f3b10408acf8ef64a61 
Number of updated asset objects reloaded before import = 0Number of asset objects unloaded after import = 3

========================================================================
Received Import Request.
  Time since last request: 5.025413 seconds.
  path: Assets/PolygonFantasyKingdom/Prefabs/Environments/SM_Env_Big_Tree_Base_Paving_01.prefab
  importAddress: Guid(f9a20f388239bd949a0511ddf0de3481) Importer(815301076,1909f56bfc062723c751e8b465ee728b)
Start importing Assets/PolygonFantasyKingdom/Prefabs/Environments/SM_Env_Big_Tree_Base_Paving_01.prefab using Guid(f9a20f388239bd949a0511ddf0de3481) Importer(815301076,1909f56bfc062723c751e8b465ee728b) (PreviewImporter) -> (Import Result ID: '1373f51234eed9f417032b9c9dc43f7e') in 0.2042356 seconds [static and dynamic dependencies]. Details - ImportResultOutputID=05ab38eddf306848443364419c8fd83e DependenciesID=3a1b09e5fc5e5c48c234f04f1f76fdd8 StaticDependenciesID=162e367332aa8e939ebf8c395eb9ecd9 
Number of updated asset objects reloaded before import = 0Number of asset objects unloaded after import = 11

========================================================================
Received Import Request.
  Time since last request: 0.000069 seconds.
  path: Assets/PolygonFantasyKingdom/Prefabs/Environments/SM_Env_Tree_Thin_03.prefab
  importAddress: Guid(bcb591b1428330b4abc0c035a3372be3) Importer(815301076,1909f56bfc062723c751e8b465ee728b)
Start importing Assets/PolygonFantasyKingdom/Prefabs/Environments/SM_Env_Tree_Thin_03.prefab using Guid(bcb591b1428330b4abc0c035a3372be3) Importer(815301076,1909f56bfc062723c751e8b465ee728b) (PreviewImporter) -> (Import Result ID: 'a52b8bb1ed1befba9ba3752e7bd8420e') in 0.1168675 seconds [static and dynamic dependencies]. Details - ImportResultOutputID=b5f70c155a6fe6d151e753c0b2a6bd40 DependenciesID=407537a417b2484c95730242c143e121 StaticDependenciesID=5f4c1b33fcb86e44a4bb41b275b388d9 
Number of updated asset objects reloaded before import = 0Number of asset objects unloaded after import = 13

========================================================================
Received Import Request.
  Time since last request: 0.000069 seconds.
  path: Assets/PolygonFantasyKingdom/Prefabs/Environments/SM_Env_Tree_Thin_02.prefab
  importAddress: Guid(c9409a97af2dcc54a930bc02b81b4cda) Importer(815301076,1909f56bfc062723c751e8b465ee728b)
Start importing Assets/PolygonFantasyKingdom/Prefabs/Environments/SM_Env_Tree_Thin_02.prefab using Guid(c9409a97af2dcc54a930bc02b81b4cda) Importer(815301076,1909f56bfc062723c751e8b465ee728b) (PreviewImporter) -> (Import Result ID: '2e5fa4c8bbb6afebaed0d52f3f6820e0') in 0.1000359 seconds [static and dynamic dependencies]. Details - ImportResultOutputID=9a0b4dffbae3c03885c911ad6db0f337 DependenciesID=0ec1105c4a212d9c34013becced18b8d StaticDependenciesID=e668182f7a8ff663c01d9dcf82d74369 
Number of updated asset objects reloaded before import = 0Number of asset objects unloaded after import = 13

========================================================================
Received Import Request.
  Time since last request: 0.000066 seconds.
  path: Assets/PolygonFantasyKingdom/Prefabs/Environments/SM_Env_Tree_Thin_04.prefab
  importAddress: Guid(a68c5a3e609292840a73915dfba3f230) Importer(815301076,1909f56bfc062723c751e8b465ee728b)
Start importing Assets/PolygonFantasyKingdom/Prefabs/Environments/SM_Env_Tree_Thin_04.prefab using Guid(a68c5a3e609292840a73915dfba3f230) Importer(815301076,1909f56bfc062723c751e8b465ee728b) (PreviewImporter) -> (Import Result ID: 'cd4aa697f59f655fc81761a000980116') in 0.083759 seconds [static and dynamic dependencies]. Details - ImportResultOutputID=5e5dec023d61dc41f72899bf7a4a4e2e DependenciesID=a8555791d5c3449e112cb7d635539bdc StaticDependenciesID=ef1942e7cb4b1e6a14d2632b05df1d7d 
Number of updated asset objects reloaded before import = 0Number of asset objects unloaded after import = 13

========================================================================
Received Import Request.
  Time since last request: 0.000138 seconds.
  path: Assets/PolygonFantasyKingdom/Prefabs/Environments/SM_Env_Tree_Round_04.prefab
  importAddress: Guid(1fc2b8687d6d20349b9e8b89981a3991) Importer(815301076,1909f56bfc062723c751e8b465ee728b)
Start importing Assets/PolygonFantasyKingdom/Prefabs/Environments/SM_Env_Tree_Round_04.prefab using Guid(1fc2b8687d6d20349b9e8b89981a3991) Importer(815301076,1909f56bfc062723c751e8b465ee728b) (PreviewImporter) -> (Import Result ID: '3fb8bb06d63af155599ddcffd6c818b7') in 0.0832153 seconds [static and dynamic dependencies]. Details - ImportResultOutputID=8bf88f22a4cde0e634a8d4260b80c79a DependenciesID=d95e04179e49234946faf26f4efff795 StaticDependenciesID=59a7a8bbd0cfdd38dae0143c57dc6ae6 
Number of updated asset objects reloaded before import = 0Number of asset objects unloaded after import = 15

========================================================================
Received Import Request.
  Time since last request: 0.000060 seconds.
  path: Assets/PolygonFantasyKingdom/Prefabs/Environments/SM_Env_Tree_Pine_Cluster_01.prefab
  importAddress: Guid(5d42ad4d961622744969e55de6f5270b) Importer(815301076,1909f56bfc062723c751e8b465ee728b)
Start importing Assets/PolygonFantasyKingdom/Prefabs/Environments/SM_Env_Tree_Pine_Cluster_01.prefab using Guid(5d42ad4d961622744969e55de6f5270b) Importer(815301076,1909f56bfc062723c751e8b465ee728b) (PreviewImporter) -> (Import Result ID: 'b50a57001c515f06061a0f84f6c89e51') in 0.0884032 seconds [static and dynamic dependencies]. Details - ImportResultOutputID=e75c4f0c5373adcef61a9df006a3227e DependenciesID=0b65ad40d092198c2810c18c5908f24a StaticDependenciesID=533a3d392803d1450a5d912cca738f97 
Number of updated asset objects reloaded before import = 0Number of asset objects unloaded after import = 13

========================================================================
Received Import Request.
  Time since last request: 0.000046 seconds.
  path: Assets/PolygonFantasyKingdom/Prefabs/Environments/SM_Env_Tree_Round_02.prefab
  importAddress: Guid(47a80870cceb48b408dd661a8f1a7764) Importer(815301076,1909f56bfc062723c751e8b465ee728b)
Start importing Assets/PolygonFantasyKingdom/Prefabs/Environments/SM_Env_Tree_Round_02.prefab using Guid(47a80870cceb48b408dd661a8f1a7764) Importer(815301076,1909f56bfc062723c751e8b465ee728b) (PreviewImporter) -> (Import Result ID: 'be6cbd8ed2da0372764af15b92ac43b9') in 0.0808748 seconds [static and dynamic dependencies]. Details - ImportResultOutputID=5e1bf7b7f0fd40740052ddb50e1aee81 DependenciesID=f31cb8c32c8f31910c012d91ca918126 StaticDependenciesID=978a15f8739d7620e2b7358e1b136fe5 
Number of updated asset objects reloaded before import = 0Number of asset objects unloaded after import = 15

========================================================================
Received Import Request.
  Time since last request: 129.643077 seconds.
  path: Assets/PrefabInstance/Oak.prefab
  importAddress: Guid(dad9618c60efc384fbef8501276673c6) Importer(815301076,1909f56bfc062723c751e8b465ee728b)
Start importing Assets/PrefabInstance/Oak.prefab using Guid(dad9618c60efc384fbef8501276673c6) Importer(815301076,1909f56bfc062723c751e8b465ee728b) (PreviewImporter) -> (Import Result ID: 'e351e4f223b81aaf4e39745fef4c76ba') in 0.3283817 seconds [static and dynamic dependencies]. Details - ImportResultOutputID=c9a35441441fbf4a7cdb1543372792d4 DependenciesID=5629f1b4bff580e47e8da8d077886e39 StaticDependenciesID=6743b81ec38443a1c20d4581b689482e 
Number of updated asset objects reloaded before import = 0Number of asset objects unloaded after import = 213

========================================================================
Received Import Request.
  Time since last request: 79.843389 seconds.
  path: Assets/Mesh/Cube_14.asset
  importAddress: Guid(6ae751f0f512ab940a48ba75563e44a1) Importer(815301076,1909f56bfc062723c751e8b465ee728b)
Start importing Assets/Mesh/Cube_14.asset using Guid(6ae751f0f512ab940a48ba75563e44a1) Importer(815301076,1909f56bfc062723c751e8b465ee728b) (PreviewImporter) -> (Import Result ID: 'c73422ff3232a0424eb6e1a46f6ff495') in 0.1115385 seconds [static and dynamic dependencies]. Details - ImportResultOutputID=570bd337e20e5f02c50e2446448f7e3b DependenciesID=a2c594db3372a3b6517ace013f60bfdd StaticDependenciesID=520f1912a3f07b2f33b29ff51f284d6f 
Number of updated asset objects reloaded before import = 0Number of asset objects unloaded after import = 2

========================================================================
Received Import Request.
  Time since last request: 19.397494 seconds.
  path: Assets/Vehicles/Material/blinn2SG.mat
  importAddress: Guid(a4bf654e5408de245a918047f287ad62) Importer(815301076,1909f56bfc062723c751e8b465ee728b)
Start importing Assets/Vehicles/Material/blinn2SG.mat using Guid(a4bf654e5408de245a918047f287ad62) Importer(815301076,1909f56bfc062723c751e8b465ee728b) (PreviewImporter) -> (Import Result ID: '02b389fc492724f55e72cbe4079f59fa') in 0.085161 seconds [static and dynamic dependencies]. Details - ImportResultOutputID=a9bbcb7d9923cbba24b082dfa0a1475f DependenciesID=6faffcf57a52c07d028c99f107d6e590 StaticDependenciesID=0051b0137c2533285d090c73bb1a79dd 
Number of updated asset objects reloaded before import = 0Number of asset objects unloaded after import = 1

========================================================================
Received Import Request.
  Time since last request: 0.000050 seconds.
  path: Assets/Texture2D/BoatTexture_displace.png
  importAddress: Guid(fc26fafdd7390754eb8fc1868edba611) Importer(815301076,1909f56bfc062723c751e8b465ee728b)
Start importing Assets/Texture2D/BoatTexture_displace.png using Guid(fc26fafdd7390754eb8fc1868edba611) Importer(815301076,1909f56bfc062723c751e8b465ee728b) (PreviewImporter) -> (Import Result ID: '4e3d070443e10858c0daa1a24984df33') in 0.0635219 seconds [static and dynamic dependencies]. Details - ImportResultOutputID=c05a08e31fb0b42739be690f9618f1a1 DependenciesID=044958e808eda3e60e2b3d11bf5b432e StaticDependenciesID=5566257b94a6f0285a107d740a507cdd 
Number of updated asset objects reloaded before import = 0Number of asset objects unloaded after import = 2

========================================================================
Received Import Request.
  Time since last request: 0.000044 seconds.
  path: Assets/Texture2D/Boat.png
  importAddress: Guid(515ebedb45c63c343a956810fac968fd) Importer(815301076,1909f56bfc062723c751e8b465ee728b)
Start importing Assets/Texture2D/Boat.png using Guid(515ebedb45c63c343a956810fac968fd) Importer(815301076,1909f56bfc062723c751e8b465ee728b) (PreviewImporter) -> (Import Result ID: 'c93a2ca6a8e96ace77d3edab6a096111') in 0.0146665 seconds [static and dynamic dependencies]. Details - ImportResultOutputID=660d58219333caa86ada94cd53c5f3f3 DependenciesID=fb26fc1733e905ce5322b5289c7e9ffc StaticDependenciesID=0f0eab2a72089a59e3c0e27c489f4a48 
Number of updated asset objects reloaded before import = 0Number of asset objects unloaded after import = 2

========================================================================
Received Import Request.
  Time since last request: 0.000136 seconds.
  path: Assets/Material/Blood.mat
  importAddress: Guid(565a7cb2ef1bd58498e20ee3a928be58) Importer(815301076,1909f56bfc062723c751e8b465ee728b)
Start importing Assets/Material/Blood.mat using Guid(565a7cb2ef1bd58498e20ee3a928be58) Importer(815301076,1909f56bfc062723c751e8b465ee728b) (PreviewImporter) -> (Import Result ID: '36500cc78ef45d7e2718c7e93155ec16') in 0.0583858 seconds [static and dynamic dependencies]. Details - ImportResultOutputID=0ade8e4193c55c295c85363b14fbda7b DependenciesID=3aacc71e93ef7a5f7c78c7ce5896b2e7 StaticDependenciesID=2270567b2895311a4001838267e09daf 
Number of updated asset objects reloaded before import = 0Number of asset objects unloaded after import = 1

========================================================================
Received Import Request.
  Time since last request: 0.000035 seconds.
  path: Assets/Texture2D/BoatTexture.png
  importAddress: Guid(ec879902e3afbb64f93cf34b58462c1b) Importer(815301076,1909f56bfc062723c751e8b465ee728b)
Start importing Assets/Texture2D/BoatTexture.png using Guid(ec879902e3afbb64f93cf34b58462c1b) Importer(815301076,1909f56bfc062723c751e8b465ee728b) (PreviewImporter) -> (Import Result ID: '2f39932acac198da3e229b215913a54c') in 0.0538683 seconds [static and dynamic dependencies]. Details - ImportResultOutputID=9ed805d7131b9c21533575734aeb0fe5 DependenciesID=e4e8e81e31770a23a722a99b746bf65e StaticDependenciesID=71980fc34818e73155ccf74a3db60d09 
Number of updated asset objects reloaded before import = 0Number of asset objects unloaded after import = 2

========================================================================
Received Import Request.
  Time since last request: 0.000038 seconds.
  path: Assets/TextMesh Pro/Examples & Extras/Resources/Color Gradient Presets/Blue to Purple - Vertical.asset
  importAddress: Guid(479a66fa4b094512a62b0a8e553ad95a) Importer(815301076,1909f56bfc062723c751e8b465ee728b)
Start importing Assets/TextMesh Pro/Examples & Extras/Resources/Color Gradient Presets/Blue to Purple - Vertical.asset using Guid(479a66fa4b094512a62b0a8e553ad95a) Importer(815301076,1909f56bfc062723c751e8b465ee728b) (PreviewImporter) -> (Import Result ID: 'dc2fb3c03b84cfdcfd486feda9a05f28') in 0.0033202 seconds [static and dynamic dependencies]. Details - ImportResultOutputID=eedf09cb19c03e0ffc81f98c6a362cbd DependenciesID=40edfd90e1e26d0f4945806bbd53a4c2 StaticDependenciesID=890018e642c0298516f869dd81d2e12c 
Number of updated asset objects reloaded before import = 0Number of asset objects unloaded after import = 1

========================================================================
Received Import Request.
  Time since last request: 0.000030 seconds.
  path: Assets/AudioClip/Boat_Water.wav
  importAddress: Guid(62d33b3c88f85c946a07e0c3f0b6b4e6) Importer(815301076,1909f56bfc062723c751e8b465ee728b)
Start importing Assets/AudioClip/Boat_Water.wav using Guid(62d33b3c88f85c946a07e0c3f0b6b4e6) Importer(815301076,1909f56bfc062723c751e8b465ee728b) (PreviewImporter) -> (Import Result ID: 'd1bc9b149c289d0527e9cf79f65e3b4a') in 0.0245709 seconds [static and dynamic dependencies]. Details - ImportResultOutputID=913685e67296d5e84022538214930428 DependenciesID=b4eb34163af2e81bf12978379b49d10b StaticDependenciesID=ee4c8990b81f66bab532d82d201926ed 
Number of updated asset objects reloaded before import = 0Number of asset objects unloaded after import = 2

========================================================================
Received Import Request.
  Time since last request: 0.000040 seconds.
  path: Assets/ScriptableObject/Mobs/Bob.asset
  importAddress: Guid(bb088421128f57c4f9c9d93d21404f16) Importer(815301076,1909f56bfc062723c751e8b465ee728b)
Start importing Assets/ScriptableObject/Mobs/Bob.asset using Guid(bb088421128f57c4f9c9d93d21404f16) Importer(815301076,1909f56bfc062723c751e8b465ee728b) (PreviewImporter) -> (Import Result ID: '49eaafefd4956aa6f84869ab0f18dead') in 0.0741193 seconds [static and dynamic dependencies]. Details - ImportResultOutputID=5d5a8e095d20c21855cc216af37a2aa1 DependenciesID=a094f4e736d0ac71d8c9bd5af5baa3bc StaticDependenciesID=bf2ea6b1e5d6a9111fa047ba6446da37 
Number of updated asset objects reloaded before import = 0Number of asset objects unloaded after import = 460

========================================================================
Received Import Request.
  Time since last request: 0.000044 seconds.
  path: Assets/Texture2D/BluePillTexture.png
  importAddress: Guid(8c9cca604e9c1414bb07abdedfa5a80a) Importer(815301076,1909f56bfc062723c751e8b465ee728b)
Start importing Assets/Texture2D/BluePillTexture.png using Guid(8c9cca604e9c1414bb07abdedfa5a80a) Importer(815301076,1909f56bfc062723c751e8b465ee728b) (PreviewImporter) -> (Import Result ID: '880f9f235c282afc354c9a359ca62e0d') in 0.0296607 seconds [static and dynamic dependencies]. Details - ImportResultOutputID=ff64236ff18b9fc6fb2647c7cf029665 DependenciesID=55996861afca326b84ebab05e15ab74c StaticDependenciesID=9c49af1843c7b4ef84f3b368870ff705 
Number of updated asset objects reloaded before import = 0Number of asset objects unloaded after import = 2

========================================================================
Received Import Request.
  Time since last request: 0.000079 seconds.
  path: Assets/Material/Blueprint.mat
  importAddress: Guid(5d1af75222edae04eaad9438d9ec597e) Importer(815301076,1909f56bfc062723c751e8b465ee728b)
Start importing Assets/Material/Blueprint.mat using Guid(5d1af75222edae04eaad9438d9ec597e) Importer(815301076,1909f56bfc062723c751e8b465ee728b) (PreviewImporter) -> (Import Result ID: 'efb8f07b3e313676aabf34e30d18a2fe') in 0.0928175 seconds [static and dynamic dependencies]. Details - ImportResultOutputID=f6a9c9ae48f3fbb8de9f536404f9a534 DependenciesID=477ef817bcfc086c50d854fc8559a240 StaticDependenciesID=a2395a36d546129c32f97796ca2004a6 
Number of updated asset objects reloaded before import = 0Number of asset objects unloaded after import = 1

========================================================================
Received Import Request.
  Time since last request: 0.266892 seconds.
  path: Assets/PolygonFantasyKingdom/Models/Convex/SM_Prop_Barrel_Stack_02_Convex.asset
  importAddress: Guid(19fb79a8c8ed4044a91522633ec2f760) Importer(815301076,1909f56bfc062723c751e8b465ee728b)
Start importing Assets/PolygonFantasyKingdom/Models/Convex/SM_Prop_Barrel_Stack_02_Convex.asset using Guid(19fb79a8c8ed4044a91522633ec2f760) Importer(815301076,1909f56bfc062723c751e8b465ee728b) (PreviewImporter) -> (Import Result ID: '67d65d81fa96ff6294e65cf5028db550') in 0.0263946 seconds [static and dynamic dependencies]. Details - ImportResultOutputID=0a3ee254a816900ebd364b94c8d381c4 DependenciesID=df58f9892076d1178f916175a966c3bb StaticDependenciesID=7c75912004da2166de6f30a10e6ae7e0 
Number of updated asset objects reloaded before import = 0Number of asset objects unloaded after import = 2

========================================================================
Received Import Request.
  Time since last request: 0.000067 seconds.
  path: Assets/PolygonFantasyKingdom/Models/SM_Prop_Barrel_Stack_04.fbx
  importAddress: Guid(a43ac6c4fe47cf04c975b63bd947a172) Importer(815301076,1909f56bfc062723c751e8b465ee728b)
Start importing Assets/PolygonFantasyKingdom/Models/SM_Prop_Barrel_Stack_04.fbx using Guid(a43ac6c4fe47cf04c975b63bd947a172) Importer(815301076,1909f56bfc062723c751e8b465ee728b) (PreviewImporter) -> (Import Result ID: 'a0aeb61ec9341c8416579396c892a1d4') in 0.0498289 seconds [static and dynamic dependencies]. Details - ImportResultOutputID=220b83c605c31db6379d0d085dbd9c1b DependenciesID=d42f466e5ad78893bb65bb4fc7c3d8fa StaticDependenciesID=fd491fd2230cd97a00e5bc7b132db910 
Number of updated asset objects reloaded before import = 0Number of asset objects unloaded after import = 7

========================================================================
Received Import Request.
  Time since last request: 0.000353 seconds.
  path: Assets/PolygonFantasyKingdom/Models/SM_Prop_Table_Barrel_01.fbx
  importAddress: Guid(bb5dae01881bd334799c679fc482f7b9) Importer(815301076,1909f56bfc062723c751e8b465ee728b)
Start importing Assets/PolygonFantasyKingdom/Models/SM_Prop_Table_Barrel_01.fbx using Guid(bb5dae01881bd334799c679fc482f7b9) Importer(815301076,1909f56bfc062723c751e8b465ee728b) (PreviewImporter) -> (Import Result ID: '677b70a7fc9c33edaafff024ad03ff81') in 0.0282738 seconds [static and dynamic dependencies]. Details - ImportResultOutputID=1494c38c5d035df37bd64acbbae4be0d DependenciesID=b757fbfd3aee1c09f5e1f38f0e4ae308 StaticDependenciesID=726d6c4adab8979a2c568a29586a4eeb 
Number of updated asset objects reloaded before import = 0Number of asset objects unloaded after import = 7

========================================================================
Received Import Request.
  Time since last request: 0.001058 seconds.
  path: Assets/PolygonFantasyKingdom/Models/SM_Wep_Cannon_01.fbx
  importAddress: Guid(6c8c3993dda56fb4885dd675588242ba) Importer(815301076,1909f56bfc062723c751e8b465ee728b)
Start importing Assets/PolygonFantasyKingdom/Models/SM_Wep_Cannon_01.fbx using Guid(6c8c3993dda56fb4885dd675588242ba) Importer(815301076,1909f56bfc062723c751e8b465ee728b) (PreviewImporter) -> (Import Result ID: '93814e9b2e6da431bc0722f0f28b7eb3') in 0.1228352 seconds [static and dynamic dependencies]. Details - ImportResultOutputID=8fc0681281dc700f9ccf5aa93c138054 DependenciesID=64e298887de9800af11fc57afc9f0411 StaticDependenciesID=a887d78097688bb2080355ffd5734974 
Number of updated asset objects reloaded before import = 0Number of asset objects unloaded after import = 22

========================================================================
Received Import Request.
  Time since last request: 0.000031 seconds.
  path: Assets/PolygonFantasyKingdom/Models/SM_Prop_Barrel_Stack_03.fbx
  importAddress: Guid(305f1f2c25d008d4d9b7ebf18887151a) Importer(815301076,1909f56bfc062723c751e8b465ee728b)
Start importing Assets/PolygonFantasyKingdom/Models/SM_Prop_Barrel_Stack_03.fbx using Guid(305f1f2c25d008d4d9b7ebf18887151a) Importer(815301076,1909f56bfc062723c751e8b465ee728b) (PreviewImporter) -> (Import Result ID: '8af17352f1f18b3dfe8e4912e4c95249') in 0.0276201 seconds [static and dynamic dependencies]. Details - ImportResultOutputID=8f6ddfe225b0e18089c6992dcd1ecf95 DependenciesID=72884136c3c2d7120a3737db9fcf73a5 StaticDependenciesID=0599b0574d34e5a96c38c5791494abdb 
Number of updated asset objects reloaded before import = 0Number of asset objects unloaded after import = 7

========================================================================
Received Import Request.
  Time since last request: 0.000039 seconds.
  path: Assets/PolygonFantasyKingdom/Prefabs/Props/SM_Prop_Table_Barrel_01.prefab
  importAddress: Guid(96b4b2f50cd4d8d489614dcb50e26479) Importer(815301076,1909f56bfc062723c751e8b465ee728b)
Start importing Assets/PolygonFantasyKingdom/Prefabs/Props/SM_Prop_Table_Barrel_01.prefab using Guid(96b4b2f50cd4d8d489614dcb50e26479) Importer(815301076,1909f56bfc062723c751e8b465ee728b) (PreviewImporter) -> (Import Result ID: '6a2ea93aad3f86dea955db2273b38aab') in 0.1025278 seconds [static and dynamic dependencies]. Details - ImportResultOutputID=006047ae64210ae5b6c2cedcbc61d82d DependenciesID=b3c252f2a7c36a21c57515cd775c7794 StaticDependenciesID=070a1df35748f4d8628a95ae1856e319 
Number of updated asset objects reloaded before import = 0Number of asset objects unloaded after import = 13

========================================================================
Received Import Request.
  Time since last request: 0.000053 seconds.
  path: Assets/PolygonFantasyKingdom/Models/Convex/SM_Prop_Barrel_Stack_04_Convex.asset
  importAddress: Guid(dc37c18dcf27e9c4e8d9f09dad7a959d) Importer(815301076,1909f56bfc062723c751e8b465ee728b)
Start importing Assets/PolygonFantasyKingdom/Models/Convex/SM_Prop_Barrel_Stack_04_Convex.asset using Guid(dc37c18dcf27e9c4e8d9f09dad7a959d) Importer(815301076,1909f56bfc062723c751e8b465ee728b) (PreviewImporter) -> (Import Result ID: '9e19ff4d5e6c5ee65f9c027e6822d748') in 0.0155803 seconds [static and dynamic dependencies]. Details - ImportResultOutputID=bad5d950560c211ccc315c11b523bdc8 DependenciesID=8982cbe4a59d6811b59a95d0574aa514 StaticDependenciesID=870101e69545b663c09079674fec32b1 
Number of updated asset objects reloaded before import = 0Number of asset objects unloaded after import = 2

========================================================================
Received Import Request.
  Time since last request: 0.418775 seconds.
  path: Assets/PolygonFantasyKingdom/Prefabs/FX_Prefabs/FX_Catapult_Barrage_01.prefab
  importAddress: Guid(d57a91ba56d84fb48ac84e266120fbb5) Importer(815301076,1909f56bfc062723c751e8b465ee728b)
Start importing Assets/PolygonFantasyKingdom/Prefabs/FX_Prefabs/FX_Catapult_Barrage_01.prefab using Guid(d57a91ba56d84fb48ac84e266120fbb5) Importer(815301076,1909f56bfc062723c751e8b465ee728b) (PreviewImporter) -> (Import Result ID: '8727a9cf8150fae879489f17efe797ff') in 0.2874177 seconds [static and dynamic dependencies]. Details - ImportResultOutputID=fa6ff19a10974c486e445d33af9c66c6 DependenciesID=b2d7964a2c39e8ff8c218fb3362a7231 StaticDependenciesID=513c37e107f496ef52092e410a1fbd51 
Number of updated asset objects reloaded before import = 0Number of asset objects unloaded after import = 112

========================================================================
Received Import Request.
  Time since last request: 2.693141 seconds.
  path: Assets/PolygonFantasyKingdom/Prefabs/Props/SM_Prop_Barrel_01.prefab
  importAddress: Guid(b26e035715d763f409a7e837ae204dab) Importer(815301076,1909f56bfc062723c751e8b465ee728b)
Start importing Assets/PolygonFantasyKingdom/Prefabs/Props/SM_Prop_Barrel_01.prefab using Guid(b26e035715d763f409a7e837ae204dab) Importer(815301076,1909f56bfc062723c751e8b465ee728b) (PreviewImporter) -> (Import Result ID: '37922322cdedaebc0850adbe0cc74aa1') in 0.0890587 seconds [static and dynamic dependencies]. Details - ImportResultOutputID=6dd938f195c6f5a97523e9680ac6eba0 DependenciesID=eed9f44e5e80fbe56ce380ad2a250928 StaticDependenciesID=1c97f1c97f8f1436d95eb6917af3c152 
Number of updated asset objects reloaded before import = 0Number of asset objects unloaded after import = 13

========================================================================
Received Import Request.
  Time since last request: 0.000044 seconds.
  path: Assets/PolygonFantasyKingdom/Models/SM_Prop_Barrel_Dispenser_Large_01.fbx
  importAddress: Guid(62a78b7f22a85d34aa140d5abfa01372) Importer(815301076,1909f56bfc062723c751e8b465ee728b)
Start importing Assets/PolygonFantasyKingdom/Models/SM_Prop_Barrel_Dispenser_Large_01.fbx using Guid(62a78b7f22a85d34aa140d5abfa01372) Importer(815301076,1909f56bfc062723c751e8b465ee728b) (PreviewImporter) -> (Import Result ID: '98bdd7a3318907210b261a12502e9951') in 0.035894 seconds [static and dynamic dependencies]. Details - ImportResultOutputID=40ba17180e782e247119ac1e3c8f98de DependenciesID=044c22c2604d7ef4920ddcde5997bc49 StaticDependenciesID=beaa63baa197ffc2c26aaff4755554a9 
Number of updated asset objects reloaded before import = 0Number of asset objects unloaded after import = 7

========================================================================
Received Import Request.
  Time since last request: 0.000030 seconds.
  path: Assets/PolygonFantasyKingdom/Models/SM_Prop_Barrel_Dispenser_Small_01.fbx
  importAddress: Guid(73d26413abee1a9469ec78bd1e8c83e0) Importer(815301076,1909f56bfc062723c751e8b465ee728b)
Start importing Assets/PolygonFantasyKingdom/Models/SM_Prop_Barrel_Dispenser_Small_01.fbx using Guid(73d26413abee1a9469ec78bd1e8c83e0) Importer(815301076,1909f56bfc062723c751e8b465ee728b) (PreviewImporter) -> (Import Result ID: 'f453b322e846dfdea4f50264783464f4') in 0.0365006 seconds [static and dynamic dependencies]. Details - ImportResultOutputID=f5e56be7132a0dfea5258f50d9049ad3 DependenciesID=cfd51ebb5aba967cccae63e43765d107 StaticDependenciesID=eb83befc40398db5e3244402afa30d34 
Number of updated asset objects reloaded before import = 0Number of asset objects unloaded after import = 7

========================================================================
Received Import Request.
  Time since last request: 0.000046 seconds.
  path: Assets/PolygonFantasyKingdom/Models/Convex/SM_Prop_Barrel_Stack_01_Convex.asset
  importAddress: Guid(062c1eba989d9bf4bbeec6001a917613) Importer(815301076,1909f56bfc062723c751e8b465ee728b)
Start importing Assets/PolygonFantasyKingdom/Models/Convex/SM_Prop_Barrel_Stack_01_Convex.asset using Guid(062c1eba989d9bf4bbeec6001a917613) Importer(815301076,1909f56bfc062723c751e8b465ee728b) (PreviewImporter) -> (Import Result ID: '4b17621b89396c780a8267a03776eab4') in 0.0142263 seconds [static and dynamic dependencies]. Details - ImportResultOutputID=ef7a69068b5bacc021a33551f48585a8 DependenciesID=8b9f8268d7b13d1c9e61bb9e184998c5 StaticDependenciesID=a4a3dba3a8ec45abaca97cd0b8255e88 
Number of updated asset objects reloaded before import = 0Number of asset objects unloaded after import = 2

========================================================================
Received Import Request.
  Time since last request: 0.000057 seconds.
  path: Assets/PolygonFantasyKingdom/Models/Convex/SM_Prop_Barrel_01_Convex.asset
  importAddress: Guid(18bdadcd56cafef4e957c693a3bb062e) Importer(815301076,1909f56bfc062723c751e8b465ee728b)
Start importing Assets/PolygonFantasyKingdom/Models/Convex/SM_Prop_Barrel_01_Convex.asset using Guid(18bdadcd56cafef4e957c693a3bb062e) Importer(815301076,1909f56bfc062723c751e8b465ee728b) (PreviewImporter) -> (Import Result ID: '0dc46c83fa315cbbe01cd79f4e4edb8d') in 0.0276395 seconds [static and dynamic dependencies]. Details - ImportResultOutputID=71dd735979278c817121bb3189a9bc1c DependenciesID=5e4ae67c198fb267ec1897179f741fe5 StaticDependenciesID=ecfec2ea966c6bd3cc0a7dab1da135c3 
Number of updated asset objects reloaded before import = 0Number of asset objects unloaded after import = 2

========================================================================
Received Import Request.
  Time since last request: 0.000042 seconds.
  path: Assets/PolygonFantasyKingdom/Models/Convex/SM_Prop_Barrel_Dispenser_Small_01_Convex.asset
  importAddress: Guid(f6d458404997c3641b631c18542852be) Importer(815301076,1909f56bfc062723c751e8b465ee728b)
Start importing Assets/PolygonFantasyKingdom/Models/Convex/SM_Prop_Barrel_Dispenser_Small_01_Convex.asset using Guid(f6d458404997c3641b631c18542852be) Importer(815301076,1909f56bfc062723c751e8b465ee728b) (PreviewImporter) -> (Import Result ID: '5c260fae3aea3ad68a2cba8cce17ff36') in 0.0162696 seconds [static and dynamic dependencies]. Details - ImportResultOutputID=1c59d7de2686d8c0a00fdeadf4b377e7 DependenciesID=be506e2935395e942c55ba0aa0080121 StaticDependenciesID=85065120210d06bcbecafbca01ebb894 
Number of updated asset objects reloaded before import = 0Number of asset objects unloaded after import = 2

========================================================================
Received Import Request.
  Time since last request: 0.000036 seconds.
  path: Assets/PolygonFantasyKingdom/Models/Convex/SM_Prop_Barrel_Arrows_01_Convex.asset
  importAddress: Guid(fef6f922a36d1f444ae8c92903d200dc) Importer(815301076,1909f56bfc062723c751e8b465ee728b)
Start importing Assets/PolygonFantasyKingdom/Models/Convex/SM_Prop_Barrel_Arrows_01_Convex.asset using Guid(fef6f922a36d1f444ae8c92903d200dc) Importer(815301076,1909f56bfc062723c751e8b465ee728b) (PreviewImporter) -> (Import Result ID: '4ed78a501304e95dca0b8d9b1dda537c') in 0.0140657 seconds [static and dynamic dependencies]. Details - ImportResultOutputID=08bb4c7de7a31d0c6e9203ec17d43317 DependenciesID=9b35cb917ef6291be97673cc4fb3df37 StaticDependenciesID=1318433b993b24330bd62294449b7d4b 
Number of updated asset objects reloaded before import = 0Number of asset objects unloaded after import = 2

========================================================================
Received Import Request.
  Time since last request: 0.000032 seconds.
  path: Assets/PolygonFantasyKingdom/Models/SM_Prop_Barrel_Arrows_01.fbx
  importAddress: Guid(cd027fc2704a82145bc9826e4bac757c) Importer(815301076,1909f56bfc062723c751e8b465ee728b)
Start importing Assets/PolygonFantasyKingdom/Models/SM_Prop_Barrel_Arrows_01.fbx using Guid(cd027fc2704a82145bc9826e4bac757c) Importer(815301076,1909f56bfc062723c751e8b465ee728b) (PreviewImporter) -> (Import Result ID: 'f018e1f3dc8a062b17280b67c1e5cc14') in 0.0222512 seconds [static and dynamic dependencies]. Details - ImportResultOutputID=8e2b3c2abd40647f3b02ccc3923928d5 DependenciesID=3dd0e57308a81676bbe0df795fe9baab StaticDependenciesID=3702aa7ee900ceeb2ae08d5d0509998d 
Number of updated asset objects reloaded before import = 0Number of asset objects unloaded after import = 7

========================================================================
Received Import Request.
  Time since last request: 0.000033 seconds.
  path: Assets/PolygonFantasyKingdom/Models/Convex/SM_Prop_Barrel_Dispenser_Large_01_Convex.asset
  importAddress: Guid(73b418882e708ea43a11cab201e61fcf) Importer(815301076,1909f56bfc062723c751e8b465ee728b)
Start importing Assets/PolygonFantasyKingdom/Models/Convex/SM_Prop_Barrel_Dispenser_Large_01_Convex.asset using Guid(73b418882e708ea43a11cab201e61fcf) Importer(815301076,1909f56bfc062723c751e8b465ee728b) (PreviewImporter) -> (Import Result ID: 'f7b4bb525bdc54b48772daac9c8975d1') in 0.0182317 seconds [static and dynamic dependencies]. Details - ImportResultOutputID=8f9f7f04978aba5390c5dcae87dbb15a DependenciesID=6536aa7e3e902e340e53d898e028ab3d StaticDependenciesID=4a1f2ce0c9fe3d6a7abcfe92b71d52a9 
Number of updated asset objects reloaded before import = 0Number of asset objects unloaded after import = 2

========================================================================
Received Import Request.
  Time since last request: 0.000054 seconds.
  path: Assets/PolygonFantasyKingdom/Prefabs/Props/SM_Prop_Barrel_Dispenser_Small_01.prefab
  importAddress: Guid(701f0fb9f7bd2f542aa3be8c738e2d80) Importer(815301076,1909f56bfc062723c751e8b465ee728b)
Start importing Assets/PolygonFantasyKingdom/Prefabs/Props/SM_Prop_Barrel_Dispenser_Small_01.prefab using Guid(701f0fb9f7bd2f542aa3be8c738e2d80) Importer(815301076,1909f56bfc062723c751e8b465ee728b) (PreviewImporter) -> (Import Result ID: '52461077158bf35eba9e36394602f091') in 0.0595225 seconds [static and dynamic dependencies]. Details - ImportResultOutputID=5f80eb806357f84bcb3545013a4ea56e DependenciesID=a455812b00d36c17edd89575372e9c79 StaticDependenciesID=25f6d891078c25c7bfa9270a3cd87686 
Number of updated asset objects reloaded before import = 0Number of asset objects unloaded after import = 13

========================================================================
Received Import Request.
  Time since last request: 0.000042 seconds.
  path: Assets/PolygonFantasyKingdom/Models/SM_Prop_Barrel_Stack_02.fbx
  importAddress: Guid(e9a4f272f916874408244b54160aaf02) Importer(815301076,1909f56bfc062723c751e8b465ee728b)
Start importing Assets/PolygonFantasyKingdom/Models/SM_Prop_Barrel_Stack_02.fbx using Guid(e9a4f272f916874408244b54160aaf02) Importer(815301076,1909f56bfc062723c751e8b465ee728b) (PreviewImporter) -> (Import Result ID: '13907b12fdb2496456f162fbb9c4e15c') in 0.0284183 seconds [static and dynamic dependencies]. Details - ImportResultOutputID=cc761f919f8dd275898f1e6544dccfe6 DependenciesID=f2bc799cefe5bc334e6848e9f5e90bff StaticDependenciesID=91626806d6acb1f1d8a748a0f9ee3c8d 
Number of updated asset objects reloaded before import = 0Number of asset objects unloaded after import = 7

========================================================================
Received Import Request.
  Time since last request: 95.076988 seconds.
  path: Assets/PolygonFantasyKingdom/Prefabs/FX_Prefabs/FX_CandleFlame_Single.prefab
  importAddress: Guid(c06fd471086e8ce429c21d1bd2e1a302) Importer(815301076,1909f56bfc062723c751e8b465ee728b)
Start importing Assets/PolygonFantasyKingdom/Prefabs/FX_Prefabs/FX_CandleFlame_Single.prefab using Guid(c06fd471086e8ce429c21d1bd2e1a302) Importer(815301076,1909f56bfc062723c751e8b465ee728b) (PreviewImporter) -> (Import Result ID: '50aedc57bcfe2bda8eabfe79b94f5e44') in 0.0588515 seconds [static and dynamic dependencies]. Details - ImportResultOutputID=ebf7e3c248fa98d8866ff7b305ac8e30 DependenciesID=4826b65c9752e0491c998cf8e2294d59 StaticDependenciesID=e79852e2527739b1928e9d0463aab26f 
Number of updated asset objects reloaded before import = 0Number of asset objects unloaded after import = 9

========================================================================
Received Import Request.
  Time since last request: 0.000811 seconds.
  path: Assets/PolygonFantasyKingdom/Prefabs/FX_Prefabs/FX_Fountain_01.prefab
  importAddress: Guid(c084dd59e75510f4c8db86b5c15ecc50) Importer(815301076,1909f56bfc062723c751e8b465ee728b)
Start importing Assets/PolygonFantasyKingdom/Prefabs/FX_Prefabs/FX_Fountain_01.prefab using Guid(c084dd59e75510f4c8db86b5c15ecc50) Importer(815301076,1909f56bfc062723c751e8b465ee728b) (PreviewImporter) -> (Import Result ID: '3698854ea8371aa2cfaa53de3e5ab18e') in 0.026127 seconds [static and dynamic dependencies]. Details - ImportResultOutputID=290ea3f5bc26eb0d4072f8bfdc4a42d3 DependenciesID=dfaad34e82cfc3f6d8e92e3ba25e3329 StaticDependenciesID=eb5e999bdcf892fc5657cd4bd91db0b6 
Number of updated asset objects reloaded before import = 0Number of asset objects unloaded after import = 8

========================================================================
Received Import Request.
  Time since last request: 0.000037 seconds.
  path: Assets/PolygonFantasyKingdom/Prefabs/FX_Prefabs/FX_Magic_Lights_01.prefab
  importAddress: Guid(2e46678e6e7acb74dae8fd8a1d79601b) Importer(815301076,1909f56bfc062723c751e8b465ee728b)
Start importing Assets/PolygonFantasyKingdom/Prefabs/FX_Prefabs/FX_Magic_Lights_01.prefab using Guid(2e46678e6e7acb74dae8fd8a1d79601b) Importer(815301076,1909f56bfc062723c751e8b465ee728b) (PreviewImporter) -> (Import Result ID: '41dd3fe2966cf82050dc283764e44da1') in 0.0319557 seconds [static and dynamic dependencies]. Details - ImportResultOutputID=b2395f4321fe83aa36fbdc2265837cc7 DependenciesID=96b58fcc35e03972b054bd521af3462d StaticDependenciesID=2dec775c5ee1176999b2e8380eaf155a 
Number of updated asset objects reloaded before import = 0Number of asset objects unloaded after import = 7

========================================================================
Received Import Request.
  Time since last request: 0.002383 seconds.
  path: Assets/PolygonFantasyKingdom/Prefabs/FX_Prefabs/FX_Dust_Big_01.prefab
  importAddress: Guid(2b7b429ef7f8c2346bd520ebe1693543) Importer(815301076,1909f56bfc062723c751e8b465ee728b)
Start importing Assets/PolygonFantasyKingdom/Prefabs/FX_Prefabs/FX_Dust_Big_01.prefab using Guid(2b7b429ef7f8c2346bd520ebe1693543) Importer(815301076,1909f56bfc062723c751e8b465ee728b) (PreviewImporter) -> (Import Result ID: '933780d04fb84b79b7c52ba3da873b61') in 0.0238024 seconds [static and dynamic dependencies]. Details - ImportResultOutputID=ab28c62d65abe9e10dbf10b08e6f4d07 DependenciesID=87f2e96ffc0f8f8375e39f772ca00939 StaticDependenciesID=9418e7575dcd9732ee6a8f8bd0d6da27 
Number of updated asset objects reloaded before import = 0Number of asset objects unloaded after import = 8

========================================================================
Received Import Request.
  Time since last request: 0.000036 seconds.
  path: Assets/PolygonFantasyKingdom/Prefabs/FX_Prefabs/FX_Fog_Small_01.prefab
  importAddress: Guid(0251ffe8d14a3ab42b7e74d9265ca3c7) Importer(815301076,1909f56bfc062723c751e8b465ee728b)
Start importing Assets/PolygonFantasyKingdom/Prefabs/FX_Prefabs/FX_Fog_Small_01.prefab using Guid(0251ffe8d14a3ab42b7e74d9265ca3c7) Importer(815301076,1909f56bfc062723c751e8b465ee728b) (PreviewImporter) -> (Import Result ID: '04ad1db5d45ce58c4a296bbe1ba82071') in 0.0235229 seconds [static and dynamic dependencies]. Details - ImportResultOutputID=cb3a7a55d1651574444c4741416cfc3a DependenciesID=a0b6f1ee12f3e3751a73bd3df1d0fa2b StaticDependenciesID=dc04838adc1366fdf225f34aaf25e740 
Number of updated asset objects reloaded before import = 0Number of asset objects unloaded after import = 8

========================================================================
Received Import Request.
  Time since last request: 0.000040 seconds.
  path: Assets/PolygonFantasyKingdom/Prefabs/FX_Prefabs/FX_Magic_Lights_02.prefab
  importAddress: Guid(ab407c5ee2fcbab428d8cb691ea3bd43) Importer(815301076,1909f56bfc062723c751e8b465ee728b)
Start importing Assets/PolygonFantasyKingdom/Prefabs/FX_Prefabs/FX_Magic_Lights_02.prefab using Guid(ab407c5ee2fcbab428d8cb691ea3bd43) Importer(815301076,1909f56bfc062723c751e8b465ee728b) (PreviewImporter) -> (Import Result ID: '7fc968c09f74879ef4adc176b51ab1ca') in 0.0204758 seconds [static and dynamic dependencies]. Details - ImportResultOutputID=525cd58199d484d38eb0acdde1048ef0 DependenciesID=c308bf12a1857d9c8c65ff7466256e37 StaticDependenciesID=ca810ae84aa2a796366dfda34715e396 
Number of updated asset objects reloaded before import = 0Number of asset objects unloaded after import = 7

========================================================================
Received Import Request.
  Time since last request: 0.000040 seconds.
  path: Assets/PolygonFantasyKingdom/Prefabs/FX_Prefabs/FX_SunBeams.prefab
  importAddress: Guid(29d06c673ff3f1948abb2e144ac73d66) Importer(815301076,1909f56bfc062723c751e8b465ee728b)
Start importing Assets/PolygonFantasyKingdom/Prefabs/FX_Prefabs/FX_SunBeams.prefab using Guid(29d06c673ff3f1948abb2e144ac73d66) Importer(815301076,1909f56bfc062723c751e8b465ee728b) (PreviewImporter) -> (Import Result ID: '1ed983368cd8084c05f4e4f3dc6bcbc4') in 0.0302172 seconds [static and dynamic dependencies]. Details - ImportResultOutputID=b76682d4d2a16080c875619f466588aa DependenciesID=26e3332e536c7fe11ca5331d720bd8de StaticDependenciesID=700cfd24774013af7c6cf039b2abe111 
Number of updated asset objects reloaded before import = 0Number of asset objects unloaded after import = 9

========================================================================
Received Import Request.
  Time since last request: 0.000046 seconds.
  path: Assets/PolygonFantasyKingdom/Prefabs/FX_Prefabs/FX_Fog_Big_01.prefab
  importAddress: Guid(b833df0b5acd5ad40ab93c6c0187d4fc) Importer(815301076,1909f56bfc062723c751e8b465ee728b)
Start importing Assets/PolygonFantasyKingdom/Prefabs/FX_Prefabs/FX_Fog_Big_01.prefab using Guid(b833df0b5acd5ad40ab93c6c0187d4fc) Importer(815301076,1909f56bfc062723c751e8b465ee728b) (PreviewImporter) -> (Import Result ID: '36b0aa7a1ef03474c91ee9be266e7b36') in 0.0180964 seconds [static and dynamic dependencies]. Details - ImportResultOutputID=c32ab28f66172b5d2c7da77f26ad0f2d DependenciesID=a18fe229335116955df7d12937081d1f StaticDependenciesID=0c0ec2f4fdf3f514f266ac14bc87f1c0 
Number of updated asset objects reloaded before import = 0Number of asset objects unloaded after import = 7

========================================================================
Received Import Request.
  Time since last request: 6.370170 seconds.
  path: Assets/PolygonFantasyKingdom/Materials/FX_Materials/Smoke_Mat_01.mat
  importAddress: Guid(f55d44db4612b10438c11e63bc1ea9ca) Importer(815301076,1909f56bfc062723c751e8b465ee728b)
Start importing Assets/PolygonFantasyKingdom/Materials/FX_Materials/Smoke_Mat_01.mat using Guid(f55d44db4612b10438c11e63bc1ea9ca) Importer(815301076,1909f56bfc062723c751e8b465ee728b) (PreviewImporter) -> (Import Result ID: 'a0ddbd7570c18b0e4e9813ca30c0e340') in 0.0477984 seconds [static and dynamic dependencies]. Details - ImportResultOutputID=27e40fe5d01eac9fa50533b193c2b09f DependenciesID=a73ab5ec78e4c2a403442d9f8bfe4703 StaticDependenciesID=97eb20ca5d3462e4061c97061bf1e144 
Number of updated asset objects reloaded before import = 0Number of asset objects unloaded after import = 2

========================================================================
Received Prepare
Begin MonoManager ReloadAssembly
[Licensing::Client] Successfully resolved entitlement details
Assembly Assembly-CSharp-Editor-firstpass.dll at Library/ScriptAssemblies/Assembly-CSharp-Editor-firstpass.dll not valid. Loading of assembly skipped.
Assembly Assembly-CSharp-firstpass.dll at Library/ScriptAssemblies/Assembly-CSharp-firstpass.dll not valid. Loading of assembly skipped.
Assembly DocCodeExamples.dll at Library/ScriptAssemblies/DocCodeExamples.dll not valid. Loading of assembly skipped.
Assembly GdkToolsEditModeTests.dll at Library/ScriptAssemblies/GdkToolsEditModeTests.dll not valid. Loading of assembly skipped.
Assembly TestNewCustomAssembly.dll at Library/ScriptAssemblies/TestNewCustomAssembly.dll not valid. Loading of assembly skipped.
Assembly Unity.2D.Sprite.Package.EditorTests.dll at Library/ScriptAssemblies/Unity.2D.Sprite.Package.EditorTests.dll not valid. Loading of assembly skipped.
Assembly Unity.2D.Tilemap.Package.EditorTests.dll at Library/ScriptAssemblies/Unity.2D.Tilemap.Package.EditorTests.dll not valid. Loading of assembly skipped.
Assembly Unity.AI.Assistant.Integrations.Sample.Editor.dll at Library/ScriptAssemblies/Unity.AI.Assistant.Integrations.Sample.Editor.dll not valid. Loading of assembly skipped.
Assembly Unity.Analytics.DataPrivacy.Tests.dll at Library/ScriptAssemblies/Unity.Analytics.DataPrivacy.Tests.dll not valid. Loading of assembly skipped.
Assembly Unity.Analytics.StandardEvents.EditorTests.dll at Library/ScriptAssemblies/Unity.Analytics.StandardEvents.EditorTests.dll not valid. Loading of assembly skipped.
Assembly Unity.AppUI.Editor.Tests.dll at Library/ScriptAssemblies/Unity.AppUI.Editor.Tests.dll not valid. Loading of assembly skipped.
Assembly Unity.AppUI.Tests.dll at Library/ScriptAssemblies/Unity.AppUI.Tests.dll not valid. Loading of assembly skipped.
Assembly Unity.Collections.BurstCompatibilityGen.dll at Library/ScriptAssemblies/Unity.Collections.BurstCompatibilityGen.dll not valid. Loading of assembly skipped.
Assembly Unity.Collections.DocCodeSamples.dll at Library/ScriptAssemblies/Unity.Collections.DocCodeSamples.dll not valid. Loading of assembly skipped.
Assembly Unity.Collections.PerformanceTests.dll at Library/ScriptAssemblies/Unity.Collections.PerformanceTests.dll not valid. Loading of assembly skipped.
Assembly Unity.Collections.Tests.dll at Library/ScriptAssemblies/Unity.Collections.Tests.dll not valid. Loading of assembly skipped.
Assembly Unity.Collections.Tests.Playmode.dll at Library/ScriptAssemblies/Unity.Collections.Tests.Playmode.dll not valid. Loading of assembly skipped.
Assembly Unity.Mathematics.Tests.dll at Library/ScriptAssemblies/Unity.Mathematics.Tests.dll not valid. Loading of assembly skipped.
Assembly Unity.Microsoft.GDK.Discovery.EditModeTests.dll at Library/ScriptAssemblies/Unity.Microsoft.GDK.Discovery.EditModeTests.dll not valid. Loading of assembly skipped.
Assembly Unity.Microsoft.GDK.Tests.dll at Library/ScriptAssemblies/Unity.Microsoft.GDK.Tests.dll not valid. Loading of assembly skipped.
Assembly Unity.Multiplayer.Center.Editor.Tests.dll at Library/ScriptAssemblies/Unity.Multiplayer.Center.Editor.Tests.dll not valid. Loading of assembly skipped.
Assembly Unity.Multiplayer.Center.Tests.dll at Library/ScriptAssemblies/Unity.Multiplayer.Center.Tests.dll not valid. Loading of assembly skipped.
Assembly Unity.Nuget.Mono-Cecil.dll at Library/ScriptAssemblies/Unity.Nuget.Mono-Cecil.dll not valid. Loading of assembly skipped.
Assembly Unity.Postprocessing.Editor.Tests.dll at Library/ScriptAssemblies/Unity.Postprocessing.Editor.Tests.dll not valid. Loading of assembly skipped.
Assembly Unity.Postprocessing.Runtime.Tests.dll at Library/ScriptAssemblies/Unity.Postprocessing.Runtime.Tests.dll not valid. Loading of assembly skipped.
Assembly Unity.Purchasing.Apple.dll at Library/ScriptAssemblies/Unity.Purchasing.Apple.dll not valid. Loading of assembly skipped.
Assembly Unity.Purchasing.AppleMacos.dll at Library/ScriptAssemblies/Unity.Purchasing.AppleMacos.dll not valid. Loading of assembly skipped.
Assembly Unity.Purchasing.Security.dll at Library/ScriptAssemblies/Unity.Purchasing.Security.dll not valid. Loading of assembly skipped.
Assembly Unity.Purchasing.TransactionVerifier.dll at Library/ScriptAssemblies/Unity.Purchasing.TransactionVerifier.dll not valid. Loading of assembly skipped.
Assembly Unity.TextMeshPro.Editor.Tests.dll at Library/ScriptAssemblies/Unity.TextMeshPro.Editor.Tests.dll not valid. Loading of assembly skipped.
Assembly Unity.TextMeshPro.Tests.dll at Library/ScriptAssemblies/Unity.TextMeshPro.Tests.dll not valid. Loading of assembly skipped.
Assembly UnityEditor.Purchasing.Authoring.dll at Library/ScriptAssemblies/UnityEditor.Purchasing.Authoring.dll not valid. Loading of assembly skipped.
Assembly UnityEditor.Purchasing.Editor.Authoring.Core.dll at Library/ScriptAssemblies/UnityEditor.Purchasing.Editor.Authoring.Core.dll not valid. Loading of assembly skipped.
Assembly UnityEditor.UI.Common.Tests.dll at Library/ScriptAssemblies/UnityEditor.UI.Common.Tests.dll not valid. Loading of assembly skipped.
Assembly UnityEditor.UI.EditorTests.dll at Library/ScriptAssemblies/UnityEditor.UI.EditorTests.dll not valid. Loading of assembly skipped.
Assembly UnityEditor.XR.LegacyInputHelpers.Tests.dll at Library/ScriptAssemblies/UnityEditor.XR.LegacyInputHelpers.Tests.dll not valid. Loading of assembly skipped.
Assembly UnityEngine.Advertisements.Editor.Tests.dll at Library/ScriptAssemblies/UnityEngine.Advertisements.Editor.Tests.dll not valid. Loading of assembly skipped.
Assembly UnityEngine.Advertisements.Tests.dll at Library/ScriptAssemblies/UnityEngine.Advertisements.Tests.dll not valid. Loading of assembly skipped.
Assembly UnityEngine.SpatialTracking.Tests.dll at Library/ScriptAssemblies/UnityEngine.SpatialTracking.Tests.dll not valid. Loading of assembly skipped.
Assembly UnityEngine.UI.Tests.dll at Library/ScriptAssemblies/UnityEngine.UI.Tests.dll not valid. Loading of assembly skipped.
Symbol file LoadedFromMemory is not a mono symbol file
Symbol file LoadedFromMemory is not a mono symbol file
Refreshing native plugins compatible for Editor in 22.05 ms, found 6 plugins.
Native extension for WindowsStandalone target not found
Native extension for WebGL target not found
[Package Manager] Failed to launch server process. Reason: Unity was launched with the -noUpm command-line argument
[Package Manager] Unable to send message (not connected to server process).
[Package Manager] Cannot connect to Unity Package Manager local server
Refreshing native plugins compatible for Editor in 22.34 ms, found 6 plugins.
[Package Manager] Failed to launch server process. Reason: Unity was launched with the -noUpm command-line argument
[Package Manager] Unable to send message (not connected to server process).
[Package Manager] Cannot connect to Unity Package Manager local server
[Licensing::Client] Error: Code 404 while processing request (status: Found 0 entitlement groups and 0 free entitlements matching requested entitlement ids)
ScheduleIndexationOnStartup MainProcess:False IndexOnStartup:True
Mono: successfully reloaded assembly
- Finished resetting the current domain, in  2.553 seconds
Domain Reload Profiling: 4234ms
	BeginReloadAssembly (437ms)
		DisableScriptedObjects (9ms)
		CreateAndSetChildDomain (187ms)
	RebuildCommonClasses (52ms)
	RebuildNativeTypeToScriptingClass (24ms)
	initialDomainReloadingComplete (151ms)
	LoadAllAssembliesAndSetupDomain (1016ms)
		LoadAssemblies (717ms)
		AnalyzeDomain (429ms)
			TypeCache.Refresh (16ms)
			BuildScriptInfoCaches (396ms)
			ResolveRequiredComponents (11ms)
	FinalizeReload (2554ms)
		SetupLoadedEditorAssemblies (0ms)
			InitializePlatformSupportModulesInManaged (4ms)
			BeforeProcessingInitializeOnLoad (289ms)
			ProcessInitializeOnLoadAttributes (1342ms)
			ProcessInitializeOnLoadMethodAttributes (622ms)
			AfterProcessingInitializeOnLoad (14ms)
		AwakeInstancesAfterBackupRestoration (18ms)
Refreshing native plugins compatible for Editor in 32.29 ms, found 6 plugins.
Unloading 57 Unused Serialized files (Serialized files now loaded: 0)
Unloading 9062 unused Assets / (17.7 MB). Loaded Objects now: 9709.
Memory consumption went from 195.0 MB to 177.3 MB.
Total: 32.293400 ms (FindLiveObjects: 1.757900 ms CreateObjectMapping: 1.704100 ms MarkObjects: 20.171100 ms  DeleteObjects: 8.656000 ms)

Prepare: number of updated asset objects reloaded= 0
========================================================================
Received Import Request.
  Time since last request: 87.910055 seconds.
  path: Assets/PolygonFantasyKingdom/Models/SM_Prop_Anvil_01.fbx
  importAddress: Guid(dbd425b477952c845ac9d7fbf7f738fb) Importer(815301076,1909f56bfc062723c751e8b465ee728b)
Start importing Assets/PolygonFantasyKingdom/Models/SM_Prop_Anvil_01.fbx using Guid(dbd425b477952c845ac9d7fbf7f738fb) Importer(815301076,1909f56bfc062723c751e8b465ee728b) (PreviewImporter) -> (Import Result ID: '2fc21b9b2e7f89f5e65795cbb13993c7') in 0.2489333 seconds [static and dynamic dependencies]. Details - ImportResultOutputID=8154f42337fe56f415eacb5023fd735b DependenciesID=d93f79c164b597e1e70bd8a058fe83f7 StaticDependenciesID=6dc8cb52dffb0f8dc0b5e654243b67db 
Number of updated asset objects reloaded before import = 0Number of asset objects unloaded after import = 7

========================================================================
Received Import Request.
  Time since last request: 0.000040 seconds.
  path: Assets/PolygonFantasyKingdom/Models/Convex/SM_Prop_Anvil_01_Convex.asset
  importAddress: Guid(3ee03203a6b3b4741a2483e2da6d9f26) Importer(815301076,1909f56bfc062723c751e8b465ee728b)
Start importing Assets/PolygonFantasyKingdom/Models/Convex/SM_Prop_Anvil_01_Convex.asset using Guid(3ee03203a6b3b4741a2483e2da6d9f26) Importer(815301076,1909f56bfc062723c751e8b465ee728b) (PreviewImporter) -> (Import Result ID: '15685e4e0c94bcb2e627e9f9d5473fae') in 0.0179789 seconds [static and dynamic dependencies]. Details - ImportResultOutputID=1eec81b52f2f11e5282bec27f1e0b1f3 DependenciesID=0f2c1cb6720b99c177a05a89d26073f9 StaticDependenciesID=cdb62ff9a8709d4ad871e6b574d198fd 
Number of updated asset objects reloaded before import = 0Number of asset objects unloaded after import = 2

========================================================================
Received Import Request.
  Time since last request: 0.000184 seconds.
  path: Assets/PolygonFantasyKingdom/Prefabs/Props/SM_Prop_Anvil_03.prefab
  importAddress: Guid(1c26a480d71be3848b6a4bfd28200be5) Importer(815301076,1909f56bfc062723c751e8b465ee728b)
Start importing Assets/PolygonFantasyKingdom/Prefabs/Props/SM_Prop_Anvil_03.prefab using Guid(1c26a480d71be3848b6a4bfd28200be5) Importer(815301076,1909f56bfc062723c751e8b465ee728b) (PreviewImporter) -> (Import Result ID: 'fb882af3247cf6e44838d230837abc4b') in 0.1251106 seconds [static and dynamic dependencies]. Details - ImportResultOutputID=9f1c18bb9ce5aedf4717292f85c97dae DependenciesID=5b8d18e5d8175dda5a1224c6dc1829ef StaticDependenciesID=ce8e7f6b5b0c131858be6d319c1b6332 
Number of updated asset objects reloaded before import = 0Number of asset objects unloaded after import = 13

========================================================================
Received Import Request.
  Time since last request: 0.000057 seconds.
  path: Assets/PolygonFantasyKingdom/Models/Convex/SM_Prop_Anvil_02_Convex.asset
  importAddress: Guid(f082909aad4dcf44f8713847a218438c) Importer(815301076,1909f56bfc062723c751e8b465ee728b)
Start importing Assets/PolygonFantasyKingdom/Models/Convex/SM_Prop_Anvil_02_Convex.asset using Guid(f082909aad4dcf44f8713847a218438c) Importer(815301076,1909f56bfc062723c751e8b465ee728b) (PreviewImporter) -> (Import Result ID: '2efefac8aad1c376a5b308d87536d7b6') in 0.0192393 seconds [static and dynamic dependencies]. Details - ImportResultOutputID=e0ddf22d81a59d9b0726144cc641f85b DependenciesID=201613a66d1dd24d454024819c6d3b55 StaticDependenciesID=23b835a3ff2224ef5fadeedeb679739a 
Number of updated asset objects reloaded before import = 0Number of asset objects unloaded after import = 2

Editor requested this worker to shutdown with reason: Scaling down because of idle timeout
AssetImportWorker is now disconnected from the server
Process exiting
Exiting without the bug reporter. Application will terminate with return code 0