[Licensing::Module] Trying to connect to existing licensing client channel...
Built from '6000.4/staging' branch; Version is '6000.4.10f1 (feeafc12a938) revision 16706300'; Using compiler version '194234433'; Build Type 'Release'
OS: 'Windows 11  (10.0.22631) Core' Language: 'en' Physical Memory: 131008 MB
[Licensing::IpcConnector] Successfully connected to: "LicenseClient-chris" at "2026-09-12T05:01:52.8451851Z"
BatchMode: 1, IsHumanControllingUs: 0, StartBugReporterOnCrash: 0, Is64bit: 1
System  architecture: x64
Process architecture: x64
Date: 2026-09-12T05:01:52Z
[Licensing::Client] Code 10 while verifying Licensing Client signature (process Id: 22500, path: "C:/Program Files/Unity Hub/UnityLicensingClient_V1/Unity.Licensing.Client.exe")
[Licensing::Module] LicensingClient has failed validation; ignoring
[Licensing::Client] Handshaking with LicensingClient:
  Version:                 1.18.3+d7ffd15
  Session Id:              497fd9d8f4344c199fe2f8d05e7e680d
  Correlation Id:          c15c83ef5a1edf8863b4ce8fd5f5aa8c
  External correlation Id: 4153725612186767852
  Machine Id:              fb+P/jlz4SyzpK/HkmqBMP/8Svc=
[Licensing::Module] Successfully connected to LicensingClient on channel: "LicenseClient-chris" (connect: 0.00s, validation: 0.00s, handshake: 0.06s)
[Licensing::IpcConnector] Successfully connected to: "LicenseClient-chris-notifications" at "2026-09-12T05:01:52.909941Z"
[Licensing::Module] Licensing Background thread has ended after 0.07s

COMMAND LINE ARGUMENTS:
C:\Program Files\Unity\Hub\Editor\6000.4.10f1\Editor\Unity.exe
-adb2
-batchMode
-noUpm
-name
AssetImportWorker3
-projectPath
E:/VSCodeProjects/Repos/MuckedUp
-logFile
Logs/AssetImportWorker3.log
-srvPort
43047
-licensingIpc
LicenseClient-chris
-force-d3d12
-job-worker-count
7
-background-job-worker-count
8
-gc-helper-count
1
-name
AssetImport
Successfully changed project path to: E:/VSCodeProjects/Repos/MuckedUp
E:/VSCodeProjects/Repos/MuckedUp
[UnityMemory] Configuration Parameters - Can be set up in boot.config
    "memorysetup-temp-allocator-size-gi-baking-worker=262144"
    "memorysetup-temp-allocator-size-gi-baking-worker=262144"
    "memorysetup-temp-allocator-size-gi-baking-worker=262144"
    "memorysetup-temp-allocator-size-gi-baking-worker=262144"
    "memorysetup-temp-allocator-size-gi-baking-worker=262144"
    "memorysetup-temp-allocator-size-nav-mesh-worker=65536"
    "memorysetup-temp-allocator-size-audio-worker=65536"
    "memorysetup-temp-allocator-size-cloud-worker=32768"
    "memorysetup-temp-allocator-size-gfx=262144"
    "memorysetup-temp-allocator-size-preload-manager=33554432"
    "memorysetup-temp-allocator-size-job-worker=262144"
    "memorysetup-temp-allocator-size-background-worker=32768"
    "memorysetup-allocator-temp-initial-block-size-main=262144"
    "memorysetup-allocator-temp-initial-block-size-worker=262144"
    "memorysetup-bucket-allocator-granularity=16"
    "memorysetup-bucket-allocator-bucket-count=8"
    "memorysetup-bucket-allocator-block-size=33554432"
    "memorysetup-bucket-allocator-block-count=8"
    "memorysetup-main-allocator-block-size=16777216"
    "memorysetup-thread-allocator-block-size=16777216"
    "memorysetup-gfx-main-allocator-block-size=16777216"
    "memorysetup-gfx-thread-allocator-block-size=16777216"
    "memorysetup-cache-allocator-block-size=4194304"
    "memorysetup-typetree-allocator-block-size=2097152"
    "memorysetup-profiler-bucket-allocator-granularity=16"
    "memorysetup-profiler-bucket-allocator-bucket-count=8"
    "memorysetup-profiler-bucket-allocator-block-size=33554432"
    "memorysetup-profiler-bucket-allocator-block-count=8"
    "memorysetup-profiler-allocator-block-size=16777216"
    "memorysetup-profiler-editor-allocator-block-size=1048576"
    "memorysetup-temp-allocator-size-main=16777216"
    "memorysetup-job-temp-allocator-block-size=2097152"
    "memorysetup-job-temp-allocator-block-size-background=1048576"
    "memorysetup-job-temp-allocator-reduction-small-platforms=262144"
Player connection [14808]  Target information:

Player connection [14808]  * "[IP] 192.168.4.25 [Port] 0 [Flags] 2 [Guid] 3952997692 [EditorId] 3952997692 [Version] 1048832 [Id] WindowsEditor(7,DESKTOP-UCUF6KM) [Debug] 1 [PackageName] WindowsEditor [ProjectName] Editor" 

Player connection [14808]  * "[IP] 192.168.56.1 [Port] 0 [Flags] 2 [Guid] 3952997692 [EditorId] 3952997692 [Version] 1048832 [Id] WindowsEditor(7,DESKTOP-UCUF6KM) [Debug] 1 [PackageName] WindowsEditor [ProjectName] Editor" 

Player connection [14808]  * "[IP] 169.254.123.165 [Port] 0 [Flags] 2 [Guid] 3952997692 [EditorId] 3952997692 [Version] 1048832 [Id] WindowsEditor(7,DESKTOP-UCUF6KM) [Debug] 1 [PackageName] WindowsEditor [ProjectName] Editor" 

Player connection [14808] Host joined multi-casting on [225.0.0.222:54997]...
Player connection [14808] Host joined alternative multi-casting on [225.0.0.222:34997]...
JobSystem: Creating JobQueue using job-worker-count value 7
Input System module state changed to: Initialized.
[Physics::Module] Initialized fallback backend.
[Physics::Module] Id: 0xdecafbad
Library Redirect Path: Library/
[Physics::Module] Selected backend.
[Physics::Module] Name: PhysX
[Physics::Module] Id: 0xf2b8ea05
[Physics::Module] SDK Version: 4.1.2
[Physics::Module] Integration Version: 1.0.0
[Physics::Module] Threading Mode: Multi-Threaded
Refreshing native plugins compatible for Editor in 13.89 ms, found 5 plugins.
Initialize engine version: 6000.4.10f1 (feeafc12a938)
[Subsystems] Discovering subsystems at path C:/Program Files/Unity/Hub/Editor/6000.4.10f1/Editor/Data/Resources/UnitySubsystems
[Subsystems] Discovering subsystems at path E:/VSCodeProjects/Repos/MuckedUp/Assets
Forcing GfxDevice: Direct3D 12
GfxDevice: creating device client; kGfxThreadingModeNonThreaded
d3d12: failed to query info queue interface (0x80004002).
Direct3D:
    Version:         Direct3D 12 [level 12.2]
    Renderer:        NVIDIA GeForce RTX 2080 Ti (ID=0x1e07)
    Vendor:          NVIDIA
    VRAM:            11027 MB
    App VRAM Budget: 10259 MB
    Driver:          32.0.16.1047
Shader 'TextMeshPro/Distance Field': fallback shader 'TextMeshPro/Mobile/Distance Field' not found
Shader 'TextMeshPro/Distance Field Overlay': fallback shader 'TextMeshPro/Mobile/Distance Field' not found
Shader 'TextMeshPro/Distance Field SSD': fallback shader 'TextMeshPro/Mobile/Distance Field' not found
Initialize mono
Mono path[0] = 'C:/Program Files/Unity/Hub/Editor/6000.4.10f1/Editor/Data/Managed'
Mono path[1] = 'C:/Program Files/Unity/Hub/Editor/6000.4.10f1/Editor/Data/MonoBleedingEdge/lib/mono/unityjit-win32'
Mono config path = 'C:/Program Files/Unity/Hub/Editor/6000.4.10f1/Editor/Data/MonoBleedingEdge/etc'
Using monoOptions --debugger-agent=transport=dt_socket,embedding=1,server=y,suspend=n,address=127.0.0.1:56804
CodeReloadManager initialized
Begin MonoManager ReloadAssembly
Registering precompiled unity dll's ...
Register platform support module: C:/Program Files/Unity/Hub/Editor/6000.4.10f1/Editor/Data/PlaybackEngines/WindowsStandaloneSupport/UnityEditor.WindowsStandalone.Extensions.dll
Registered in 0.006903 seconds.
Native extension for WindowsStandalone target not found
Package Manager log level set to [2]
[Package Manager] Failed to launch server process. Reason: Unity was launched with the -noUpm command-line argument
[Package Manager] Unable to send message (not connected to server process).
[Package Manager] Cannot connect to Unity Package Manager local server
ScheduleIndexationOnStartup MainProcess:False IndexOnStartup:True
Mono: successfully reloaded assembly
- Finished resetting the current domain, in  0.619 seconds
Domain Reload Profiling: 1891ms
	BeginReloadAssembly (447ms)
	RebuildCommonClasses (88ms)
	RebuildNativeTypeToScriptingClass (23ms)
	initialDomainReloadingComplete (226ms)
	LoadAllAssembliesAndSetupDomain (486ms)
		LoadAssemblies (420ms)
		AnalyzeDomain (472ms)
			TypeCache.Refresh (471ms)
				TypeCache.ScanAssembly (442ms)
	FinalizeReload (620ms)
		SetupLoadedEditorAssemblies (0ms)
			InitializePlatformSupportModulesInManaged (72ms)
			BeforeProcessingInitializeOnLoad (144ms)
			ProcessInitializeOnLoadAttributes (176ms)
			ProcessInitializeOnLoadMethodAttributes (132ms)
========================================================================
Worker process is ready to serve import requests
Import Worker Mode flag is 0x00
Begin MonoManager ReloadAssembly
[Licensing::Client] Successfully resolved entitlement details
[Licensing::Module] License group:
  Id: 1374564138397-UnityPersXXXX
  Product: Unity Personal
  Type: Assigned
  Expiration: Unlimited
Assembly Assembly-CSharp-Editor-firstpass.dll at Library/ScriptAssemblies/Assembly-CSharp-Editor-firstpass.dll not valid. Loading of assembly skipped.
Assembly Assembly-CSharp-firstpass.dll at Library/ScriptAssemblies/Assembly-CSharp-firstpass.dll not valid. Loading of assembly skipped.
Assembly DocCodeExamples.dll at Library/ScriptAssemblies/DocCodeExamples.dll not valid. Loading of assembly skipped.
Assembly GdkToolsEditModeTests.dll at Library/ScriptAssemblies/GdkToolsEditModeTests.dll not valid. Loading of assembly skipped.
Assembly TestNewCustomAssembly.dll at Library/ScriptAssemblies/TestNewCustomAssembly.dll not valid. Loading of assembly skipped.
Assembly Unity.2D.Sprite.Package.EditorTests.dll at Library/ScriptAssemblies/Unity.2D.Sprite.Package.EditorTests.dll not valid. Loading of assembly skipped.
Assembly Unity.2D.Tilemap.Package.EditorTests.dll at Library/ScriptAssemblies/Unity.2D.Tilemap.Package.EditorTests.dll not valid. Loading of assembly skipped.
Assembly Unity.Analytics.DataPrivacy.Tests.dll at Library/ScriptAssemblies/Unity.Analytics.DataPrivacy.Tests.dll not valid. Loading of assembly skipped.
Assembly Unity.Analytics.StandardEvents.EditorTests.dll at Library/ScriptAssemblies/Unity.Analytics.StandardEvents.EditorTests.dll not valid. Loading of assembly skipped.
Assembly Unity.Microsoft.GDK.Discovery.EditModeTests.dll at Library/ScriptAssemblies/Unity.Microsoft.GDK.Discovery.EditModeTests.dll not valid. Loading of assembly skipped.
Assembly Unity.Microsoft.GDK.Tests.dll at Library/ScriptAssemblies/Unity.Microsoft.GDK.Tests.dll not valid. Loading of assembly skipped.
Assembly Unity.Multiplayer.Center.Editor.Tests.dll at Library/ScriptAssemblies/Unity.Multiplayer.Center.Editor.Tests.dll not valid. Loading of assembly skipped.
Assembly Unity.Multiplayer.Center.Tests.dll at Library/ScriptAssemblies/Unity.Multiplayer.Center.Tests.dll not valid. Loading of assembly skipped.
Assembly Unity.Postprocessing.Editor.Tests.dll at Library/ScriptAssemblies/Unity.Postprocessing.Editor.Tests.dll not valid. Loading of assembly skipped.
Assembly Unity.Postprocessing.Runtime.Tests.dll at Library/ScriptAssemblies/Unity.Postprocessing.Runtime.Tests.dll not valid. Loading of assembly skipped.
Assembly Unity.Purchasing.Apple.dll at Library/ScriptAssemblies/Unity.Purchasing.Apple.dll not valid. Loading of assembly skipped.
Assembly Unity.Purchasing.AppleMacos.dll at Library/ScriptAssemblies/Unity.Purchasing.AppleMacos.dll not valid. Loading of assembly skipped.
Assembly Unity.Purchasing.Security.dll at Library/ScriptAssemblies/Unity.Purchasing.Security.dll not valid. Loading of assembly skipped.
Assembly Unity.Purchasing.TransactionVerifier.dll at Library/ScriptAssemblies/Unity.Purchasing.TransactionVerifier.dll not valid. Loading of assembly skipped.
Assembly Unity.TextMeshPro.Editor.Tests.dll at Library/ScriptAssemblies/Unity.TextMeshPro.Editor.Tests.dll not valid. Loading of assembly skipped.
Assembly Unity.TextMeshPro.Tests.dll at Library/ScriptAssemblies/Unity.TextMeshPro.Tests.dll not valid. Loading of assembly skipped.
Assembly UnityEditor.Purchasing.Authoring.dll at Library/ScriptAssemblies/UnityEditor.Purchasing.Authoring.dll not valid. Loading of assembly skipped.
Assembly UnityEditor.Purchasing.Editor.Authoring.Core.dll at Library/ScriptAssemblies/UnityEditor.Purchasing.Editor.Authoring.Core.dll not valid. Loading of assembly skipped.
Assembly UnityEditor.UI.Common.Tests.dll at Library/ScriptAssemblies/UnityEditor.UI.Common.Tests.dll not valid. Loading of assembly skipped.
Assembly UnityEditor.UI.EditorTests.dll at Library/ScriptAssemblies/UnityEditor.UI.EditorTests.dll not valid. Loading of assembly skipped.
Assembly UnityEditor.XR.LegacyInputHelpers.Tests.dll at Library/ScriptAssemblies/UnityEditor.XR.LegacyInputHelpers.Tests.dll not valid. Loading of assembly skipped.
Assembly UnityEngine.Advertisements.Editor.Tests.dll at Library/ScriptAssemblies/UnityEngine.Advertisements.Editor.Tests.dll not valid. Loading of assembly skipped.
Assembly UnityEngine.Advertisements.Tests.dll at Library/ScriptAssemblies/UnityEngine.Advertisements.Tests.dll not valid. Loading of assembly skipped.
Assembly UnityEngine.SpatialTracking.Tests.dll at Library/ScriptAssemblies/UnityEngine.SpatialTracking.Tests.dll not valid. Loading of assembly skipped.
Assembly UnityEngine.UI.Tests.dll at Library/ScriptAssemblies/UnityEngine.UI.Tests.dll not valid. Loading of assembly skipped.
Symbol file LoadedFromMemory is not a mono symbol file
Refreshing native plugins compatible for Editor in 10.66 ms, found 5 plugins.
Native extension for WindowsStandalone target not found
[Package Manager] Failed to launch server process. Reason: Unity was launched with the -noUpm command-line argument
[Package Manager] Unable to send message (not connected to server process).
[Package Manager] Cannot connect to Unity Package Manager local server
Refreshing native plugins compatible for Editor in 9.01 ms, found 5 plugins.
[Package Manager] Failed to launch server process. Reason: Unity was launched with the -noUpm command-line argument
[Package Manager] Unable to send message (not connected to server process).
[Package Manager] Cannot connect to Unity Package Manager local server
ScheduleIndexationOnStartup MainProcess:False IndexOnStartup:True
Mono: successfully reloaded assembly
- Finished resetting the current domain, in  1.789 seconds
Domain Reload Profiling: 3147ms
	BeginReloadAssembly (337ms)
		DisableScriptedObjects (6ms)
		CreateAndSetChildDomain (32ms)
	RebuildCommonClasses (47ms)
	RebuildNativeTypeToScriptingClass (16ms)
	initialDomainReloadingComplete (141ms)
	LoadAllAssembliesAndSetupDomain (817ms)
		LoadAssemblies (671ms)
		AnalyzeDomain (345ms)
			TypeCache.Refresh (252ms)
				TypeCache.ScanAssembly (220ms)
			BuildScriptInfoCaches (79ms)
			ResolveRequiredComponents (10ms)
	FinalizeReload (1790ms)
		SetupLoadedEditorAssemblies (0ms)
			BeforeProcessingInitializeOnLoad (185ms)
			ProcessInitializeOnLoadAttributes (1250ms)
			ProcessInitializeOnLoadMethodAttributes (101ms)
			AfterProcessingInitializeOnLoad (36ms)
		AwakeInstancesAfterBackupRestoration (10ms)
Failed to get ipc connection from UnityShaderCompiler.exe shader compiler! Error code 0x80000008 (Timed out). C:/Program Files/Unity/Hub/Editor/6000.4.10f1/Editor/Data/Tools/UnityShaderCompiler.exe
Launched and connected shader compiler UnityShaderCompiler.exe after 21.51 seconds
Refreshing native plugins compatible for Editor in 14.62 ms, found 5 plugins.
Unloading 14 Unused Serialized files (Serialized files now loaded: 0)
Unloading 4997 unused Assets / (4.6 MB). Loaded Objects now: 5562.
Memory consumption went from 114.6 MB to 110.0 MB.
Total: 109.144900 ms (FindLiveObjects: 2.422400 ms CreateObjectMapping: 1.590900 ms MarkObjects: 96.320200 ms  DeleteObjects: 8.806800 ms)

========================================================================
Received Prepare
Begin MonoManager ReloadAssembly
Assembly Assembly-CSharp-Editor-firstpass.dll at Library/ScriptAssemblies/Assembly-CSharp-Editor-firstpass.dll not valid. Loading of assembly skipped.
Assembly Assembly-CSharp-firstpass.dll at Library/ScriptAssemblies/Assembly-CSharp-firstpass.dll not valid. Loading of assembly skipped.
Assembly DocCodeExamples.dll at Library/ScriptAssemblies/DocCodeExamples.dll not valid. Loading of assembly skipped.
Assembly GdkToolsEditModeTests.dll at Library/ScriptAssemblies/GdkToolsEditModeTests.dll not valid. Loading of assembly skipped.
Assembly TestNewCustomAssembly.dll at Library/ScriptAssemblies/TestNewCustomAssembly.dll not valid. Loading of assembly skipped.
Assembly Unity.2D.Sprite.Package.EditorTests.dll at Library/ScriptAssemblies/Unity.2D.Sprite.Package.EditorTests.dll not valid. Loading of assembly skipped.
Assembly Unity.2D.Tilemap.Package.EditorTests.dll at Library/ScriptAssemblies/Unity.2D.Tilemap.Package.EditorTests.dll not valid. Loading of assembly skipped.
Assembly Unity.Analytics.DataPrivacy.Tests.dll at Library/ScriptAssemblies/Unity.Analytics.DataPrivacy.Tests.dll not valid. Loading of assembly skipped.
Assembly Unity.Analytics.StandardEvents.EditorTests.dll at Library/ScriptAssemblies/Unity.Analytics.StandardEvents.EditorTests.dll not valid. Loading of assembly skipped.
Assembly Unity.Microsoft.GDK.Discovery.EditModeTests.dll at Library/ScriptAssemblies/Unity.Microsoft.GDK.Discovery.EditModeTests.dll not valid. Loading of assembly skipped.
Assembly Unity.Microsoft.GDK.Tests.dll at Library/ScriptAssemblies/Unity.Microsoft.GDK.Tests.dll not valid. Loading of assembly skipped.
Assembly Unity.Multiplayer.Center.Editor.Tests.dll at Library/ScriptAssemblies/Unity.Multiplayer.Center.Editor.Tests.dll not valid. Loading of assembly skipped.
Assembly Unity.Multiplayer.Center.Tests.dll at Library/ScriptAssemblies/Unity.Multiplayer.Center.Tests.dll not valid. Loading of assembly skipped.
Assembly Unity.Postprocessing.Editor.Tests.dll at Library/ScriptAssemblies/Unity.Postprocessing.Editor.Tests.dll not valid. Loading of assembly skipped.
Assembly Unity.Postprocessing.Runtime.Tests.dll at Library/ScriptAssemblies/Unity.Postprocessing.Runtime.Tests.dll not valid. Loading of assembly skipped.
Assembly Unity.Purchasing.Apple.dll at Library/ScriptAssemblies/Unity.Purchasing.Apple.dll not valid. Loading of assembly skipped.
Assembly Unity.Purchasing.AppleMacos.dll at Library/ScriptAssemblies/Unity.Purchasing.AppleMacos.dll not valid. Loading of assembly skipped.
Assembly Unity.Purchasing.Security.dll at Library/ScriptAssemblies/Unity.Purchasing.Security.dll not valid. Loading of assembly skipped.
Assembly Unity.Purchasing.TransactionVerifier.dll at Library/ScriptAssemblies/Unity.Purchasing.TransactionVerifier.dll not valid. Loading of assembly skipped.
Assembly Unity.TextMeshPro.Editor.Tests.dll at Library/ScriptAssemblies/Unity.TextMeshPro.Editor.Tests.dll not valid. Loading of assembly skipped.
Assembly Unity.TextMeshPro.Tests.dll at Library/ScriptAssemblies/Unity.TextMeshPro.Tests.dll not valid. Loading of assembly skipped.
Assembly UnityEditor.Purchasing.Authoring.dll at Library/ScriptAssemblies/UnityEditor.Purchasing.Authoring.dll not valid. Loading of assembly skipped.
Assembly UnityEditor.Purchasing.Editor.Authoring.Core.dll at Library/ScriptAssemblies/UnityEditor.Purchasing.Editor.Authoring.Core.dll not valid. Loading of assembly skipped.
Assembly UnityEditor.UI.Common.Tests.dll at Library/ScriptAssemblies/UnityEditor.UI.Common.Tests.dll not valid. Loading of assembly skipped.
Assembly UnityEditor.UI.EditorTests.dll at Library/ScriptAssemblies/UnityEditor.UI.EditorTests.dll not valid. Loading of assembly skipped.
Assembly UnityEditor.XR.LegacyInputHelpers.Tests.dll at Library/ScriptAssemblies/UnityEditor.XR.LegacyInputHelpers.Tests.dll not valid. Loading of assembly skipped.
Assembly UnityEngine.Advertisements.Editor.Tests.dll at Library/ScriptAssemblies/UnityEngine.Advertisements.Editor.Tests.dll not valid. Loading of assembly skipped.
Assembly UnityEngine.Advertisements.Tests.dll at Library/ScriptAssemblies/UnityEngine.Advertisements.Tests.dll not valid. Loading of assembly skipped.
Assembly UnityEngine.SpatialTracking.Tests.dll at Library/ScriptAssemblies/UnityEngine.SpatialTracking.Tests.dll not valid. Loading of assembly skipped.
Assembly UnityEngine.UI.Tests.dll at Library/ScriptAssemblies/UnityEngine.UI.Tests.dll not valid. Loading of assembly skipped.
Symbol file LoadedFromMemory is not a mono symbol file
Refreshing native plugins compatible for Editor in 11.80 ms, found 5 plugins.
Assertion failed on expression: 'pred(*previous, *i)'
Assertion failed on expression: 'pred(*previous, *i)'
Assertion failed on expression: 'pred(*previous, *i)'
Assertion failed on expression: 'pred(*previous, *i)'
Assertion failed on expression: 'pred(*previous, *i)'
Assertion failed on expression: 'pred(*previous, *i)'
Assertion failed on expression: 'pred(*previous, *i)'
Assertion failed on expression: 'pred(*previous, *i)'
Assertion failed on expression: 'pred(*previous, *i)'
Assertion failed on expression: 'pred(*previous, *i)'
Assertion failed on expression: 'pred(*previous, *i)'
Assertion failed on expression: 'pred(*previous, *i)'
Assertion failed on expression: 'pred(*previous, *i)'
Assertion failed on expression: 'pred(*previous, *i)'
Assertion failed on expression: 'pred(*previous, *i)'
Assertion failed on expression: 'pred(*previous, *i)'
Assertion failed on expression: 'pred(*previous, *i)'
Assertion failed on expression: 'pred(*previous, *i)'
Assertion failed on expression: 'pred(*previous, *i)'
Assertion failed on expression: 'pred(*previous, *i)'
Assertion failed on expression: 'pred(*previous, *i)'
Assertion failed on expression: 'pred(*previous, *i)'
Assertion failed on expression: 'pred(*previous, *i)'
Assertion failed on expression: 'pred(*previous, *i)'
Assertion failed on expression: 'pred(*previous, *i)'
Assertion failed on expression: 'pred(*previous, *i)'
Assertion failed on expression: 'pred(*previous, *i)'
Assertion failed on expression: 'pred(*previous, *i)'
Assertion failed on expression: 'pred(*previous, *i)'
Assertion failed on expression: 'pred(*previous, *i)'
Assertion failed on expression: 'pred(*previous, *i)'
Assertion failed on expression: 'pred(*previous, *i)'
Assertion failed on expression: 'pred(*previous, *i)'
Assertion failed on expression: 'pred(*previous, *i)'
Assertion failed on expression: 'pred(*previous, *i)'
Assertion failed on expression: 'pred(*previous, *i)'
Assertion failed on expression: 'pred(*previous, *i)'
Assertion failed on expression: 'pred(*previous, *i)'
Assertion failed on expression: 'pred(*previous, *i)'
Assertion failed on expression: 'pred(*previous, *i)'
Assertion failed on expression: 'pred(*previous, *i)'
Assertion failed on expression: 'pred(*previous, *i)'
Assertion failed on expression: 'pred(*previous, *i)'
Assertion failed on expression: 'pred(*previous, *i)'
Assertion failed on expression: 'pred(*previous, *i)'
Assertion failed on expression: 'pred(*previous, *i)'
Assertion failed on expression: 'pred(*previous, *i)'
Assertion failed on expression: 'pred(*previous, *i)'
Assertion failed on expression: 'pred(*previous, *i)'
Assertion failed on expression: 'pred(*previous, *i)'
Assertion failed on expression: 'pred(*previous, *i)'
Assertion failed on expression: 'pred(*previous, *i)'
Assertion failed on expression: 'pred(*previous, *i)'
Assertion failed on expression: 'pred(*previous, *i)'
Assertion failed on expression: 'pred(*previous, *i)'
Assertion failed on expression: 'pred(*previous, *i)'
Assertion failed on expression: 'pred(*previous, *i)'
Assertion failed on expression: 'pred(*previous, *i)'
Assertion failed on expression: 'pred(*previous, *i)'
Assertion failed on expression: 'pred(*previous, *i)'
Assertion failed on expression: 'pred(*previous, *i)'
Assertion failed on expression: 'pred(*previous, *i)'
Assertion failed on expression: 'pred(*previous, *i)'
Assertion failed on expression: 'pred(*previous, *i)'
Assertion failed on expression: 'pred(*previous, *i)'
Assertion failed on expression: 'pred(*previous, *i)'
Assertion failed on expression: 'pred(*previous, *i)'
Assertion failed on expression: 'pred(*previous, *i)'
Assertion failed on expression: 'pred(*previous, *i)'
Assertion failed on expression: 'pred(*previous, *i)'
Assertion failed on expression: 'pred(*previous, *i)'
Assertion failed on expression: 'pred(*previous, *i)'
Assertion failed on expression: 'pred(*previous, *i)'
Assertion failed on expression: 'pred(*previous, *i)'
Assertion failed on expression: 'pred(*previous, *i)'
Assertion failed on expression: 'pred(*previous, *i)'
Assertion failed on expression: 'pred(*previous, *i)'
Assertion failed on expression: 'pred(*previous, *i)'
Assertion failed on expression: 'pred(*previous, *i)'
Assertion failed on expression: 'pred(*previous, *i)'
Assertion failed on expression: 'pred(*previous, *i)'
Assertion failed on expression: 'pred(*previous, *i)'
Assertion failed on expression: 'pred(*previous, *i)'
Assertion failed on expression: 'pred(*previous, *i)'
Assertion failed on expression: 'pred(*previous, *i)'
Assertion failed on expression: 'pred(*previous, *i)'
Assertion failed on expression: 'pred(*previous, *i)'
Assertion failed on expression: 'pred(*previous, *i)'
Assertion failed on expression: 'pred(*previous, *i)'
Assertion failed on expression: 'pred(*previous, *i)'
Assertion failed on expression: 'pred(*previous, *i)'
Assertion failed on expression: 'pred(*previous, *i)'
Assertion failed on expression: 'pred(*previous, *i)'
Assertion failed on expression: 'pred(*previous, *i)'
Assertion failed on expression: 'pred(*previous, *i)'
Assertion failed on expression: 'pred(*previous, *i)'
Assertion failed on expression: 'pred(*previous, *i)'
Assertion failed on expression: 'pred(*previous, *i)'
Assertion failed on expression: 'pred(*previous, *i)'
Assertion failed on expression: 'pred(*previous, *i)'
Assertion failed on expression: 'pred(*previous, *i)'
Assertion failed on expression: 'pred(*previous, *i)'
Assertion failed on expression: 'pred(*previous, *i)'
Assertion failed on expression: 'pred(*previous, *i)'
Assertion failed on expression: 'pred(*previous, *i)'
Assertion failed on expression: 'pred(*previous, *i)'
Assertion failed on expression: 'pred(*previous, *i)'
Assertion failed on expression: 'pred(*previous, *i)'
Assertion failed on expression: 'pred(*previous, *i)'
Assertion failed on expression: 'pred(*previous, *i)'
Assertion failed on expression: 'pred(*previous, *i)'
Assertion failed on expression: 'pred(*previous, *i)'
Assertion failed on expression: 'pred(*previous, *i)'
Assertion failed on expression: 'pred(*previous, *i)'
Assertion failed on expression: 'pred(*previous, *i)'
Assertion failed on expression: 'pred(*previous, *i)'
Assertion failed on expression: 'pred(*previous, *i)'
Assertion failed on expression: 'pred(*previous, *i)'
Assertion failed on expression: 'pred(*previous, *i)'
Assertion failed on expression: 'pred(*previous, *i)'
Assertion failed on expression: 'pred(*previous, *i)'
Assertion failed on expression: 'pred(*previous, *i)'
Assertion failed on expression: 'pred(*previous, *i)'
Assertion failed on expression: 'pred(*previous, *i)'
Assertion failed on expression: 'pred(*previous, *i)'
Assertion failed on expression: 'pred(*previous, *i)'
Assertion failed on expression: 'pred(*previous, *i)'
Assertion failed on expression: 'pred(*previous, *i)'
Assertion failed on expression: 'pred(*previous, *i)'
Assertion failed on expression: 'pred(*previous, *i)'
Assertion failed on expression: 'pred(*previous, *i)'
Assertion failed on expression: 'pred(*previous, *i)'
Assertion failed on expression: 'pred(*previous, *i)'
Assertion failed on expression: 'pred(*previous, *i)'
Assertion failed on expression: 'pred(*previous, *i)'
Assertion failed on expression: 'pred(*previous, *i)'
Assertion failed on expression: 'pred(*previous, *i)'
Assertion failed on expression: 'pred(*previous, *i)'
Assertion failed on expression: 'pred(*previous, *i)'
Assertion failed on expression: 'pred(*previous, *i)'
Assertion failed on expression: 'pred(*previous, *i)'
Assertion failed on expression: 'pred(*previous, *i)'
Assertion failed on expression: 'pred(*previous, *i)'
Assertion failed on expression: 'pred(*previous, *i)'
Assertion failed on expression: 'pred(*previous, *i)'
Assertion failed on expression: 'pred(*previous, *i)'
Assertion failed on expression: 'pred(*previous, *i)'
Assertion failed on expression: 'pred(*previous, *i)'
Assertion failed on expression: 'pred(*previous, *i)'
Assertion failed on expression: 'pred(*previous, *i)'
Assertion failed on expression: 'pred(*previous, *i)'
Assertion failed on expression: 'pred(*previous, *i)'
Assertion failed on expression: 'pred(*previous, *i)'
Assertion failed on expression: 'pred(*previous, *i)'
Assertion failed on expression: 'pred(*previous, *i)'
Assertion failed on expression: 'pred(*previous, *i)'
Assertion failed on expression: 'pred(*previous, *i)'
Assertion failed on expression: 'pred(*previous, *i)'
Assertion failed on expression: 'pred(*previous, *i)'
Assertion failed on expression: 'pred(*previous, *i)'
Assertion failed on expression: 'pred(*previous, *i)'
Assertion failed on expression: 'pred(*previous, *i)'
Assertion failed on expression: 'pred(*previous, *i)'
Assertion failed on expression: 'pred(*previous, *i)'
Assertion failed on expression: 'pred(*previous, *i)'
Assertion failed on expression: 'pred(*previous, *i)'
Assertion failed on expression: 'pred(*previous, *i)'
Assertion failed on expression: 'pred(*previous, *i)'
Assertion failed on expression: 'pred(*previous, *i)'
Assertion failed on expression: 'pred(*previous, *i)'
Assertion failed on expression: 'pred(*previous, *i)'
Assertion failed on expression: 'pred(*previous, *i)'
Assertion failed on expression: 'pred(*previous, *i)'
Assertion failed on expression: 'pred(*previous, *i)'
Assertion failed on expression: 'pred(*previous, *i)'
Assertion failed on expression: 'pred(*previous, *i)'
Assertion failed on expression: 'pred(*previous, *i)'
Assertion failed on expression: 'pred(*previous, *i)'
Assertion failed on expression: 'pred(*previous, *i)'
Assertion failed on expression: 'pred(*previous, *i)'
Assertion failed on expression: 'pred(*previous, *i)'
Assertion failed on expression: 'pred(*previous, *i)'
Assertion failed on expression: 'pred(*previous, *i)'
Assertion failed on expression: 'pred(*previous, *i)'
Assertion failed on expression: 'pred(*previous, *i)'
Assertion failed on expression: 'pred(*previous, *i)'
Assertion failed on expression: 'pred(*previous, *i)'
Assertion failed on expression: 'pred(*previous, *i)'
Assertion failed on expression: 'pred(*previous, *i)'
Assertion failed on expression: 'pred(*previous, *i)'
Assertion failed on expression: 'pred(*previous, *i)'
Assertion failed on expression: 'pred(*previous, *i)'
Assertion failed on expression: 'pred(*previous, *i)'
Assertion failed on expression: 'pred(*previous, *i)'
Assertion failed on expression: 'pred(*previous, *i)'
Assertion failed on expression: 'pred(*previous, *i)'
Assertion failed on expression: 'pred(*previous, *i)'
Assertion failed on expression: 'pred(*previous, *i)'
Assertion failed on expression: 'pred(*previous, *i)'
Assertion failed on expression: 'pred(*previous, *i)'
Assertion failed on expression: 'pred(*previous, *i)'
Assertion failed on expression: 'pred(*previous, *i)'
Assertion failed on expression: 'pred(*previous, *i)'
Assertion failed on expression: 'pred(*previous, *i)'
Assertion failed on expression: 'pred(*previous, *i)'
Assertion failed on expression: 'pred(*previous, *i)'
Assertion failed on expression: 'pred(*previous, *i)'
Assertion failed on expression: 'pred(*previous, *i)'
Assertion failed on expression: 'pred(*previous, *i)'
Assertion failed on expression: 'pred(*previous, *i)'
Assertion failed on expression: 'pred(*previous, *i)'
Assertion failed on expression: 'pred(*previous, *i)'
Assertion failed on expression: 'pred(*previous, *i)'
Assertion failed on expression: 'pred(*previous, *i)'
Assertion failed on expression: 'pred(*previous, *i)'
Assertion failed on expression: 'pred(*previous, *i)'
Assertion failed on expression: 'pred(*previous, *i)'
Assertion failed on expression: 'pred(*previous, *i)'
Assertion failed on expression: 'pred(*previous, *i)'
Assertion failed on expression: 'pred(*previous, *i)'
Assertion failed on expression: 'pred(*previous, *i)'
Assertion failed on expression: 'pred(*previous, *i)'
Assertion failed on expression: 'pred(*previous, *i)'
Assertion failed on expression: 'pred(*previous, *i)'
Assertion failed on expression: 'pred(*previous, *i)'
Assertion failed on expression: 'pred(*previous, *i)'
Assertion failed on expression: 'pred(*previous, *i)'
Assertion failed on expression: 'pred(*previous, *i)'
Assertion failed on expression: 'pred(*previous, *i)'
Assertion failed on expression: 'pred(*previous, *i)'
Assertion failed on expression: 'pred(*previous, *i)'
Assertion failed on expression: 'pred(*previous, *i)'
Assertion failed on expression: 'pred(*previous, *i)'
Assertion failed on expression: 'pred(*previous, *i)'
Assertion failed on expression: 'pred(*previous, *i)'
Assertion failed on expression: 'pred(*previous, *i)'
Assertion failed on expression: 'pred(*previous, *i)'
Assertion failed on expression: 'pred(*previous, *i)'
Assertion failed on expression: 'pred(*previous, *i)'
Assertion failed on expression: 'pred(*previous, *i)'
Assertion failed on expression: 'pred(*previous, *i)'
Assertion failed on expression: 'pred(*previous, *i)'
Assertion failed on expression: 'pred(*previous, *i)'
Assertion failed on expression: 'pred(*previous, *i)'
Assertion failed on expression: 'pred(*previous, *i)'
Assertion failed on expression: 'pred(*previous, *i)'
Assertion failed on expression: 'pred(*previous, *i)'
Assertion failed on expression: 'pred(*previous, *i)'
Assertion failed on expression: 'pred(*previous, *i)'
Assertion failed on expression: 'pred(*previous, *i)'
Assertion failed on expression: 'pred(*previous, *i)'
Assertion failed on expression: 'pred(*previous, *i)'
Assertion failed on expression: 'pred(*previous, *i)'
Assertion failed on expression: 'pred(*previous, *i)'
Assertion failed on expression: 'pred(*previous, *i)'
Assertion failed on expression: 'pred(*previous, *i)'
Assertion failed on expression: 'pred(*previous, *i)'
Assertion failed on expression: 'pred(*previous, *i)'
Assertion failed on expression: 'pred(*previous, *i)'
Assertion failed on expression: 'pred(*previous, *i)'
Assertion failed on expression: 'pred(*previous, *i)'
Assertion failed on expression: 'pred(*previous, *i)'
Assertion failed on expression: 'pred(*previous, *i)'
Assertion failed on expression: 'pred(*previous, *i)'
Assertion failed on expression: 'pred(*previous, *i)'
Assertion failed on expression: 'pred(*previous, *i)'
Assertion failed on expression: 'pred(*previous, *i)'
Assertion failed on expression: 'pred(*previous, *i)'
Assertion failed on expression: 'pred(*previous, *i)'
Assertion failed on expression: 'pred(*previous, *i)'
Assertion failed on expression: 'pred(*previous, *i)'
Assertion failed on expression: 'pred(*previous, *i)'
Assertion failed on expression: 'pred(*previous, *i)'
Assertion failed on expression: 'pred(*previous, *i)'
Assertion failed on expression: 'pred(*previous, *i)'
Assertion failed on expression: 'pred(*previous, *i)'
Assertion failed on expression: 'pred(*previous, *i)'
Assertion failed on expression: 'pred(*previous, *i)'
Assertion failed on expression: 'pred(*previous, *i)'
Assertion failed on expression: 'pred(*previous, *i)'
Assertion failed on expression: 'pred(*previous, *i)'
Assertion failed on expression: 'pred(*previous, *i)'
Assertion failed on expression: 'pred(*previous, *i)'
Assertion failed on expression: 'pred(*previous, *i)'
Assertion failed on expression: 'pred(*previous, *i)'
Assertion failed on expression: 'pred(*previous, *i)'
Assertion failed on expression: 'pred(*previous, *i)'
Assertion failed on expression: 'pred(*previous, *i)'
Assertion failed on expression: 'pred(*previous, *i)'
Assertion failed on expression: 'pred(*previous, *i)'
Assertion failed on expression: 'pred(*previous, *i)'
Assertion failed on expression: 'pred(*previous, *i)'
Assertion failed on expression: 'pred(*previous, *i)'
Assertion failed on expression: 'pred(*previous, *i)'
Assertion failed on expression: 'pred(*previous, *i)'
Assertion failed on expression: 'pred(*previous, *i)'
Assertion failed on expression: 'pred(*previous, *i)'
Assertion failed on expression: 'pred(*previous, *i)'
Assertion failed on expression: 'pred(*previous, *i)'
Assertion failed on expression: 'pred(*previous, *i)'
Assertion failed on expression: 'pred(*previous, *i)'
Assertion failed on expression: 'pred(*previous, *i)'
Assertion failed on expression: 'pred(*previous, *i)'
Assertion failed on expression: 'pred(*previous, *i)'
Assertion failed on expression: 'pred(*previous, *i)'
Assertion failed on expression: 'pred(*previous, *i)'
Assertion failed on expression: 'pred(*previous, *i)'
Assertion failed on expression: 'pred(*previous, *i)'
Assertion failed on expression: 'pred(*previous, *i)'
Assertion failed on expression: 'pred(*previous, *i)'
Assertion failed on expression: 'pred(*previous, *i)'
Assertion failed on expression: 'pred(*previous, *i)'
Assertion failed on expression: 'pred(*previous, *i)'
Assertion failed on expression: 'pred(*previous, *i)'
Assertion failed on expression: 'pred(*previous, *i)'
Assertion failed on expression: 'pred(*previous, *i)'
Assertion failed on expression: 'pred(*previous, *i)'
Assertion failed on expression: 'pred(*previous, *i)'
Assertion failed on expression: 'pred(*previous, *i)'
Assertion failed on expression: 'pred(*previous, *i)'
Assertion failed on expression: 'pred(*previous, *i)'
Assertion failed on expression: 'pred(*previous, *i)'
Assertion failed on expression: 'pred(*previous, *i)'
Assertion failed on expression: 'pred(*previous, *i)'
Assertion failed on expression: 'pred(*previous, *i)'
Assertion failed on expression: 'pred(*previous, *i)'
Assertion failed on expression: 'pred(*previous, *i)'
Assertion failed on expression: 'pred(*previous, *i)'
Assertion failed on expression: 'pred(*previous, *i)'
Assertion failed on expression: 'pred(*previous, *i)'
Assertion failed on expression: 'pred(*previous, *i)'
Assertion failed on expression: 'pred(*previous, *i)'
Assertion failed on expression: 'pred(*previous, *i)'
Assertion failed on expression: 'pred(*previous, *i)'
Assertion failed on expression: 'pred(*previous, *i)'
Assertion failed on expression: 'pred(*previous, *i)'
Assertion failed on expression: 'pred(*previous, *i)'
Assertion failed on expression: 'pred(*previous, *i)'
Assertion failed on expression: 'pred(*previous, *i)'
Assertion failed on expression: 'pred(*previous, *i)'
Assertion failed on expression: 'pred(*previous, *i)'
Assertion failed on expression: 'pred(*previous, *i)'
Assertion failed on expression: 'pred(*previous, *i)'
Assertion failed on expression: 'pred(*previous, *i)'
Assertion failed on expression: 'pred(*previous, *i)'
Assertion failed on expression: 'pred(*previous, *i)'
Assertion failed on expression: 'pred(*previous, *i)'
Assertion failed on expression: 'pred(*previous, *i)'
Assertion failed on expression: 'pred(*previous, *i)'
Assertion failed on expression: 'pred(*previous, *i)'
Assertion failed on expression: 'pred(*previous, *i)'
Assertion failed on expression: 'pred(*previous, *i)'
Assertion failed on expression: 'pred(*previous, *i)'
Assertion failed on expression: 'pred(*previous, *i)'
Assertion failed on expression: 'pred(*previous, *i)'
Assertion failed on expression: 'pred(*previous, *i)'
Assertion failed on expression: 'pred(*previous, *i)'
Assertion failed on expression: 'pred(*previous, *i)'
Assertion failed on expression: 'pred(*previous, *i)'
Assertion failed on expression: 'pred(*previous, *i)'
Assertion failed on expression: 'pred(*previous, *i)'
Assertion failed on expression: 'pred(*previous, *i)'
Assertion failed on expression: 'pred(*previous, *i)'
Assertion failed on expression: 'pred(*previous, *i)'
Assertion failed on expression: 'pred(*previous, *i)'
Assertion failed on expression: 'pred(*previous, *i)'
Assertion failed on expression: 'pred(*previous, *i)'
Assertion failed on expression: 'pred(*previous, *i)'
Assertion failed on expression: 'pred(*previous, *i)'
Assertion failed on expression: 'pred(*previous, *i)'
Assertion failed on expression: 'pred(*previous, *i)'
Assertion failed on expression: 'pred(*previous, *i)'
Assertion failed on expression: 'pred(*previous, *i)'
Assertion failed on expression: 'pred(*previous, *i)'
Assertion failed on expression: 'pred(*previous, *i)'
Assertion failed on expression: 'pred(*previous, *i)'
Assertion failed on expression: 'pred(*previous, *i)'
Assertion failed on expression: 'pred(*previous, *i)'
Assertion failed on expression: 'pred(*previous, *i)'
Assertion failed on expression: 'pred(*previous, *i)'
Assertion failed on expression: 'pred(*previous, *i)'
Assertion failed on expression: 'pred(*previous, *i)'
Assertion failed on expression: 'pred(*previous, *i)'
Assertion failed on expression: 'pred(*previous, *i)'
Assertion failed on expression: 'pred(*previous, *i)'
Assertion failed on expression: 'pred(*previous, *i)'
Assertion failed on expression: 'pred(*previous, *i)'
Assertion failed on expression: 'pred(*previous, *i)'
Assertion failed on expression: 'pred(*previous, *i)'
Assertion failed on expression: 'pred(*previous, *i)'
Assertion failed on expression: 'pred(*previous, *i)'
Assertion failed on expression: 'pred(*previous, *i)'
Assertion failed on expression: 'pred(*previous, *i)'
Assertion failed on expression: 'pred(*previous, *i)'
Assertion failed on expression: 'pred(*previous, *i)'
Assertion failed on expression: 'pred(*previous, *i)'
Assertion failed on expression: 'pred(*previous, *i)'
Assertion failed on expression: 'pred(*previous, *i)'
Assertion failed on expression: 'pred(*previous, *i)'
Assertion failed on expression: 'pred(*previous, *i)'
Assertion failed on expression: 'pred(*previous, *i)'
Assertion failed on expression: 'pred(*previous, *i)'
Assertion failed on expression: 'pred(*previous, *i)'
Assertion failed on expression: 'pred(*previous, *i)'
Assertion failed on expression: 'pred(*previous, *i)'
Assertion failed on expression: 'pred(*previous, *i)'
Assertion failed on expression: 'pred(*previous, *i)'
Assertion failed on expression: 'pred(*previous, *i)'
Assertion failed on expression: 'pred(*previous, *i)'
Assertion failed on expression: 'pred(*previous, *i)'
Assertion failed on expression: 'pred(*previous, *i)'
Assertion failed on expression: 'pred(*previous, *i)'
Assertion failed on expression: 'pred(*previous, *i)'
Assertion failed on expression: 'pred(*previous, *i)'
Assertion failed on expression: 'pred(*previous, *i)'
Assertion failed on expression: 'pred(*previous, *i)'
Assertion failed on expression: 'pred(*previous, *i)'
Assertion failed on expression: 'pred(*previous, *i)'
Assertion failed on expression: 'pred(*previous, *i)'
Assertion failed on expression: 'pred(*previous, *i)'
Assertion failed on expression: 'pred(*previous, *i)'
Assertion failed on expression: 'pred(*previous, *i)'
Assertion failed on expression: 'pred(*previous, *i)'
Assertion failed on expression: 'pred(*previous, *i)'
Assertion failed on expression: 'pred(*previous, *i)'
Assertion failed on expression: 'pred(*previous, *i)'
Assertion failed on expression: 'pred(*previous, *i)'
Assertion failed on expression: 'pred(*previous, *i)'
Assertion failed on expression: 'pred(*previous, *i)'
Assertion failed on expression: 'pred(*previous, *i)'
Assertion failed on expression: 'pred(*previous, *i)'
Assertion failed on expression: 'pred(*previous, *i)'
Assertion failed on expression: 'pred(*previous, *i)'
Assertion failed on expression: 'pred(*previous, *i)'
Assertion failed on expression: 'pred(*previous, *i)'
Assertion failed on expression: 'pred(*previous, *i)'
Assertion failed on expression: 'pred(*previous, *i)'
Assertion failed on expression: 'pred(*previous, *i)'
Assertion failed on expression: 'pred(*previous, *i)'
Assertion failed on expression: 'pred(*previous, *i)'
Assertion failed on expression: 'pred(*previous, *i)'
Assertion failed on expression: 'pred(*previous, *i)'
Assertion failed on expression: 'pred(*previous, *i)'
Assertion failed on expression: 'pred(*previous, *i)'
Assertion failed on expression: 'pred(*previous, *i)'
Assertion failed on expression: 'pred(*previous, *i)'
Assertion failed on expression: 'pred(*previous, *i)'
Assertion failed on expression: 'pred(*previous, *i)'
Assertion failed on expression: 'pred(*previous, *i)'
Assertion failed on expression: 'pred(*previous, *i)'
Assertion failed on expression: 'pred(*previous, *i)'
Assertion failed on expression: 'pred(*previous, *i)'
Assertion failed on expression: 'pred(*previous, *i)'
Assertion failed on expression: 'pred(*previous, *i)'
Assertion failed on expression: 'pred(*previous, *i)'
Assertion failed on expression: 'pred(*previous, *i)'
Assertion failed on expression: 'pred(*previous, *i)'
Assertion failed on expression: 'pred(*previous, *i)'
Assertion failed on expression: 'pred(*previous, *i)'
Assertion failed on expression: 'pred(*previous, *i)'
Assertion failed on expression: 'pred(*previous, *i)'
Assertion failed on expression: 'pred(*previous, *i)'
Assertion failed on expression: 'pred(*previous, *i)'
Assertion failed on expression: 'pred(*previous, *i)'
Assertion failed on expression: 'pred(*previous, *i)'
Assertion failed on expression: 'pred(*previous, *i)'
Assertion failed on expression: 'pred(*previous, *i)'
Assertion failed on expression: 'pred(*previous, *i)'
Assertion failed on expression: 'pred(*previous, *i)'
Assertion failed on expression: 'pred(*previous, *i)'
Assertion failed on expression: 'pred(*previous, *i)'
Assertion failed on expression: 'pred(*previous, *i)'
Assertion failed on expression: 'pred(*previous, *i)'
Assertion failed on expression: 'pred(*previous, *i)'
Assertion failed on expression: 'pred(*previous, *i)'
Assertion failed on expression: 'pred(*previous, *i)'
Assertion failed on expression: 'pred(*previous, *i)'
Assertion failed on expression: 'pred(*previous, *i)'
Assertion failed on expression: 'pred(*previous, *i)'
Assertion failed on expression: 'pred(*previous, *i)'
Assertion failed on expression: 'pred(*previous, *i)'
Assertion failed on expression: 'pred(*previous, *i)'
Assertion failed on expression: 'pred(*previous, *i)'
Assertion failed on expression: 'pred(*previous, *i)'
Assertion failed on expression: 'pred(*previous, *i)'
Assertion failed on expression: 'pred(*previous, *i)'
Assertion failed on expression: 'pred(*previous, *i)'
Assertion failed on expression: 'pred(*previous, *i)'
Assertion failed on expression: 'pred(*previous, *i)'
Assertion failed on expression: 'pred(*previous, *i)'
Assertion failed on expression: 'pred(*previous, *i)'
Assertion failed on expression: 'pred(*previous, *i)'
Assertion failed on expression: 'pred(*previous, *i)'
Assertion failed on expression: 'pred(*previous, *i)'
Assertion failed on expression: 'pred(*previous, *i)'
Assertion failed on expression: 'pred(*previous, *i)'
Assertion failed on expression: 'pred(*previous, *i)'
Assertion failed on expression: 'pred(*previous, *i)'
Assertion failed on expression: 'pred(*previous, *i)'
Assertion failed on expression: 'pred(*previous, *i)'
Assertion failed on expression: 'pred(*previous, *i)'
Assertion failed on expression: 'pred(*previous, *i)'
Assertion failed on expression: 'pred(*previous, *i)'
Assertion failed on expression: 'pred(*previous, *i)'
Assertion failed on expression: 'pred(*previous, *i)'
Assertion failed on expression: 'pred(*previous, *i)'
Assertion failed on expression: 'pred(*previous, *i)'
Assertion failed on expression: 'pred(*previous, *i)'
Assertion failed on expression: 'pred(*previous, *i)'
Assertion failed on expression: 'pred(*previous, *i)'
Assertion failed on expression: 'pred(*previous, *i)'
Assertion failed on expression: 'pred(*previous, *i)'
Assertion failed on expression: 'pred(*previous, *i)'
Assertion failed on expression: 'pred(*previous, *i)'
Assertion failed on expression: 'pred(*previous, *i)'
Assertion failed on expression: 'pred(*previous, *i)'
Assertion failed on expression: 'pred(*previous, *i)'
Assertion failed on expression: 'pred(*previous, *i)'
Assertion failed on expression: 'pred(*previous, *i)'
Assertion failed on expression: 'pred(*previous, *i)'
Assertion failed on expression: 'pred(*previous, *i)'
Assertion failed on expression: 'pred(*previous, *i)'
Assertion failed on expression: 'pred(*previous, *i)'
Assertion failed on expression: 'pred(*previous, *i)'
Assertion failed on expression: 'pred(*previous, *i)'
Assertion failed on expression: 'pred(*previous, *i)'
Assertion failed on expression: 'pred(*previous, *i)'
Assertion failed on expression: 'pred(*previous, *i)'
Assertion failed on expression: 'pred(*previous, *i)'
Assertion failed on expression: 'pred(*previous, *i)'
Assertion failed on expression: 'pred(*previous, *i)'
Assertion failed on expression: 'pred(*previous, *i)'
Assertion failed on expression: 'pred(*previous, *i)'
Assertion failed on expression: 'pred(*previous, *i)'
Assertion failed on expression: 'pred(*previous, *i)'
Assertion failed on expression: 'pred(*previous, *i)'
Assertion failed on expression: 'pred(*previous, *i)'
Assertion failed on expression: 'pred(*previous, *i)'
Assertion failed on expression: 'pred(*previous, *i)'
Assertion failed on expression: 'pred(*previous, *i)'
Assertion failed on expression: 'pred(*previous, *i)'
Assertion failed on expression: 'pred(*previous, *i)'
Assertion failed on expression: 'pred(*previous, *i)'
Assertion failed on expression: 'pred(*previous, *i)'
Assertion failed on expression: 'pred(*previous, *i)'
Assertion failed on expression: 'pred(*previous, *i)'
Assertion failed on expression: 'pred(*previous, *i)'
Assertion failed on expression: 'pred(*previous, *i)'
Assertion failed on expression: 'pred(*previous, *i)'
Assertion failed on expression: 'pred(*previous, *i)'
Assertion failed on expression: 'pred(*previous, *i)'
Assertion failed on expression: 'pred(*previous, *i)'
Assertion failed on expression: 'pred(*previous, *i)'
Assertion failed on expression: 'pred(*previous, *i)'
Assertion failed on expression: 'pred(*previous, *i)'
Assertion failed on expression: 'pred(*previous, *i)'
Assertion failed on expression: 'pred(*previous, *i)'
Assertion failed on expression: 'pred(*previous, *i)'
Assertion failed on expression: 'pred(*previous, *i)'
Assertion failed on expression: 'pred(*previous, *i)'
Assertion failed on expression: 'pred(*previous, *i)'
Assertion failed on expression: 'pred(*previous, *i)'
Assertion failed on expression: 'pred(*previous, *i)'
Assertion failed on expression: 'pred(*previous, *i)'
Assertion failed on expression: 'pred(*previous, *i)'
Assertion failed on expression: 'pred(*previous, *i)'
Assertion failed on expression: 'pred(*previous, *i)'
Assertion failed on expression: 'pred(*previous, *i)'
Assertion failed on expression: 'pred(*previous, *i)'
Assertion failed on expression: 'pred(*previous, *i)'
Assertion failed on expression: 'pred(*previous, *i)'
Assertion failed on expression: 'pred(*previous, *i)'
Assertion failed on expression: 'pred(*previous, *i)'
Assertion failed on expression: 'pred(*previous, *i)'
Assertion failed on expression: 'pred(*previous, *i)'
Assertion failed on expression: 'pred(*previous, *i)'
Assertion failed on expression: 'pred(*previous, *i)'
Assertion failed on expression: 'pred(*previous, *i)'
Assertion failed on expression: 'pred(*previous, *i)'
Assertion failed on expression: 'pred(*previous, *i)'
Assertion failed on expression: 'pred(*previous, *i)'
Assertion failed on expression: 'pred(*previous, *i)'
Assertion failed on expression: 'pred(*previous, *i)'
Assertion failed on expression: 'pred(*previous, *i)'
Assertion failed on expression: 'pred(*previous, *i)'
Assertion failed on expression: 'pred(*previous, *i)'
Assertion failed on expression: 'pred(*previous, *i)'
Assertion failed on expression: 'pred(*previous, *i)'
Assertion failed on expression: 'pred(*previous, *i)'
Assertion failed on expression: 'pred(*previous, *i)'
Assertion failed on expression: 'pred(*previous, *i)'
Assertion failed on expression: 'pred(*previous, *i)'
Assertion failed on expression: 'pred(*previous, *i)'
Assertion failed on expression: 'pred(*previous, *i)'
Assertion failed on expression: 'pred(*previous, *i)'
Assertion failed on expression: 'pred(*previous, *i)'
Assertion failed on expression: 'pred(*previous, *i)'
Assertion failed on expression: 'pred(*previous, *i)'
Assertion failed on expression: 'pred(*previous, *i)'
Assertion failed on expression: 'pred(*previous, *i)'
Assertion failed on expression: 'pred(*previous, *i)'
Assertion failed on expression: 'pred(*previous, *i)'
Assertion failed on expression: 'pred(*previous, *i)'
Assertion failed on expression: 'pred(*previous, *i)'
Assertion failed on expression: 'pred(*previous, *i)'
Assertion failed on expression: 'pred(*previous, *i)'
Assertion failed on expression: 'pred(*previous, *i)'
Assertion failed on expression: 'pred(*previous, *i)'
Assertion failed on expression: 'pred(*previous, *i)'
Assertion failed on expression: 'pred(*previous, *i)'
Assertion failed on expression: 'pred(*previous, *i)'
Assertion failed on expression: 'pred(*previous, *i)'
Assertion failed on expression: 'pred(*previous, *i)'
Assertion failed on expression: 'pred(*previous, *i)'
Assertion failed on expression: 'pred(*previous, *i)'
Assertion failed on expression: 'pred(*previous, *i)'
Assertion failed on expression: 'pred(*previous, *i)'
Assertion failed on expression: 'pred(*previous, *i)'
Assertion failed on expression: 'pred(*previous, *i)'
Assertion failed on expression: 'pred(*previous, *i)'
Assertion failed on expression: 'pred(*previous, *i)'
Assertion failed on expression: 'pred(*previous, *i)'
Assertion failed on expression: 'pred(*previous, *i)'
Assertion failed on expression: 'pred(*previous, *i)'
Assertion failed on expression: 'pred(*previous, *i)'
Assertion failed on expression: 'pred(*previous, *i)'
Assertion failed on expression: 'pred(*previous, *i)'
Assertion failed on expression: 'pred(*previous, *i)'
Assertion failed on expression: 'pred(*previous, *i)'
Assertion failed on expression: 'pred(*previous, *i)'
Assertion failed on expression: 'pred(*previous, *i)'
Assertion failed on expression: 'pred(*previous, *i)'
Assertion failed on expression: 'pred(*previous, *i)'
Assertion failed on expression: 'pred(*previous, *i)'
Assertion failed on expression: 'pred(*previous, *i)'
Assertion failed on expression: 'pred(*previous, *i)'
Assertion failed on expression: 'pred(*previous, *i)'
Assertion failed on expression: 'pred(*previous, *i)'
Assertion failed on expression: 'pred(*previous, *i)'
Assertion failed on expression: 'pred(*previous, *i)'
Assertion failed on expression: 'pred(*previous, *i)'
Assertion failed on expression: 'pred(*previous, *i)'
Assertion failed on expression: 'pred(*previous, *i)'
Assertion failed on expression: 'pred(*previous, *i)'
Assertion failed on expression: 'pred(*previous, *i)'
Assertion failed on expression: 'pred(*previous, *i)'
Assertion failed on expression: 'pred(*previous, *i)'
Assertion failed on expression: 'pred(*previous, *i)'
Assertion failed on expression: 'pred(*previous, *i)'
Assertion failed on expression: 'pred(*previous, *i)'
Assertion failed on expression: 'pred(*previous, *i)'
Assertion failed on expression: 'pred(*previous, *i)'
Assertion failed on expression: 'pred(*previous, *i)'
Assertion failed on expression: 'pred(*previous, *i)'
Assertion failed on expression: 'pred(*previous, *i)'
Assertion failed on expression: 'pred(*previous, *i)'
Assertion failed on expression: 'pred(*previous, *i)'
Assertion failed on expression: 'pred(*previous, *i)'
Assertion failed on expression: 'pred(*previous, *i)'
Assertion failed on expression: 'pred(*previous, *i)'
Assertion failed on expression: 'pred(*previous, *i)'
Assertion failed on expression: 'pred(*previous, *i)'
Assertion failed on expression: 'pred(*previous, *i)'
Assertion failed on expression: 'pred(*previous, *i)'
Assertion failed on expression: 'pred(*previous, *i)'
Assertion failed on expression: 'pred(*previous, *i)'
Assertion failed on expression: 'pred(*previous, *i)'
Assertion failed on expression: 'pred(*previous, *i)'
Assertion failed on expression: 'pred(*previous, *i)'
Assertion failed on expression: 'pred(*previous, *i)'
Assertion failed on expression: 'pred(*previous, *i)'
Assertion failed on expression: 'pred(*previous, *i)'
Assertion failed on expression: 'pred(*previous, *i)'
Assertion failed on expression: 'pred(*previous, *i)'
Assertion failed on expression: 'pred(*previous, *i)'
Assertion failed on expression: 'pred(*previous, *i)'
Assertion failed on expression: 'pred(*previous, *i)'
Assertion failed on expression: 'pred(*previous, *i)'
Assertion failed on expression: 'pred(*previous, *i)'
Assertion failed on expression: 'pred(*previous, *i)'
Assertion failed on expression: 'pred(*previous, *i)'
Assertion failed on expression: 'pred(*previous, *i)'
Assertion failed on expression: 'pred(*previous, *i)'
Assertion failed on expression: 'pred(*previous, *i)'
Assertion failed on expression: 'pred(*previous, *i)'
Assertion failed on expression: 'pred(*previous, *i)'
Assertion failed on expression: 'pred(*previous, *i)'
Assertion failed on expression: 'pred(*previous, *i)'
Assertion failed on expression: 'pred(*previous, *i)'
Assertion failed on expression: 'pred(*previous, *i)'
Assertion failed on expression: 'pred(*previous, *i)'
Assertion failed on expression: 'pred(*previous, *i)'
Assertion failed on expression: 'pred(*previous, *i)'
Assertion failed on expression: 'pred(*previous, *i)'
Assertion failed on expression: 'pred(*previous, *i)'
Assertion failed on expression: 'pred(*previous, *i)'
Assertion failed on expression: 'pred(*previous, *i)'
Assertion failed on expression: 'pred(*previous, *i)'
Assertion failed on expression: 'pred(*previous, *i)'
Assertion failed on expression: 'pred(*previous, *i)'
Assertion failed on expression: 'pred(*previous, *i)'
Assertion failed on expression: 'pred(*previous, *i)'
Assertion failed on expression: 'pred(*previous, *i)'
Assertion failed on expression: 'pred(*previous, *i)'
Assertion failed on expression: 'pred(*previous, *i)'
Assertion failed on expression: 'pred(*previous, *i)'
Assertion failed on expression: 'pred(*previous, *i)'
Assertion failed on expression: 'pred(*previous, *i)'
Assertion failed on expression: 'pred(*previous, *i)'
Assertion failed on expression: 'pred(*previous, *i)'
Assertion failed on expression: 'pred(*previous, *i)'
Assertion failed on expression: 'pred(*previous, *i)'
Assertion failed on expression: 'pred(*previous, *i)'
Assertion failed on expression: 'pred(*previous, *i)'
Assertion failed on expression: 'pred(*previous, *i)'
Assertion failed on expression: 'pred(*previous, *i)'
Assertion failed on expression: 'pred(*previous, *i)'
Assertion failed on expression: 'pred(*previous, *i)'
Assertion failed on expression: 'pred(*previous, *i)'
Assertion failed on expression: 'pred(*previous, *i)'
Assertion failed on expression: 'pred(*previous, *i)'
Assertion failed on expression: 'pred(*previous, *i)'
Assertion failed on expression: 'pred(*previous, *i)'
Assertion failed on expression: 'pred(*previous, *i)'
Assertion failed on expression: 'pred(*previous, *i)'
Assertion failed on expression: 'pred(*previous, *i)'
Assertion failed on expression: 'pred(*previous, *i)'
Assertion failed on expression: 'pred(*previous, *i)'
Assertion failed on expression: 'pred(*previous, *i)'
Assertion failed on expression: 'pred(*previous, *i)'
Assertion failed on expression: 'pred(*previous, *i)'
Assertion failed on expression: 'pred(*previous, *i)'
Assertion failed on expression: 'pred(*previous, *i)'
Assertion failed on expression: 'pred(*previous, *i)'
Assertion failed on expression: 'pred(*previous, *i)'
Assertion failed on expression: 'pred(*previous, *i)'
Assertion failed on expression: 'pred(*previous, *i)'
Assertion failed on expression: 'pred(*previous, *i)'
Assertion failed on expression: 'pred(*previous, *i)'
Assertion failed on expression: 'pred(*previous, *i)'
Assertion failed on expression: 'pred(*previous, *i)'
Assertion failed on expression: 'pred(*previous, *i)'
Assertion failed on expression: 'pred(*previous, *i)'
Assertion failed on expression: 'pred(*previous, *i)'
Assertion failed on expression: 'pred(*previous, *i)'
Assertion failed on expression: 'pred(*previous, *i)'
Assertion failed on expression: 'pred(*previous, *i)'
Assertion failed on expression: 'pred(*previous, *i)'
Assertion failed on expression: 'pred(*previous, *i)'
Assertion failed on expression: 'pred(*previous, *i)'
Assertion failed on expression: 'pred(*previous, *i)'
Assertion failed on expression: 'pred(*previous, *i)'
Assertion failed on expression: 'pred(*previous, *i)'
Assertion failed on expression: 'pred(*previous, *i)'
Assertion failed on expression: 'pred(*previous, *i)'
Assertion failed on expression: 'pred(*previous, *i)'
Assertion failed on expression: 'pred(*previous, *i)'
Assertion failed on expression: 'pred(*previous, *i)'
Assertion failed on expression: 'pred(*previous, *i)'
Assertion failed on expression: 'pred(*previous, *i)'
Assertion failed on expression: 'pred(*previous, *i)'
Assertion failed on expression: 'pred(*previous, *i)'
Assertion failed on expression: 'pred(*previous, *i)'
Assertion failed on expression: 'pred(*previous, *i)'
Assertion failed on expression: 'pred(*previous, *i)'
Assertion failed on expression: 'pred(*previous, *i)'
Assertion failed on expression: 'pred(*previous, *i)'
Assertion failed on expression: 'pred(*previous, *i)'
Assertion failed on expression: 'pred(*previous, *i)'
Assertion failed on expression: 'pred(*previous, *i)'
Assertion failed on expression: 'pred(*previous, *i)'
Assertion failed on expression: 'pred(*previous, *i)'
Assertion failed on expression: 'pred(*previous, *i)'
Assertion failed on expression: 'pred(*previous, *i)'
Assertion failed on expression: 'pred(*previous, *i)'
Assertion failed on expression: 'pred(*previous, *i)'
Assertion failed on expression: 'pred(*previous, *i)'
Assertion failed on expression: 'pred(*previous, *i)'
Assertion failed on expression: 'pred(*previous, *i)'
Assertion failed on expression: 'pred(*previous, *i)'
Assertion failed on expression: 'pred(*previous, *i)'
Assertion failed on expression: 'pred(*previous, *i)'
Assertion failed on expression: 'pred(*previous, *i)'
Assertion failed on expression: 'pred(*previous, *i)'
Assertion failed on expression: 'pred(*previous, *i)'
Assertion failed on expression: 'pred(*previous, *i)'
Assertion failed on expression: 'pred(*previous, *i)'
Assertion failed on expression: 'pred(*previous, *i)'
Assertion failed on expression: 'pred(*previous, *i)'
Assertion failed on expression: 'pred(*previous, *i)'
Assertion failed on expression: 'pred(*previous, *i)'
Assertion failed on expression: 'pred(*previous, *i)'
Assertion failed on expression: 'pred(*previous, *i)'
Assertion failed on expression: 'pred(*previous, *i)'
Assertion failed on expression: 'pred(*previous, *i)'
Assertion failed on expression: 'pred(*previous, *i)'
Assertion failed on expression: 'pred(*previous, *i)'
Assertion failed on expression: 'pred(*previous, *i)'
Assertion failed on expression: 'pred(*previous, *i)'
Assertion failed on expression: 'pred(*previous, *i)'
Assertion failed on expression: 'pred(*previous, *i)'
Assertion failed on expression: 'pred(*previous, *i)'
Assertion failed on expression: 'pred(*previous, *i)'
Assertion failed on expression: 'pred(*previous, *i)'
Assertion failed on expression: 'pred(*previous, *i)'
Assertion failed on expression: 'pred(*previous, *i)'
Assertion failed on expression: 'pred(*previous, *i)'
Assertion failed on expression: 'pred(*previous, *i)'
Assertion failed on expression: 'pred(*previous, *i)'
Assertion failed on expression: 'pred(*previous, *i)'
Assertion failed on expression: 'pred(*previous, *i)'
Assertion failed on expression: 'pred(*previous, *i)'
Assertion failed on expression: 'pred(*previous, *i)'
Assertion failed on expression: 'pred(*previous, *i)'
Assertion failed on expression: 'pred(*previous, *i)'
Assertion failed on expression: 'pred(*previous, *i)'
Assertion failed on expression: 'pred(*previous, *i)'
Assertion failed on expression: 'pred(*previous, *i)'
Assertion failed on expression: 'pred(*previous, *i)'
Assertion failed on expression: 'pred(*previous, *i)'
Assertion failed on expression: 'pred(*previous, *i)'
Assertion failed on expression: 'pred(*previous, *i)'
Assertion failed on expression: 'pred(*previous, *i)'
Assertion failed on expression: 'pred(*previous, *i)'
Assertion failed on expression: 'pred(*previous, *i)'
Assertion failed on expression: 'pred(*previous, *i)'
Assertion failed on expression: 'pred(*previous, *i)'
Assertion failed on expression: 'pred(*previous, *i)'
Assertion failed on expression: 'pred(*previous, *i)'
Assertion failed on expression: 'pred(*previous, *i)'
Assertion failed on expression: 'pred(*previous, *i)'
Assertion failed on expression: 'pred(*previous, *i)'
Assertion failed on expression: 'pred(*previous, *i)'
Assertion failed on expression: 'pred(*previous, *i)'
Assertion failed on expression: 'pred(*previous, *i)'
Assertion failed on expression: 'pred(*previous, *i)'
Assertion failed on expression: 'pred(*previous, *i)'
Assertion failed on expression: 'pred(*previous, *i)'
Assertion failed on expression: 'pred(*previous, *i)'
Assertion failed on expression: 'pred(*previous, *i)'
Assertion failed on expression: 'pred(*previous, *i)'
Assertion failed on expression: 'pred(*previous, *i)'
Assertion failed on expression: 'pred(*previous, *i)'
Assertion failed on expression: 'pred(*previous, *i)'
Assertion failed on expression: 'pred(*previous, *i)'
Assertion failed on expression: 'pred(*previous, *i)'
Assertion failed on expression: 'pred(*previous, *i)'
Assertion failed on expression: 'pred(*previous, *i)'
Assertion failed on expression: 'pred(*previous, *i)'
Assertion failed on expression: 'pred(*previous, *i)'
Assertion failed on expression: 'pred(*previous, *i)'
Assertion failed on expression: 'pred(*previous, *i)'
Assertion failed on expression: 'pred(*previous, *i)'
Assertion failed on expression: 'pred(*previous, *i)'
Assertion failed on expression: 'pred(*previous, *i)'
Assertion failed on expression: 'pred(*previous, *i)'
Assertion failed on expression: 'pred(*previous, *i)'
Assertion failed on expression: 'pred(*previous, *i)'
Assertion failed on expression: 'pred(*previous, *i)'
Assertion failed on expression: 'pred(*previous, *i)'
Assertion failed on expression: 'pred(*previous, *i)'
Assertion failed on expression: 'pred(*previous, *i)'
Assertion failed on expression: 'pred(*previous, *i)'
Assertion failed on expression: 'pred(*previous, *i)'
Assertion failed on expression: 'pred(*previous, *i)'
Assertion failed on expression: 'pred(*previous, *i)'
Assertion failed on expression: 'pred(*previous, *i)'
Assertion failed on expression: 'pred(*previous, *i)'
Assertion failed on expression: 'pred(*previous, *i)'
Assertion failed on expression: 'pred(*previous, *i)'
Assertion failed on expression: 'pred(*previous, *i)'
Assertion failed on expression: 'pred(*previous, *i)'
Assertion failed on expression: 'pred(*previous, *i)'
Assertion failed on expression: 'pred(*previous, *i)'
Assertion failed on expression: 'pred(*previous, *i)'
Assertion failed on expression: 'pred(*previous, *i)'
Assertion failed on expression: 'pred(*previous, *i)'
Assertion failed on expression: 'pred(*previous, *i)'
Assertion failed on expression: 'pred(*previous, *i)'
Assertion failed on expression: 'pred(*previous, *i)'
Assertion failed on expression: 'pred(*previous, *i)'
Assertion failed on expression: 'pred(*previous, *i)'
Assertion failed on expression: 'pred(*previous, *i)'
Assertion failed on expression: 'pred(*previous, *i)'
Assertion failed on expression: 'pred(*previous, *i)'
Assertion failed on expression: 'pred(*previous, *i)'
Assertion failed on expression: 'pred(*previous, *i)'
Assertion failed on expression: 'pred(*previous, *i)'
Assertion failed on expression: 'pred(*previous, *i)'
Assertion failed on expression: 'pred(*previous, *i)'
Assertion failed on expression: 'pred(*previous, *i)'
Assertion failed on expression: 'pred(*previous, *i)'
Assertion failed on expression: 'pred(*previous, *i)'
Assertion failed on expression: 'pred(*previous, *i)'
Assertion failed on expression: 'pred(*previous, *i)'
Assertion failed on expression: 'pred(*previous, *i)'
Assertion failed on expression: 'pred(*previous, *i)'
Assertion failed on expression: 'pred(*previous, *i)'
Assertion failed on expression: 'pred(*previous, *i)'
Assertion failed on expression: 'pred(*previous, *i)'
Assertion failed on expression: 'pred(*previous, *i)'
Assertion failed on expression: 'pred(*previous, *i)'
Assertion failed on expression: 'pred(*previous, *i)'
Assertion failed on expression: 'pred(*previous, *i)'
Assertion failed on expression: 'pred(*previous, *i)'
Assertion failed on expression: 'pred(*previous, *i)'
Assertion failed on expression: 'pred(*previous, *i)'
Assertion failed on expression: 'pred(*previous, *i)'
Assertion failed on expression: 'pred(*previous, *i)'
Assertion failed on expression: 'pred(*previous, *i)'
Assertion failed on expression: 'pred(*previous, *i)'
Assertion failed on expression: 'pred(*previous, *i)'
Assertion failed on expression: 'pred(*previous, *i)'
Assertion failed on expression: 'pred(*previous, *i)'
Assertion failed on expression: 'pred(*previous, *i)'
Assertion failed on expression: 'pred(*previous, *i)'
Assertion failed on expression: 'pred(*previous, *i)'
Assertion failed on expression: 'pred(*previous, *i)'
Assertion failed on expression: 'pred(*previous, *i)'
Assertion failed on expression: 'pred(*previous, *i)'
Assertion failed on expression: 'pred(*previous, *i)'
Assertion failed on expression: 'pred(*previous, *i)'
Assertion failed on expression: 'pred(*previous, *i)'
Assertion failed on expression: 'pred(*previous, *i)'
Assertion failed on expression: 'pred(*previous, *i)'
Assertion failed on expression: 'pred(*previous, *i)'
Assertion failed on expression: 'pred(*previous, *i)'
Assertion failed on expression: 'pred(*previous, *i)'
Assertion failed on expression: 'pred(*previous, *i)'
Assertion failed on expression: 'pred(*previous, *i)'
Assertion failed on expression: 'pred(*previous, *i)'
Assertion failed on expression: 'pred(*previous, *i)'
Assertion failed on expression: 'pred(*previous, *i)'
Assertion failed on expression: 'pred(*previous, *i)'
Assertion failed on expression: 'pred(*previous, *i)'
Assertion failed on expression: 'pred(*previous, *i)'
Assertion failed on expression: 'pred(*previous, *i)'
Assertion failed on expression: 'pred(*previous, *i)'
Assertion failed on expression: 'pred(*previous, *i)'
Assertion failed on expression: 'pred(*previous, *i)'
Assertion failed on expression: 'pred(*previous, *i)'
Assertion failed on expression: 'pred(*previous, *i)'
Assertion failed on expression: 'pred(*previous, *i)'
Assertion failed on expression: 'pred(*previous, *i)'
Assertion failed on expression: 'pred(*previous, *i)'
Assertion failed on expression: 'pred(*previous, *i)'
Assertion failed on expression: 'pred(*previous, *i)'
Assertion failed on expression: 'pred(*previous, *i)'
Assertion failed on expression: 'pred(*previous, *i)'
Assertion failed on expression: 'pred(*previous, *i)'
Assertion failed on expression: 'pred(*previous, *i)'
Assertion failed on expression: 'pred(*previous, *i)'
Assertion failed on expression: 'pred(*previous, *i)'
Assertion failed on expression: 'pred(*previous, *i)'
Assertion failed on expression: 'pred(*previous, *i)'
Assertion failed on expression: 'pred(*previous, *i)'
Assertion failed on expression: 'pred(*previous, *i)'
Assertion failed on expression: 'pred(*previous, *i)'
Assertion failed on expression: 'pred(*previous, *i)'
Assertion failed on expression: 'pred(*previous, *i)'
Assertion failed on expression: 'pred(*previous, *i)'
Assertion failed on expression: 'pred(*previous, *i)'
Assertion failed on expression: 'pred(*previous, *i)'
Assertion failed on expression: 'pred(*previous, *i)'
Assertion failed on expression: 'pred(*previous, *i)'
Assertion failed on expression: 'pred(*previous, *i)'
Assertion failed on expression: 'pred(*previous, *i)'
Assertion failed on expression: 'pred(*previous, *i)'
Assertion failed on expression: 'pred(*previous, *i)'
Assertion failed on expression: 'pred(*previous, *i)'
Assertion failed on expression: 'pred(*previous, *i)'
Assertion failed on expression: 'pred(*previous, *i)'
Assertion failed on expression: 'pred(*previous, *i)'
Assertion failed on expression: 'pred(*previous, *i)'
Assertion failed on expression: 'pred(*previous, *i)'
Assertion failed on expression: 'pred(*previous, *i)'
Assertion failed on expression: 'pred(*previous, *i)'
Assertion failed on expression: 'pred(*previous, *i)'
Assertion failed on expression: 'pred(*previous, *i)'
Assertion failed on expression: 'pred(*previous, *i)'
Assertion failed on expression: 'pred(*previous, *i)'
Assertion failed on expression: 'pred(*previous, *i)'
Assertion failed on expression: 'pred(*previous, *i)'
Assertion failed on expression: 'pred(*previous, *i)'
Assertion failed on expression: 'pred(*previous, *i)'
Assertion failed on expression: 'pred(*previous, *i)'
Assertion failed on expression: 'pred(*previous, *i)'
Assertion failed on expression: 'pred(*previous, *i)'
Assertion failed on expression: 'pred(*previous, *i)'
Assertion failed on expression: 'pred(*previous, *i)'
Assertion failed on expression: 'pred(*previous, *i)'
Assertion failed on expression: 'pred(*previous, *i)'
Assertion failed on expression: 'pred(*previous, *i)'
Assertion failed on expression: 'pred(*previous, *i)'
Assertion failed on expression: 'pred(*previous, *i)'
Assertion failed on expression: 'pred(*previous, *i)'
Assertion failed on expression: 'pred(*previous, *i)'
Assertion failed on expression: 'pred(*previous, *i)'
Assertion failed on expression: 'pred(*previous, *i)'
Assertion failed on expression: 'pred(*previous, *i)'
Assertion failed on expression: 'pred(*previous, *i)'
Assertion failed on expression: 'pred(*previous, *i)'
Assertion failed on expression: 'pred(*previous, *i)'
Assertion failed on expression: 'pred(*previous, *i)'
Assertion failed on expression: 'pred(*previous, *i)'
Assertion failed on expression: 'pred(*previous, *i)'
Assertion failed on expression: 'pred(*previous, *i)'
Assertion failed on expression: 'pred(*previous, *i)'
Assertion failed on expression: 'pred(*previous, *i)'
Assertion failed on expression: 'pred(*previous, *i)'
Assertion failed on expression: 'pred(*previous, *i)'
Assertion failed on expression: 'pred(*previous, *i)'
Assertion failed on expression: 'pred(*previous, *i)'
Assertion failed on expression: 'pred(*previous, *i)'
Assertion failed on expression: 'pred(*previous, *i)'
Assertion failed on expression: 'pred(*previous, *i)'
Assertion failed on expression: 'pred(*previous, *i)'
Assertion failed on expression: 'pred(*previous, *i)'
Assertion failed on expression: 'pred(*previous, *i)'
Assertion failed on expression: 'pred(*previous, *i)'
Assertion failed on expression: 'pred(*previous, *i)'
Assertion failed on expression: 'pred(*previous, *i)'
Assertion failed on expression: 'pred(*previous, *i)'
Assertion failed on expression: 'pred(*previous, *i)'
Assertion failed on expression: 'pred(*previous, *i)'
Assertion failed on expression: 'pred(*previous, *i)'
Assertion failed on expression: 'pred(*previous, *i)'
Assertion failed on expression: 'pred(*previous, *i)'
Assertion failed on expression: 'pred(*previous, *i)'
Assertion failed on expression: 'pred(*previous, *i)'
Assertion failed on expression: 'pred(*previous, *i)'
Assertion failed on expression: 'pred(*previous, *i)'
Assertion failed on expression: 'pred(*previous, *i)'
Assertion failed on expression: 'pred(*previous, *i)'
Assertion failed on expression: 'pred(*previous, *i)'
Assertion failed on expression: 'pred(*previous, *i)'
Assertion failed on expression: 'pred(*previous, *i)'
Assertion failed on expression: 'pred(*previous, *i)'
Assertion failed on expression: 'pred(*previous, *i)'
Assertion failed on expression: 'pred(*previous, *i)'
Assertion failed on expression: 'pred(*previous, *i)'
Assertion failed on expression: 'pred(*previous, *i)'
Assertion failed on expression: 'pred(*previous, *i)'
Assertion failed on expression: 'pred(*previous, *i)'
Assertion failed on expression: 'pred(*previous, *i)'
Assertion failed on expression: 'pred(*previous, *i)'
Assertion failed on expression: 'pred(*previous, *i)'
Assertion failed on expression: 'pred(*previous, *i)'
Assertion failed on expression: 'pred(*previous, *i)'
Assertion failed on expression: 'pred(*previous, *i)'
Assertion failed on expression: 'pred(*previous, *i)'
Assertion failed on expression: 'pred(*previous, *i)'
Assertion failed on expression: 'pred(*previous, *i)'
Assertion failed on expression: 'pred(*previous, *i)'
Assertion failed on expression: 'pred(*previous, *i)'
Assertion failed on expression: 'pred(*previous, *i)'
Assertion failed on expression: 'pred(*previous, *i)'
Assertion failed on expression: 'pred(*previous, *i)'
Assertion failed on expression: 'pred(*previous, *i)'
Assertion failed on expression: 'pred(*previous, *i)'
Assertion failed on expression: 'pred(*previous, *i)'
Assertion failed on expression: 'pred(*previous, *i)'
Assertion failed on expression: 'pred(*previous, *i)'
Assertion failed on expression: 'pred(*previous, *i)'
Assertion failed on expression: 'pred(*previous, *i)'
Assertion failed on expression: 'pred(*previous, *i)'
Assertion failed on expression: 'pred(*previous, *i)'
Assertion failed on expression: 'pred(*previous, *i)'
Assertion failed on expression: 'pred(*previous, *i)'
Assertion failed on expression: 'pred(*previous, *i)'
Assertion failed on expression: 'pred(*previous, *i)'
Assertion failed on expression: 'pred(*previous, *i)'
Assertion failed on expression: 'pred(*previous, *i)'
Assertion failed on expression: 'pred(*previous, *i)'
Assertion failed on expression: 'pred(*previous, *i)'
Assertion failed on expression: 'pred(*previous, *i)'
Assertion failed on expression: 'pred(*previous, *i)'
Assertion failed on expression: 'pred(*previous, *i)'
Assertion failed on expression: 'pred(*previous, *i)'
Assertion failed on expression: 'pred(*previous, *i)'
Assertion failed on expression: 'pred(*previous, *i)'
Assertion failed on expression: 'pred(*previous, *i)'
Assertion failed on expression: 'pred(*previous, *i)'
Assertion failed on expression: 'pred(*previous, *i)'
Assertion failed on expression: 'pred(*previous, *i)'
Assertion failed on expression: 'pred(*previous, *i)'
Assertion failed on expression: 'pred(*previous, *i)'
Assertion failed on expression: 'pred(*previous, *i)'
Assertion failed on expression: 'pred(*previous, *i)'
Assertion failed on expression: 'pred(*previous, *i)'
Assertion failed on expression: 'pred(*previous, *i)'
Assertion failed on expression: 'pred(*previous, *i)'
Assertion failed on expression: 'pred(*previous, *i)'
Assertion failed on expression: 'pred(*previous, *i)'
Assertion failed on expression: 'pred(*previous, *i)'
Assertion failed on expression: 'pred(*previous, *i)'
Assertion failed on expression: 'pred(*previous, *i)'
Assertion failed on expression: 'pred(*previous, *i)'
Assertion failed on expression: 'pred(*previous, *i)'
Assertion failed on expression: 'pred(*previous, *i)'
Assertion failed on expression: 'pred(*previous, *i)'
Assertion failed on expression: 'pred(*previous, *i)'
Assertion failed on expression: 'pred(*previous, *i)'
Assertion failed on expression: 'pred(*previous, *i)'
Assertion failed on expression: 'pred(*previous, *i)'
Assertion failed on expression: 'pred(*previous, *i)'
Assertion failed on expression: 'pred(*previous, *i)'
Assertion failed on expression: 'pred(*previous, *i)'
Assertion failed on expression: 'pred(*previous, *i)'
Assertion failed on expression: 'pred(*previous, *i)'
Assertion failed on expression: 'pred(*previous, *i)'
Assertion failed on expression: 'pred(*previous, *i)'
Assertion failed on expression: 'pred(*previous, *i)'
Assertion failed on expression: 'pred(*previous, *i)'
Assertion failed on expression: 'pred(*previous, *i)'
Assertion failed on expression: 'pred(*previous, *i)'
Assertion failed on expression: 'pred(*previous, *i)'
Assertion failed on expression: 'pred(*previous, *i)'
Assertion failed on expression: 'pred(*previous, *i)'
Assertion failed on expression: 'pred(*previous, *i)'
Assertion failed on expression: 'pred(*previous, *i)'
Assertion failed on expression: 'pred(*previous, *i)'
Assertion failed on expression: 'pred(*previous, *i)'
Assertion failed on expression: 'pred(*previous, *i)'
Assertion failed on expression: 'pred(*previous, *i)'
Assertion failed on expression: 'pred(*previous, *i)'
Assertion failed on expression: 'pred(*previous, *i)'
Assertion failed on expression: 'pred(*previous, *i)'
Assertion failed on expression: 'pred(*previous, *i)'
Assertion failed on expression: 'pred(*previous, *i)'
Assertion failed on expression: 'pred(*previous, *i)'
Assertion failed on expression: 'pred(*previous, *i)'
Assertion failed on expression: 'pred(*previous, *i)'
Assertion failed on expression: 'pred(*previous, *i)'
Assertion failed on expression: 'pred(*previous, *i)'
Assertion failed on expression: 'pred(*previous, *i)'
Assertion failed on expression: 'pred(*previous, *i)'
Assertion failed on expression: 'pred(*previous, *i)'
Assertion failed on expression: 'pred(*previous, *i)'
Assertion failed on expression: 'pred(*previous, *i)'
Assertion failed on expression: 'pred(*previous, *i)'
Assertion failed on expression: 'pred(*previous, *i)'
Assertion failed on expression: 'pred(*previous, *i)'
Assertion failed on expression: 'pred(*previous, *i)'
Assertion failed on expression: 'pred(*previous, *i)'
Assertion failed on expression: 'pred(*previous, *i)'
Assertion failed on expression: 'pred(*previous, *i)'
Assertion failed on expression: 'pred(*previous, *i)'
Assertion failed on expression: 'pred(*previous, *i)'
Assertion failed on expression: 'pred(*previous, *i)'
Assertion failed on expression: 'pred(*previous, *i)'
Assertion failed on expression: 'pred(*previous, *i)'
Assertion failed on expression: 'pred(*previous, *i)'
Assertion failed on expression: 'pred(*previous, *i)'
Assertion failed on expression: 'pred(*previous, *i)'
Assertion failed on expression: 'pred(*previous, *i)'
Assertion failed on expression: 'pred(*previous, *i)'
Assertion failed on expression: 'pred(*previous, *i)'
Assertion failed on expression: 'pred(*previous, *i)'
Assertion failed on expression: 'pred(*previous, *i)'
Assertion failed on expression: 'pred(*previous, *i)'
Assertion failed on expression: 'pred(*previous, *i)'
Assertion failed on expression: 'pred(*previous, *i)'
Assertion failed on expression: 'pred(*previous, *i)'
Assertion failed on expression: 'pred(*previous, *i)'
Assertion failed on expression: 'pred(*previous, *i)'
Assertion failed on expression: 'pred(*previous, *i)'
Assertion failed on expression: 'pred(*previous, *i)'
Assertion failed on expression: 'pred(*previous, *i)'
Assertion failed on expression: 'pred(*previous, *i)'
Assertion failed on expression: 'pred(*previous, *i)'
Assertion failed on expression: 'pred(*previous, *i)'
Assertion failed on expression: 'pred(*previous, *i)'
Assertion failed on expression: 'pred(*previous, *i)'
Assertion failed on expression: 'pred(*previous, *i)'
Assertion failed on expression: 'pred(*previous, *i)'
Assertion failed on expression: 'pred(*previous, *i)'
Assertion failed on expression: 'pred(*previous, *i)'
Assertion failed on expression: 'pred(*previous, *i)'
Assertion failed on expression: 'pred(*previous, *i)'
Assertion failed on expression: 'pred(*previous, *i)'
Assertion failed on expression: 'pred(*previous, *i)'
Assertion failed on expression: 'pred(*previous, *i)'
Assertion failed on expression: 'pred(*previous, *i)'
Assertion failed on expression: 'pred(*previous, *i)'
Assertion failed on expression: 'pred(*previous, *i)'
Assertion failed on expression: 'pred(*previous, *i)'
Assertion failed on expression: 'pred(*previous, *i)'
Assertion failed on expression: 'pred(*previous, *i)'
Assertion failed on expression: 'pred(*previous, *i)'
Assertion failed on expression: 'pred(*previous, *i)'
Assertion failed on expression: 'pred(*previous, *i)'
Assertion failed on expression: 'pred(*previous, *i)'
Assertion failed on expression: 'pred(*previous, *i)'
Assertion failed on expression: 'pred(*previous, *i)'
Assertion failed on expression: 'pred(*previous, *i)'
Assertion failed on expression: 'pred(*previous, *i)'
Assertion failed on expression: 'pred(*previous, *i)'
Assertion failed on expression: 'pred(*previous, *i)'
Assertion failed on expression: 'pred(*previous, *i)'
Assertion failed on expression: 'pred(*previous, *i)'
Assertion failed on expression: 'pred(*previous, *i)'
Assertion failed on expression: 'pred(*previous, *i)'
Assertion failed on expression: 'pred(*previous, *i)'
Assertion failed on expression: 'pred(*previous, *i)'
Assertion failed on expression: 'pred(*previous, *i)'
Assertion failed on expression: 'pred(*previous, *i)'
Assertion failed on expression: 'pred(*previous, *i)'
Assertion failed on expression: 'pred(*previous, *i)'
Assertion failed on expression: 'pred(*previous, *i)'
Assertion failed on expression: 'pred(*previous, *i)'
Assertion failed on expression: 'pred(*previous, *i)'
Assertion failed on expression: 'pred(*previous, *i)'
Assertion failed on expression: 'pred(*previous, *i)'
Assertion failed on expression: 'pred(*previous, *i)'
Assertion failed on expression: 'pred(*previous, *i)'
Assertion failed on expression: 'pred(*previous, *i)'
Assertion failed on expression: 'pred(*previous, *i)'
Assertion failed on expression: 'pred(*previous, *i)'
Assertion failed on expression: 'pred(*previous, *i)'
Assertion failed on expression: 'pred(*previous, *i)'
Assertion failed on expression: 'pred(*previous, *i)'
Assertion failed on expression: 'pred(*previous, *i)'
Assertion failed on expression: 'pred(*previous, *i)'
Assertion failed on expression: 'pred(*previous, *i)'
Assertion failed on expression: 'pred(*previous, *i)'
Assertion failed on expression: 'pred(*previous, *i)'
Assertion failed on expression: 'pred(*previous, *i)'
Assertion failed on expression: 'pred(*previous, *i)'
Assertion failed on expression: 'pred(*previous, *i)'
Assertion failed on expression: 'pred(*previous, *i)'
Assertion failed on expression: 'pred(*previous, *i)'
Assertion failed on expression: 'pred(*previous, *i)'
Assertion failed on expression: 'pred(*previous, *i)'
Assertion failed on expression: 'pred(*previous, *i)'
Assertion failed on expression: 'pred(*previous, *i)'
Assertion failed on expression: 'pred(*previous, *i)'
Assertion failed on expression: 'pred(*previous, *i)'
Assertion failed on expression: 'pred(*previous, *i)'
Assertion failed on expression: 'pred(*previous, *i)'
Assertion failed on expression: 'pred(*previous, *i)'
Assertion failed on expression: 'pred(*previous, *i)'
Assertion failed on expression: 'pred(*previous, *i)'
Assertion failed on expression: 'pred(*previous, *i)'
Assertion failed on expression: 'pred(*previous, *i)'
Assertion failed on expression: 'pred(*previous, *i)'
Assertion failed on expression: 'pred(*previous, *i)'
Assertion failed on expression: 'pred(*previous, *i)'
Assertion failed on expression: 'pred(*previous, *i)'
Assertion failed on expression: 'pred(*previous, *i)'
Assertion failed on expression: 'pred(*previous, *i)'
Assertion failed on expression: 'pred(*previous, *i)'
Assertion failed on expression: 'pred(*previous, *i)'
Assertion failed on expression: 'pred(*previous, *i)'
Assertion failed on expression: 'pred(*previous, *i)'
Assertion failed on expression: 'pred(*previous, *i)'
Assertion failed on expression: 'pred(*previous, *i)'
Assertion failed on expression: 'pred(*previous, *i)'
Assertion failed on expression: 'pred(*previous, *i)'
Assertion failed on expression: 'pred(*previous, *i)'
Assertion failed on expression: 'pred(*previous, *i)'
Assertion failed on expression: 'pred(*previous, *i)'
Assertion failed on expression: 'pred(*previous, *i)'
Assertion failed on expression: 'pred(*previous, *i)'
Assertion failed on expression: 'pred(*previous, *i)'
Assertion failed on expression: 'pred(*previous, *i)'
Assertion failed on expression: 'pred(*previous, *i)'
Assertion failed on expression: 'pred(*previous, *i)'
Assertion failed on expression: 'pred(*previous, *i)'
Assertion failed on expression: 'pred(*previous, *i)'
Assertion failed on expression: 'pred(*previous, *i)'
Assertion failed on expression: 'pred(*previous, *i)'
Assertion failed on expression: 'pred(*previous, *i)'
Assertion failed on expression: 'pred(*previous, *i)'
Assertion failed on expression: 'pred(*previous, *i)'
Assertion failed on expression: 'pred(*previous, *i)'
Assertion failed on expression: 'pred(*previous, *i)'
Assertion failed on expression: 'pred(*previous, *i)'
Assertion failed on expression: 'pred(*previous, *i)'
Assertion failed on expression: 'pred(*previous, *i)'
Assertion failed on expression: 'pred(*previous, *i)'
Assertion failed on expression: 'pred(*previous, *i)'
Assertion failed on expression: 'pred(*previous, *i)'
Assertion failed on expression: 'pred(*previous, *i)'
Assertion failed on expression: 'pred(*previous, *i)'
Assertion failed on expression: 'pred(*previous, *i)'
Assertion failed on expression: 'pred(*previous, *i)'
Assertion failed on expression: 'pred(*previous, *i)'
Assertion failed on expression: 'pred(*previous, *i)'
Assertion failed on expression: 'pred(*previous, *i)'
Assertion failed on expression: 'pred(*previous, *i)'
Assertion failed on expression: 'pred(*previous, *i)'
Assertion failed on expression: 'pred(*previous, *i)'
Assertion failed on expression: 'pred(*previous, *i)'
Assertion failed on expression: 'pred(*previous, *i)'
Assertion failed on expression: 'pred(*previous, *i)'
Assertion failed on expression: 'pred(*previous, *i)'
Assertion failed on expression: 'pred(*previous, *i)'
Assertion failed on expression: 'pred(*previous, *i)'
Assertion failed on expression: 'pred(*previous, *i)'
Assertion failed on expression: 'pred(*previous, *i)'
Assertion failed on expression: 'pred(*previous, *i)'
Assertion failed on expression: 'pred(*previous, *i)'
Assertion failed on expression: 'pred(*previous, *i)'
Assertion failed on expression: 'pred(*previous, *i)'
Assertion failed on expression: 'pred(*previous, *i)'
Assertion failed on expression: 'pred(*previous, *i)'
Assertion failed on expression: 'pred(*previous, *i)'
Assertion failed on expression: 'pred(*previous, *i)'
Assertion failed on expression: 'pred(*previous, *i)'
Assertion failed on expression: 'pred(*previous, *i)'
Assertion failed on expression: 'pred(*previous, *i)'
Assertion failed on expression: 'pred(*previous, *i)'
Assertion failed on expression: 'pred(*previous, *i)'
Assertion failed on expression: 'pred(*previous, *i)'
Assertion failed on expression: 'pred(*previous, *i)'
Assertion failed on expression: 'pred(*previous, *i)'
Assertion failed on expression: 'pred(*previous, *i)'
Assertion failed on expression: 'pred(*previous, *i)'
Assertion failed on expression: 'pred(*previous, *i)'
Assertion failed on expression: 'pred(*previous, *i)'
Assertion failed on expression: 'pred(*previous, *i)'
Assertion failed on expression: 'pred(*previous, *i)'
Assertion failed on expression: 'pred(*previous, *i)'
Assertion failed on expression: 'pred(*previous, *i)'
Assertion failed on expression: 'pred(*previous, *i)'
Assertion failed on expression: 'pred(*previous, *i)'
Assertion failed on expression: 'pred(*previous, *i)'
Assertion failed on expression: 'pred(*previous, *i)'
Assertion failed on expression: 'pred(*previous, *i)'
Assertion failed on expression: 'pred(*previous, *i)'
Assertion failed on expression: 'pred(*previous, *i)'
Assertion failed on expression: 'pred(*previous, *i)'
Assertion failed on expression: 'pred(*previous, *i)'
Assertion failed on expression: 'pred(*previous, *i)'
Assertion failed on expression: 'pred(*previous, *i)'
Assertion failed on expression: 'pred(*previous, *i)'
Assertion failed on expression: 'pred(*previous, *i)'
Assertion failed on expression: 'pred(*previous, *i)'
Assertion failed on expression: 'pred(*previous, *i)'
Assertion failed on expression: 'pred(*previous, *i)'
Assertion failed on expression: 'pred(*previous, *i)'
Assertion failed on expression: 'pred(*previous, *i)'
Assertion failed on expression: 'pred(*previous, *i)'
Assertion failed on expression: 'pred(*previous, *i)'
Assertion failed on expression: 'pred(*previous, *i)'
Assertion failed on expression: 'pred(*previous, *i)'
Assertion failed on expression: 'pred(*previous, *i)'
Assertion failed on expression: 'pred(*previous, *i)'
Assertion failed on expression: 'pred(*previous, *i)'
Assertion failed on expression: 'pred(*previous, *i)'
Assertion failed on expression: 'pred(*previous, *i)'
Assertion failed on expression: 'pred(*previous, *i)'
Assertion failed on expression: 'pred(*previous, *i)'
Assertion failed on expression: 'pred(*previous, *i)'
Assertion failed on expression: 'pred(*previous, *i)'
Assertion failed on expression: 'pred(*previous, *i)'
Assertion failed on expression: 'pred(*previous, *i)'
Assertion failed on expression: 'pred(*previous, *i)'
Assertion failed on expression: 'pred(*previous, *i)'
Assertion failed on expression: 'pred(*previous, *i)'
Assertion failed on expression: 'pred(*previous, *i)'
Assertion failed on expression: 'pred(*previous, *i)'
Assertion failed on expression: 'pred(*previous, *i)'
Assertion failed on expression: 'pred(*previous, *i)'
Assertion failed on expression: 'pred(*previous, *i)'
Assertion failed on expression: 'pred(*previous, *i)'
Assertion failed on expression: 'pred(*previous, *i)'
Assertion failed on expression: 'pred(*previous, *i)'
Assertion failed on expression: 'pred(*previous, *i)'
Assertion failed on expression: 'pred(*previous, *i)'
Assertion failed on expression: 'pred(*previous, *i)'
Assertion failed on expression: 'pred(*previous, *i)'
Assertion failed on expression: 'pred(*previous, *i)'
Assertion failed on expression: 'pred(*previous, *i)'
Assertion failed on expression: 'pred(*previous, *i)'
Assertion failed on expression: 'pred(*previous, *i)'
Assertion failed on expression: 'pred(*previous, *i)'
Assertion failed on expression: 'pred(*previous, *i)'
Assertion failed on expression: 'pred(*previous, *i)'
Assertion failed on expression: 'pred(*previous, *i)'
Assertion failed on expression: 'pred(*previous, *i)'
Assertion failed on expression: 'pred(*previous, *i)'
Assertion failed on expression: 'pred(*previous, *i)'
Assertion failed on expression: 'pred(*previous, *i)'
Assertion failed on expression: 'pred(*previous, *i)'
Assertion failed on expression: 'pred(*previous, *i)'
Assertion failed on expression: 'pred(*previous, *i)'
Assertion failed on expression: 'pred(*previous, *i)'
Assertion failed on expression: 'pred(*previous, *i)'
Assertion failed on expression: 'pred(*previous, *i)'
Assertion failed on expression: 'pred(*previous, *i)'
Assertion failed on expression: 'pred(*previous, *i)'
Assertion failed on expression: 'pred(*previous, *i)'
Assertion failed on expression: 'pred(*previous, *i)'
Assertion failed on expression: 'pred(*previous, *i)'
Assertion failed on expression: 'pred(*previous, *i)'
Assertion failed on expression: 'pred(*previous, *i)'
Assertion failed on expression: 'pred(*previous, *i)'
Assertion failed on expression: 'pred(*previous, *i)'
Assertion failed on expression: 'pred(*previous, *i)'
Assertion failed on expression: 'pred(*previous, *i)'
Assertion failed on expression: 'pred(*previous, *i)'
Assertion failed on expression: 'pred(*previous, *i)'
Assertion failed on expression: 'pred(*previous, *i)'
Assertion failed on expression: 'pred(*previous, *i)'
Assertion failed on expression: 'pred(*previous, *i)'
Assertion failed on expression: 'pred(*previous, *i)'
Assertion failed on expression: 'pred(*previous, *i)'
Assertion failed on expression: 'pred(*previous, *i)'
Assertion failed on expression: 'pred(*previous, *i)'
Assertion failed on expression: 'pred(*previous, *i)'
Assertion failed on expression: 'pred(*previous, *i)'
Assertion failed on expression: 'pred(*previous, *i)'
Assertion failed on expression: 'pred(*previous, *i)'
Assertion failed on expression: 'pred(*previous, *i)'
Assertion failed on expression: 'pred(*previous, *i)'
Assertion failed on expression: 'pred(*previous, *i)'
Assertion failed on expression: 'pred(*previous, *i)'
Assertion failed on expression: 'pred(*previous, *i)'
Assertion failed on expression: 'pred(*previous, *i)'
Assertion failed on expression: 'pred(*previous, *i)'
Assertion failed on expression: 'pred(*previous, *i)'
Assertion failed on expression: 'pred(*previous, *i)'
Assertion failed on expression: 'pred(*previous, *i)'
Assertion failed on expression: 'pred(*previous, *i)'
Assertion failed on expression: 'pred(*previous, *i)'
Assertion failed on expression: 'pred(*previous, *i)'
Assertion failed on expression: 'pred(*previous, *i)'
Assertion failed on expression: 'pred(*previous, *i)'
Assertion failed on expression: 'pred(*previous, *i)'
Assertion failed on expression: 'pred(*previous, *i)'
Assertion failed on expression: 'pred(*previous, *i)'
Assertion failed on expression: 'pred(*previous, *i)'
Assertion failed on expression: 'pred(*previous, *i)'
Assertion failed on expression: 'pred(*previous, *i)'
Assertion failed on expression: 'pred(*previous, *i)'
Assertion failed on expression: 'pred(*previous, *i)'
Assertion failed on expression: 'pred(*previous, *i)'
Assertion failed on expression: 'pred(*previous, *i)'
Assertion failed on expression: 'pred(*previous, *i)'
Assertion failed on expression: 'pred(*previous, *i)'
Assertion failed on expression: 'pred(*previous, *i)'
Assertion failed on expression: 'pred(*previous, *i)'
Assertion failed on expression: 'pred(*previous, *i)'
Assertion failed on expression: 'pred(*previous, *i)'
Assertion failed on expression: 'pred(*previous, *i)'
Assertion failed on expression: 'pred(*previous, *i)'
Assertion failed on expression: 'pred(*previous, *i)'
Assertion failed on expression: 'pred(*previous, *i)'
Assertion failed on expression: 'pred(*previous, *i)'
Assertion failed on expression: 'pred(*previous, *i)'
Assertion failed on expression: 'pred(*previous, *i)'
Assertion failed on expression: 'pred(*previous, *i)'
Assertion failed on expression: 'pred(*previous, *i)'
Assertion failed on expression: 'pred(*previous, *i)'
Assertion failed on expression: 'pred(*previous, *i)'
Assertion failed on expression: 'pred(*previous, *i)'
Assertion failed on expression: 'pred(*previous, *i)'
Assertion failed on expression: 'pred(*previous, *i)'
Assertion failed on expression: 'pred(*previous, *i)'
Assertion failed on expression: 'pred(*previous, *i)'
Assertion failed on expression: 'pred(*previous, *i)'
Assertion failed on expression: 'pred(*previous, *i)'
Assertion failed on expression: 'pred(*previous, *i)'
Assertion failed on expression: 'pred(*previous, *i)'
Assertion failed on expression: 'pred(*previous, *i)'
Assertion failed on expression: 'pred(*previous, *i)'
Assertion failed on expression: 'pred(*previous, *i)'
Assertion failed on expression: 'pred(*previous, *i)'
Assertion failed on expression: 'pred(*previous, *i)'
Assertion failed on expression: 'pred(*previous, *i)'
Assertion failed on expression: 'pred(*previous, *i)'
Assertion failed on expression: 'pred(*previous, *i)'
Assertion failed on expression: 'pred(*previous, *i)'
Assertion failed on expression: 'pred(*previous, *i)'
Assertion failed on expression: 'pred(*previous, *i)'
Assertion failed on expression: 'pred(*previous, *i)'
Assertion failed on expression: 'pred(*previous, *i)'
Assertion failed on expression: 'pred(*previous, *i)'
Assertion failed on expression: 'pred(*previous, *i)'
Assertion failed on expression: 'pred(*previous, *i)'
Assertion failed on expression: 'pred(*previous, *i)'
Assertion failed on expression: 'pred(*previous, *i)'
Assertion failed on expression: 'pred(*previous, *i)'
Assertion failed on expression: 'pred(*previous, *i)'
Assertion failed on expression: 'pred(*previous, *i)'
Assertion failed on expression: 'pred(*previous, *i)'
Assertion failed on expression: 'pred(*previous, *i)'
Assertion failed on expression: 'pred(*previous, *i)'
Assertion failed on expression: 'pred(*previous, *i)'
Assertion failed on expression: 'pred(*previous, *i)'
Assertion failed on expression: 'pred(*previous, *i)'
Assertion failed on expression: 'pred(*previous, *i)'
Assertion failed on expression: 'pred(*previous, *i)'
Assertion failed on expression: 'pred(*previous, *i)'
Assertion failed on expression: 'pred(*previous, *i)'
Assertion failed on expression: 'pred(*previous, *i)'
Assertion failed on expression: 'pred(*previous, *i)'
Assertion failed on expression: 'pred(*previous, *i)'
Assertion failed on expression: 'pred(*previous, *i)'
Assertion failed on expression: 'pred(*previous, *i)'
Assertion failed on expression: 'pred(*previous, *i)'
Assertion failed on expression: 'pred(*previous, *i)'
Assertion failed on expression: 'pred(*previous, *i)'
Assertion failed on expression: 'pred(*previous, *i)'
Assertion failed on expression: 'pred(*previous, *i)'
Assertion failed on expression: 'pred(*previous, *i)'
Assertion failed on expression: 'pred(*previous, *i)'
Assertion failed on expression: 'pred(*previous, *i)'
Assertion failed on expression: 'pred(*previous, *i)'
Assertion failed on expression: 'pred(*previous, *i)'
Assertion failed on expression: 'pred(*previous, *i)'
Assertion failed on expression: 'pred(*previous, *i)'
Assertion failed on expression: 'pred(*previous, *i)'
Assertion failed on expression: 'pred(*previous, *i)'
Assertion failed on expression: 'pred(*previous, *i)'
Assertion failed on expression: 'pred(*previous, *i)'
Assertion failed on expression: 'pred(*previous, *i)'
Assertion failed on expression: 'pred(*previous, *i)'
Assertion failed on expression: 'pred(*previous, *i)'
Assertion failed on expression: 'pred(*previous, *i)'
Assertion failed on expression: 'pred(*previous, *i)'
Assertion failed on expression: 'pred(*previous, *i)'
Assertion failed on expression: 'pred(*previous, *i)'
Assertion failed on expression: 'pred(*previous, *i)'
Assertion failed on expression: 'pred(*previous, *i)'
Assertion failed on expression: 'pred(*previous, *i)'
Assertion failed on expression: 'pred(*previous, *i)'
Assertion failed on expression: 'pred(*previous, *i)'
Assertion failed on expression: 'pred(*previous, *i)'
Assertion failed on expression: 'pred(*previous, *i)'
Assertion failed on expression: 'pred(*previous, *i)'
Assertion failed on expression: 'pred(*previous, *i)'
Assertion failed on expression: 'pred(*previous, *i)'
Assertion failed on expression: 'pred(*previous, *i)'
Assertion failed on expression: 'pred(*previous, *i)'
Assertion failed on expression: 'pred(*previous, *i)'
Assertion failed on expression: 'pred(*previous, *i)'
Assertion failed on expression: 'pred(*previous, *i)'
Assertion failed on expression: 'pred(*previous, *i)'
Assertion failed on expression: 'pred(*previous, *i)'
Assertion failed on expression: 'pred(*previous, *i)'
Assertion failed on expression: 'pred(*previous, *i)'
Assertion failed on expression: 'pred(*previous, *i)'
Assertion failed on expression: 'pred(*previous, *i)'
Assertion failed on expression: 'pred(*previous, *i)'
Assertion failed on expression: 'pred(*previous, *i)'
Assertion failed on expression: 'pred(*previous, *i)'
Assertion failed on expression: 'pred(*previous, *i)'
Assertion failed on expression: 'pred(*previous, *i)'
Assertion failed on expression: 'pred(*previous, *i)'
Assertion failed on expression: 'pred(*previous, *i)'
Assertion failed on expression: 'pred(*previous, *i)'
Assertion failed on expression: 'pred(*previous, *i)'
Assertion failed on expression: 'pred(*previous, *i)'
Assertion failed on expression: 'pred(*previous, *i)'
Assertion failed on expression: 'pred(*previous, *i)'
Assertion failed on expression: 'pred(*previous, *i)'
Assertion failed on expression: 'pred(*previous, *i)'
Assertion failed on expression: 'pred(*previous, *i)'
Assertion failed on expression: 'pred(*previous, *i)'
Assertion failed on expression: 'pred(*previous, *i)'
Assertion failed on expression: 'pred(*previous, *i)'
Assertion failed on expression: 'pred(*previous, *i)'
Assertion failed on expression: 'pred(*previous, *i)'
Assertion failed on expression: 'pred(*previous, *i)'
Assertion failed on expression: 'pred(*previous, *i)'
Assertion failed on expression: 'pred(*previous, *i)'
Assertion failed on expression: 'pred(*previous, *i)'
Assertion failed on expression: 'pred(*previous, *i)'
Assertion failed on expression: 'pred(*previous, *i)'
Assertion failed on expression: 'pred(*previous, *i)'
Assertion failed on expression: 'pred(*previous, *i)'
Assertion failed on expression: 'pred(*previous, *i)'
Assertion failed on expression: 'pred(*previous, *i)'
Assertion failed on expression: 'pred(*previous, *i)'
Assertion failed on expression: 'pred(*previous, *i)'
Assertion failed on expression: 'pred(*previous, *i)'
Assertion failed on expression: 'pred(*previous, *i)'
Assertion failed on expression: 'pred(*previous, *i)'
Assertion failed on expression: 'pred(*previous, *i)'
Assertion failed on expression: 'pred(*previous, *i)'
Assertion failed on expression: 'pred(*previous, *i)'
Assertion failed on expression: 'pred(*previous, *i)'
Assertion failed on expression: 'pred(*previous, *i)'
Assertion failed on expression: 'pred(*previous, *i)'
Assertion failed on expression: 'pred(*previous, *i)'
Assertion failed on expression: 'pred(*previous, *i)'
Assertion failed on expression: 'pred(*previous, *i)'
Assertion failed on expression: 'pred(*previous, *i)'
Assertion failed on expression: 'pred(*previous, *i)'
Assertion failed on expression: 'pred(*previous, *i)'
Assertion failed on expression: 'pred(*previous, *i)'
Assertion failed on expression: 'pred(*previous, *i)'
Assertion failed on expression: 'pred(*previous, *i)'
Assertion failed on expression: 'pred(*previous, *i)'
Assertion failed on expression: 'pred(*previous, *i)'
Assertion failed on expression: 'pred(*previous, *i)'
Assertion failed on expression: 'pred(*previous, *i)'
Assertion failed on expression: 'pred(*previous, *i)'
Assertion failed on expression: 'pred(*previous, *i)'
Assertion failed on expression: 'pred(*previous, *i)'
Assertion failed on expression: 'pred(*previous, *i)'
Assertion failed on expression: 'pred(*previous, *i)'
Assertion failed on expression: 'pred(*previous, *i)'
Assertion failed on expression: 'pred(*previous, *i)'
Assertion failed on expression: 'pred(*previous, *i)'
Assertion failed on expression: 'pred(*previous, *i)'
Assertion failed on expression: 'pred(*previous, *i)'
Assertion failed on expression: 'pred(*previous, *i)'
Assertion failed on expression: 'pred(*previous, *i)'
Assertion failed on expression: 'pred(*previous, *i)'
Assertion failed on expression: 'pred(*previous, *i)'
Assertion failed on expression: 'pred(*previous, *i)'
Assertion failed on expression: 'pred(*previous, *i)'
Assertion failed on expression: 'pred(*previous, *i)'
Assertion failed on expression: 'pred(*previous, *i)'
Assertion failed on expression: 'pred(*previous, *i)'
Assertion failed on expression: 'pred(*previous, *i)'
Assertion failed on expression: 'pred(*previous, *i)'
Assertion failed on expression: 'pred(*previous, *i)'
Assertion failed on expression: 'pred(*previous, *i)'
Assertion failed on expression: 'pred(*previous, *i)'
Assertion failed on expression: 'pred(*previous, *i)'
Assertion failed on expression: 'pred(*previous, *i)'
Assertion failed on expression: 'pred(*previous, *i)'
Assertion failed on expression: 'pred(*previous, *i)'
Assertion failed on expression: 'pred(*previous, *i)'
Assertion failed on expression: 'pred(*previous, *i)'
Assertion failed on expression: 'pred(*previous, *i)'
Assertion failed on expression: 'pred(*previous, *i)'
Assertion failed on expression: 'pred(*previous, *i)'
Assertion failed on expression: 'pred(*previous, *i)'
Assertion failed on expression: 'pred(*previous, *i)'
Assertion failed on expression: 'pred(*previous, *i)'
Assertion failed on expression: 'pred(*previous, *i)'
Assertion failed on expression: 'pred(*previous, *i)'
Assertion failed on expression: 'pred(*previous, *i)'
Assertion failed on expression: 'pred(*previous, *i)'
Assertion failed on expression: 'pred(*previous, *i)'
Assertion failed on expression: 'pred(*previous, *i)'
Assertion failed on expression: 'pred(*previous, *i)'
Assertion failed on expression: 'pred(*previous, *i)'
Assertion failed on expression: 'pred(*previous, *i)'
Assertion failed on expression: 'pred(*previous, *i)'
Assertion failed on expression: 'pred(*previous, *i)'
Assertion failed on expression: 'pred(*previous, *i)'
Assertion failed on expression: 'pred(*previous, *i)'
Assertion failed on expression: 'pred(*previous, *i)'
Assertion failed on expression: 'pred(*previous, *i)'
Assertion failed on expression: 'pred(*previous, *i)'
Assertion failed on expression: 'pred(*previous, *i)'
Assertion failed on expression: 'pred(*previous, *i)'
Assertion failed on expression: 'pred(*previous, *i)'
Assertion failed on expression: 'pred(*previous, *i)'
Assertion failed on expression: 'pred(*previous, *i)'
Assertion failed on expression: 'pred(*previous, *i)'
Assertion failed on expression: 'pred(*previous, *i)'
Assertion failed on expression: 'pred(*previous, *i)'
Assertion failed on expression: 'pred(*previous, *i)'
Assertion failed on expression: 'pred(*previous, *i)'
Assertion failed on expression: 'pred(*previous, *i)'
Assertion failed on expression: 'pred(*previous, *i)'
Assertion failed on expression: 'pred(*previous, *i)'
Assertion failed on expression: 'pred(*previous, *i)'
Assertion failed on expression: 'pred(*previous, *i)'
Assertion failed on expression: 'pred(*previous, *i)'
Assertion failed on expression: 'pred(*previous, *i)'
Assertion failed on expression: 'pred(*previous, *i)'
Assertion failed on expression: 'pred(*previous, *i)'
Assertion failed on expression: 'pred(*previous, *i)'
Assertion failed on expression: 'pred(*previous, *i)'
Assertion failed on expression: 'pred(*previous, *i)'
Assertion failed on expression: 'pred(*previous, *i)'
Assertion failed on expression: 'pred(*previous, *i)'
Assertion failed on expression: 'pred(*previous, *i)'
Assertion failed on expression: 'pred(*previous, *i)'
Assertion failed on expression: 'pred(*previous, *i)'
Assertion failed on expression: 'pred(*previous, *i)'
Assertion failed on expression: 'pred(*previous, *i)'
Assertion failed on expression: 'pred(*previous, *i)'
Assertion failed on expression: 'pred(*previous, *i)'
Assertion failed on expression: 'pred(*previous, *i)'
Assertion failed on expression: 'pred(*previous, *i)'
Assertion failed on expression: 'pred(*previous, *i)'
Assertion failed on expression: 'pred(*previous, *i)'
Assertion failed on expression: 'pred(*previous, *i)'
Assertion failed on expression: 'pred(*previous, *i)'
Assertion failed on expression: 'pred(*previous, *i)'
Assertion failed on expression: 'pred(*previous, *i)'
Assertion failed on expression: 'pred(*previous, *i)'
Assertion failed on expression: 'pred(*previous, *i)'
Assertion failed on expression: 'pred(*previous, *i)'
Assertion failed on expression: 'pred(*previous, *i)'
Assertion failed on expression: 'pred(*previous, *i)'
Assertion failed on expression: 'pred(*previous, *i)'
Assertion failed on expression: 'pred(*previous, *i)'
Assertion failed on expression: 'pred(*previous, *i)'
Assertion failed on expression: 'pred(*previous, *i)'
Assertion failed on expression: 'pred(*previous, *i)'
Assertion failed on expression: 'pred(*previous, *i)'
Assertion failed on expression: 'pred(*previous, *i)'
Assertion failed on expression: 'pred(*previous, *i)'
Assertion failed on expression: 'pred(*previous, *i)'
Assertion failed on expression: 'pred(*previous, *i)'
Assertion failed on expression: 'pred(*previous, *i)'
Assertion failed on expression: 'pred(*previous, *i)'
Assertion failed on expression: 'pred(*previous, *i)'
Assertion failed on expression: 'pred(*previous, *i)'
Assertion failed on expression: 'pred(*previous, *i)'
Assertion failed on expression: 'pred(*previous, *i)'
Assertion failed on expression: 'pred(*previous, *i)'
Assertion failed on expression: 'pred(*previous, *i)'
Assertion failed on expression: 'pred(*previous, *i)'
Assertion failed on expression: 'pred(*previous, *i)'
Assertion failed on expression: 'pred(*previous, *i)'
Assertion failed on expression: 'pred(*previous, *i)'
Assertion failed on expression: 'pred(*previous, *i)'
Assertion failed on expression: 'pred(*previous, *i)'
Assertion failed on expression: 'pred(*previous, *i)'
Assertion failed on expression: 'pred(*previous, *i)'
Assertion failed on expression: 'pred(*previous, *i)'
Assertion failed on expression: 'pred(*previous, *i)'
Assertion failed on expression: 'pred(*previous, *i)'
Assertion failed on expression: 'pred(*previous, *i)'
Assertion failed on expression: 'pred(*previous, *i)'
Assertion failed on expression: 'pred(*previous, *i)'
Assertion failed on expression: 'pred(*previous, *i)'
Assertion failed on expression: 'pred(*previous, *i)'
Assertion failed on expression: 'pred(*previous, *i)'
Assertion failed on expression: 'pred(*previous, *i)'
Assertion failed on expression: 'pred(*previous, *i)'
Assertion failed on expression: 'pred(*previous, *i)'
Assertion failed on expression: 'pred(*previous, *i)'
Assertion failed on expression: 'pred(*previous, *i)'
Assertion failed on expression: 'pred(*previous, *i)'
Assertion failed on expression: 'pred(*previous, *i)'
Assertion failed on expression: 'pred(*previous, *i)'
Assertion failed on expression: 'pred(*previous, *i)'
Assertion failed on expression: 'pred(*previous, *i)'
Assertion failed on expression: 'pred(*previous, *i)'
Assertion failed on expression: 'pred(*previous, *i)'
Assertion failed on expression: 'pred(*previous, *i)'
Assertion failed on expression: 'pred(*previous, *i)'
Assertion failed on expression: 'pred(*previous, *i)'
Assertion failed on expression: 'pred(*previous, *i)'
Assertion failed on expression: 'pred(*previous, *i)'
Assertion failed on expression: 'pred(*previous, *i)'
Assertion failed on expression: 'pred(*previous, *i)'
Assertion failed on expression: 'pred(*previous, *i)'
Assertion failed on expression: 'pred(*previous, *i)'
Assertion failed on expression: 'pred(*previous, *i)'
Assertion failed on expression: 'pred(*previous, *i)'
Assertion failed on expression: 'pred(*previous, *i)'
Assertion failed on expression: 'pred(*previous, *i)'
Assertion failed on expression: 'pred(*previous, *i)'
Assertion failed on expression: 'pred(*previous, *i)'
Assertion failed on expression: 'pred(*previous, *i)'
Assertion failed on expression: 'pred(*previous, *i)'
Assertion failed on expression: 'pred(*previous, *i)'
Assertion failed on expression: 'pred(*previous, *i)'
Assertion failed on expression: 'pred(*previous, *i)'
Assertion failed on expression: 'pred(*previous, *i)'
Assertion failed on expression: 'pred(*previous, *i)'
Assertion failed on expression: 'pred(*previous, *i)'
Assertion failed on expression: 'pred(*previous, *i)'
Assertion failed on expression: 'pred(*previous, *i)'
Assertion failed on expression: 'pred(*previous, *i)'
Assertion failed on expression: 'pred(*previous, *i)'
Assertion failed on expression: 'pred(*previous, *i)'
Assertion failed on expression: 'pred(*previous, *i)'
Assertion failed on expression: 'pred(*previous, *i)'
Assertion failed on expression: 'pred(*previous, *i)'
Assertion failed on expression: 'pred(*previous, *i)'
Assertion failed on expression: 'pred(*previous, *i)'
Assertion failed on expression: 'pred(*previous, *i)'
Assertion failed on expression: 'pred(*previous, *i)'
Assertion failed on expression: 'pred(*previous, *i)'
Assertion failed on expression: 'pred(*previous, *i)'
Assertion failed on expression: 'pred(*previous, *i)'
Assertion failed on expression: 'pred(*previous, *i)'
Assertion failed on expression: 'pred(*previous, *i)'
Assertion failed on expression: 'pred(*previous, *i)'
Assertion failed on expression: 'pred(*previous, *i)'
Assertion failed on expression: 'pred(*previous, *i)'
Assertion failed on expression: 'pred(*previous, *i)'
Assertion failed on expression: 'pred(*previous, *i)'
Assertion failed on expression: 'pred(*previous, *i)'
Assertion failed on expression: 'pred(*previous, *i)'
Assertion failed on expression: 'pred(*previous, *i)'
Assertion failed on expression: 'pred(*previous, *i)'
Assertion failed on expression: 'pred(*previous, *i)'
Assertion failed on expression: 'pred(*previous, *i)'
Assertion failed on expression: 'pred(*previous, *i)'
Assertion failed on expression: 'pred(*previous, *i)'
Assertion failed on expression: 'pred(*previous, *i)'
Assertion failed on expression: 'pred(*previous, *i)'
Assertion failed on expression: 'pred(*previous, *i)'
Assertion failed on expression: 'pred(*previous, *i)'
Assertion failed on expression: 'pred(*previous, *i)'
Assertion failed on expression: 'pred(*previous, *i)'
Assertion failed on expression: 'pred(*previous, *i)'
Assertion failed on expression: 'pred(*previous, *i)'
Assertion failed on expression: 'pred(*previous, *i)'
Assertion failed on expression: 'pred(*previous, *i)'
Assertion failed on expression: 'pred(*previous, *i)'
Assertion failed on expression: 'pred(*previous, *i)'
Assertion failed on expression: 'pred(*previous, *i)'
Assertion failed on expression: 'pred(*previous, *i)'
Assertion failed on expression: 'pred(*previous, *i)'
Assertion failed on expression: 'pred(*previous, *i)'
Assertion failed on expression: 'pred(*previous, *i)'
Assertion failed on expression: 'pred(*previous, *i)'
Assertion failed on expression: 'pred(*previous, *i)'
Assertion failed on expression: 'pred(*previous, *i)'
Assertion failed on expression: 'pred(*previous, *i)'
Assertion failed on expression: 'pred(*previous, *i)'
Assertion failed on expression: 'pred(*previous, *i)'
Assertion failed on expression: 'pred(*previous, *i)'
Assertion failed on expression: 'pred(*previous, *i)'
Assertion failed on expression: 'pred(*previous, *i)'
Assertion failed on expression: 'pred(*previous, *i)'
Assertion failed on expression: 'pred(*previous, *i)'
Assertion failed on expression: 'pred(*previous, *i)'
Assertion failed on expression: 'pred(*previous, *i)'
Assertion failed on expression: 'pred(*previous, *i)'
Assertion failed on expression: 'pred(*previous, *i)'
Assertion failed on expression: 'pred(*previous, *i)'
Assertion failed on expression: 'pred(*previous, *i)'
Assertion failed on expression: 'pred(*previous, *i)'
Assertion failed on expression: 'pred(*previous, *i)'
Assertion failed on expression: 'pred(*previous, *i)'
Assertion failed on expression: 'pred(*previous, *i)'
Assertion failed on expression: 'pred(*previous, *i)'
Assertion failed on expression: 'pred(*previous, *i)'
Assertion failed on expression: 'pred(*previous, *i)'
Assertion failed on expression: 'pred(*previous, *i)'
Assertion failed on expression: 'pred(*previous, *i)'
Assertion failed on expression: 'pred(*previous, *i)'
Assertion failed on expression: 'pred(*previous, *i)'
Assertion failed on expression: 'pred(*previous, *i)'
Assertion failed on expression: 'pred(*previous, *i)'
Assertion failed on expression: 'pred(*previous, *i)'
Assertion failed on expression: 'pred(*previous, *i)'
Assertion failed on expression: 'pred(*previous, *i)'
Assertion failed on expression: 'pred(*previous, *i)'
Assertion failed on expression: 'pred(*previous, *i)'
Assertion failed on expression: 'pred(*previous, *i)'
Assertion failed on expression: 'pred(*previous, *i)'
Assertion failed on expression: 'pred(*previous, *i)'
Assertion failed on expression: 'pred(*previous, *i)'
Assertion failed on expression: 'pred(*previous, *i)'
Assertion failed on expression: 'pred(*previous, *i)'
Assertion failed on expression: 'pred(*previous, *i)'
Assertion failed on expression: 'pred(*previous, *i)'
Assertion failed on expression: 'pred(*previous, *i)'
Assertion failed on expression: 'pred(*previous, *i)'
Assertion failed on expression: 'pred(*previous, *i)'
Assertion failed on expression: 'pred(*previous, *i)'
Assertion failed on expression: 'pred(*previous, *i)'
Assertion failed on expression: 'pred(*previous, *i)'
Assertion failed on expression: 'pred(*previous, *i)'
Assertion failed on expression: 'pred(*previous, *i)'
Assertion failed on expression: 'pred(*previous, *i)'
Assertion failed on expression: 'pred(*previous, *i)'
Assertion failed on expression: 'pred(*previous, *i)'
Assertion failed on expression: 'pred(*previous, *i)'
Assertion failed on expression: 'pred(*previous, *i)'
Assertion failed on expression: 'pred(*previous, *i)'
Assertion failed on expression: 'pred(*previous, *i)'
Assertion failed on expression: 'pred(*previous, *i)'
Assertion failed on expression: 'pred(*previous, *i)'
Assertion failed on expression: 'pred(*previous, *i)'
Assertion failed on expression: 'pred(*previous, *i)'
Assertion failed on expression: 'pred(*previous, *i)'
Assertion failed on expression: 'pred(*previous, *i)'
Assertion failed on expression: 'pred(*previous, *i)'
Assertion failed on expression: 'pred(*previous, *i)'
Assertion failed on expression: 'pred(*previous, *i)'
Assertion failed on expression: 'pred(*previous, *i)'
Assertion failed on expression: 'pred(*previous, *i)'
Assertion failed on expression: 'pred(*previous, *i)'
Assertion failed on expression: 'pred(*previous, *i)'
Assertion failed on expression: 'pred(*previous, *i)'
Assertion failed on expression: 'pred(*previous, *i)'
Assertion failed on expression: 'pred(*previous, *i)'
Assertion failed on expression: 'pred(*previous, *i)'
Assertion failed on expression: 'pred(*previous, *i)'
Assertion failed on expression: 'pred(*previous, *i)'
Assertion failed on expression: 'pred(*previous, *i)'
Assertion failed on expression: 'pred(*previous, *i)'
Assertion failed on expression: 'pred(*previous, *i)'
Assertion failed on expression: 'pred(*previous, *i)'
Assertion failed on expression: 'pred(*previous, *i)'
Assertion failed on expression: 'pred(*previous, *i)'
Assertion failed on expression: 'pred(*previous, *i)'
Assertion failed on expression: 'pred(*previous, *i)'
Assertion failed on expression: 'pred(*previous, *i)'
Assertion failed on expression: 'pred(*previous, *i)'
Assertion failed on expression: 'pred(*previous, *i)'
Assertion failed on expression: 'pred(*previous, *i)'
Assertion failed on expression: 'pred(*previous, *i)'
Assertion failed on expression: 'pred(*previous, *i)'
Assertion failed on expression: 'pred(*previous, *i)'
Assertion failed on expression: 'pred(*previous, *i)'
Assertion failed on expression: 'pred(*previous, *i)'
Assertion failed on expression: 'pred(*previous, *i)'
Assertion failed on expression: 'pred(*previous, *i)'
Assertion failed on expression: 'pred(*previous, *i)'
Assertion failed on expression: 'pred(*previous, *i)'
Assertion failed on expression: 'pred(*previous, *i)'
Assertion failed on expression: 'pred(*previous, *i)'
Assertion failed on expression: 'pred(*previous, *i)'
Assertion failed on expression: 'pred(*previous, *i)'
Assertion failed on expression: 'pred(*previous, *i)'
Assertion failed on expression: 'pred(*previous, *i)'
Assertion failed on expression: 'pred(*previous, *i)'
Assertion failed on expression: 'pred(*previous, *i)'
Assertion failed on expression: 'pred(*previous, *i)'
Assertion failed on expression: 'pred(*previous, *i)'
Assertion failed on expression: 'pred(*previous, *i)'
Assertion failed on expression: 'pred(*previous, *i)'
Assertion failed on expression: 'pred(*previous, *i)'
Assertion failed on expression: 'pred(*previous, *i)'
Assertion failed on expression: 'pred(*previous, *i)'
Assertion failed on expression: 'pred(*previous, *i)'
Assertion failed on expression: 'pred(*previous, *i)'
Assertion failed on expression: 'pred(*previous, *i)'
Assertion failed on expression: 'pred(*previous, *i)'
Assertion failed on expression: 'pred(*previous, *i)'
Assertion failed on expression: 'pred(*previous, *i)'
Assertion failed on expression: 'pred(*previous, *i)'
Assertion failed on expression: 'pred(*previous, *i)'
Assertion failed on expression: 'pred(*previous, *i)'
Assertion failed on expression: 'pred(*previous, *i)'
Assertion failed on expression: 'pred(*previous, *i)'
Assertion failed on expression: 'pred(*previous, *i)'
Assertion failed on expression: 'pred(*previous, *i)'
Assertion failed on expression: 'pred(*previous, *i)'
Assertion failed on expression: 'pred(*previous, *i)'
Assertion failed on expression: 'pred(*previous, *i)'
Assertion failed on expression: 'pred(*previous, *i)'
Assertion failed on expression: 'pred(*previous, *i)'
Assertion failed on expression: 'pred(*previous, *i)'
Assertion failed on expression: 'pred(*previous, *i)'
Assertion failed on expression: 'pred(*previous, *i)'
Assertion failed on expression: 'pred(*previous, *i)'
Assertion failed on expression: 'pred(*previous, *i)'
Assertion failed on expression: 'pred(*previous, *i)'
Assertion failed on expression: 'pred(*previous, *i)'
Assertion failed on expression: 'pred(*previous, *i)'
Assertion failed on expression: 'pred(*previous, *i)'
Assertion failed on expression: 'pred(*previous, *i)'
Assertion failed on expression: 'pred(*previous, *i)'
Assertion failed on expression: 'pred(*previous, *i)'
Assertion failed on expression: 'pred(*previous, *i)'
Assertion failed on expression: 'pred(*previous, *i)'
Assertion failed on expression: 'pred(*previous, *i)'
Assertion failed on expression: 'pred(*previous, *i)'
Assertion failed on expression: 'pred(*previous, *i)'
Assertion failed on expression: 'pred(*previous, *i)'
Assertion failed on expression: 'pred(*previous, *i)'
Assertion failed on expression: 'pred(*previous, *i)'
Assertion failed on expression: 'pred(*previous, *i)'
Assertion failed on expression: 'pred(*previous, *i)'
Assertion failed on expression: 'pred(*previous, *i)'
Assertion failed on expression: 'pred(*previous, *i)'
Assertion failed on expression: 'pred(*previous, *i)'
Assertion failed on expression: 'pred(*previous, *i)'
Assertion failed on expression: 'pred(*previous, *i)'
Assertion failed on expression: 'pred(*previous, *i)'
Assertion failed on expression: 'pred(*previous, *i)'
Assertion failed on expression: 'pred(*previous, *i)'
Assertion failed on expression: 'pred(*previous, *i)'
Assertion failed on expression: 'pred(*previous, *i)'
Assertion failed on expression: 'pred(*previous, *i)'
Assertion failed on expression: 'pred(*previous, *i)'
Assertion failed on expression: 'pred(*previous, *i)'
Assertion failed on expression: 'pred(*previous, *i)'
Assertion failed on expression: 'pred(*previous, *i)'
Assertion failed on expression: 'pred(*previous, *i)'
Assertion failed on expression: 'pred(*previous, *i)'
Assertion failed on expression: 'pred(*previous, *i)'
Assertion failed on expression: 'pred(*previous, *i)'
Assertion failed on expression: 'pred(*previous, *i)'
Assertion failed on expression: 'pred(*previous, *i)'
Assertion failed on expression: 'pred(*previous, *i)'
Assertion failed on expression: 'pred(*previous, *i)'
Assertion failed on expression: 'pred(*previous, *i)'
Assertion failed on expression: 'pred(*previous, *i)'
Assertion failed on expression: 'pred(*previous, *i)'
Assertion failed on expression: 'pred(*previous, *i)'
Assertion failed on expression: 'pred(*previous, *i)'
Assertion failed on expression: 'pred(*previous, *i)'
Assertion failed on expression: 'pred(*previous, *i)'
Assertion failed on expression: 'pred(*previous, *i)'
Assertion failed on expression: 'pred(*previous, *i)'
Assertion failed on expression: 'pred(*previous, *i)'
Assertion failed on expression: 'pred(*previous, *i)'
Assertion failed on expression: 'pred(*previous, *i)'
Assertion failed on expression: 'pred(*previous, *i)'
Assertion failed on expression: 'pred(*previous, *i)'
Assertion failed on expression: 'pred(*previous, *i)'
Assertion failed on expression: 'pred(*previous, *i)'
Assertion failed on expression: 'pred(*previous, *i)'
Assertion failed on expression: 'pred(*previous, *i)'
Assertion failed on expression: 'pred(*previous, *i)'
Assertion failed on expression: 'pred(*previous, *i)'
Assertion failed on expression: 'pred(*previous, *i)'
Assertion failed on expression: 'pred(*previous, *i)'
Assertion failed on expression: 'pred(*previous, *i)'
Assertion failed on expression: 'pred(*previous, *i)'
Assertion failed on expression: 'pred(*previous, *i)'
Assertion failed on expression: 'pred(*previous, *i)'
Assertion failed on expression: 'pred(*previous, *i)'
Assertion failed on expression: 'pred(*previous, *i)'
Assertion failed on expression: 'pred(*previous, *i)'
Assertion failed on expression: 'pred(*previous, *i)'
Assertion failed on expression: 'pred(*previous, *i)'
Assertion failed on expression: 'pred(*previous, *i)'
Assertion failed on expression: 'pred(*previous, *i)'
Assertion failed on expression: 'pred(*previous, *i)'
Assertion failed on expression: 'pred(*previous, *i)'
Assertion failed on expression: 'pred(*previous, *i)'
Assertion failed on expression: 'pred(*previous, *i)'
Assertion failed on expression: 'pred(*previous, *i)'
Assertion failed on expression: 'pred(*previous, *i)'
Assertion failed on expression: 'pred(*previous, *i)'
Assertion failed on expression: 'pred(*previous, *i)'
Assertion failed on expression: 'pred(*previous, *i)'
Assertion failed on expression: 'pred(*previous, *i)'
Assertion failed on expression: 'pred(*previous, *i)'
Assertion failed on expression: 'pred(*previous, *i)'
Assertion failed on expression: 'pred(*previous, *i)'
Assertion failed on expression: 'pred(*previous, *i)'
Assertion failed on expression: 'pred(*previous, *i)'
Assertion failed on expression: 'pred(*previous, *i)'
Assertion failed on expression: 'pred(*previous, *i)'
Assertion failed on expression: 'pred(*previous, *i)'
Assertion failed on expression: 'pred(*previous, *i)'
Assertion failed on expression: 'pred(*previous, *i)'
Assertion failed on expression: 'pred(*previous, *i)'
Assertion failed on expression: 'pred(*previous, *i)'
Assertion failed on expression: 'pred(*previous, *i)'
Assertion failed on expression: 'pred(*previous, *i)'
Assertion failed on expression: 'pred(*previous, *i)'
Assertion failed on expression: 'pred(*previous, *i)'
Assertion failed on expression: 'pred(*previous, *i)'
Assertion failed on expression: 'pred(*previous, *i)'
Assertion failed on expression: 'pred(*previous, *i)'
Assertion failed on expression: 'pred(*previous, *i)'
Assertion failed on expression: 'pred(*previous, *i)'
Assertion failed on expression: 'pred(*previous, *i)'
Assertion failed on expression: 'pred(*previous, *i)'
Assertion failed on expression: 'pred(*previous, *i)'
Assertion failed on expression: 'pred(*previous, *i)'
Assertion failed on expression: 'pred(*previous, *i)'
Assertion failed on expression: 'pred(*previous, *i)'
Assertion failed on expression: 'pred(*previous, *i)'
Assertion failed on expression: 'pred(*previous, *i)'
Assertion failed on expression: 'pred(*previous, *i)'
Assertion failed on expression: 'pred(*previous, *i)'
Assertion failed on expression: 'pred(*previous, *i)'
Assertion failed on expression: 'pred(*previous, *i)'
Assertion failed on expression: 'pred(*previous, *i)'
Assertion failed on expression: 'pred(*previous, *i)'
Assertion failed on expression: 'pred(*previous, *i)'
Assertion failed on expression: 'pred(*previous, *i)'
Assertion failed on expression: 'pred(*previous, *i)'
Assertion failed on expression: 'pred(*previous, *i)'
Assertion failed on expression: 'pred(*previous, *i)'
Assertion failed on expression: 'pred(*previous, *i)'
Assertion failed on expression: 'pred(*previous, *i)'
Assertion failed on expression: 'pred(*previous, *i)'
Assertion failed on expression: 'pred(*previous, *i)'
Assertion failed on expression: 'pred(*previous, *i)'
Assertion failed on expression: 'pred(*previous, *i)'
Assertion failed on expression: 'pred(*previous, *i)'
Assertion failed on expression: 'pred(*previous, *i)'
Assertion failed on expression: 'pred(*previous, *i)'
Assertion failed on expression: 'pred(*previous, *i)'
Assertion failed on expression: 'pred(*previous, *i)'
Assertion failed on expression: 'pred(*previous, *i)'
Assertion failed on expression: 'pred(*previous, *i)'
Assertion failed on expression: 'pred(*previous, *i)'
Assertion failed on expression: 'pred(*previous, *i)'
Assertion failed on expression: 'pred(*previous, *i)'
Assertion failed on expression: 'pred(*previous, *i)'
Assertion failed on expression: 'pred(*previous, *i)'
Assertion failed on expression: 'pred(*previous, *i)'
Assertion failed on expression: 'pred(*previous, *i)'
Assertion failed on expression: 'pred(*previous, *i)'
Assertion failed on expression: 'pred(*previous, *i)'
Assertion failed on expression: 'pred(*previous, *i)'
Assertion failed on expression: 'pred(*previous, *i)'
Assertion failed on expression: 'pred(*previous, *i)'
Assertion failed on expression: 'pred(*previous, *i)'
Assertion failed on expression: 'pred(*previous, *i)'
Assertion failed on expression: 'pred(*previous, *i)'
Assertion failed on expression: 'pred(*previous, *i)'
Assertion failed on expression: 'pred(*previous, *i)'
Assertion failed on expression: 'pred(*previous, *i)'
Assertion failed on expression: 'pred(*previous, *i)'
Assertion failed on expression: 'pred(*previous, *i)'
Assertion failed on expression: 'pred(*previous, *i)'
Assertion failed on expression: 'pred(*previous, *i)'
Assertion failed on expression: 'pred(*previous, *i)'
Assertion failed on expression: 'pred(*previous, *i)'
Assertion failed on expression: 'pred(*previous, *i)'
Assertion failed on expression: 'pred(*previous, *i)'
Assertion failed on expression: 'pred(*previous, *i)'
Assertion failed on expression: 'pred(*previous, *i)'
Assertion failed on expression: 'pred(*previous, *i)'
Assertion failed on expression: 'pred(*previous, *i)'
Assertion failed on expression: 'pred(*previous, *i)'
Assertion failed on expression: 'pred(*previous, *i)'
Assertion failed on expression: 'pred(*previous, *i)'
Assertion failed on expression: 'pred(*previous, *i)'
Assertion failed on expression: 'pred(*previous, *i)'
Assertion failed on expression: 'pred(*previous, *i)'
Assertion failed on expression: 'pred(*previous, *i)'
Assertion failed on expression: 'pred(*previous, *i)'
Assertion failed on expression: 'pred(*previous, *i)'
Assertion failed on expression: 'pred(*previous, *i)'
Assertion failed on expression: 'pred(*previous, *i)'
Assertion failed on expression: 'pred(*previous, *i)'
Assertion failed on expression: 'pred(*previous, *i)'
Assertion failed on expression: 'pred(*previous, *i)'
Assertion failed on expression: 'pred(*previous, *i)'
Assertion failed on expression: 'pred(*previous, *i)'
Assertion failed on expression: 'pred(*previous, *i)'
Assertion failed on expression: 'pred(*previous, *i)'
Assertion failed on expression: 'pred(*previous, *i)'
Assertion failed on expression: 'pred(*previous, *i)'
Assertion failed on expression: 'pred(*previous, *i)'
Assertion failed on expression: 'pred(*previous, *i)'
Assertion failed on expression: 'pred(*previous, *i)'
Assertion failed on expression: 'pred(*previous, *i)'
Assertion failed on expression: 'pred(*previous, *i)'
Assertion failed on expression: 'pred(*previous, *i)'
Assertion failed on expression: 'pred(*previous, *i)'
Assertion failed on expression: 'pred(*previous, *i)'
Assertion failed on expression: 'pred(*previous, *i)'
Assertion failed on expression: 'pred(*previous, *i)'
Assertion failed on expression: 'pred(*previous, *i)'
Assertion failed on expression: 'pred(*previous, *i)'
Assertion failed on expression: 'pred(*previous, *i)'
Assertion failed on expression: 'pred(*previous, *i)'
Assertion failed on expression: 'pred(*previous, *i)'
Assertion failed on expression: 'pred(*previous, *i)'
Assertion failed on expression: 'pred(*previous, *i)'
Assertion failed on expression: 'pred(*previous, *i)'
Assertion failed on expression: 'pred(*previous, *i)'
Assertion failed on expression: 'pred(*previous, *i)'
Assertion failed on expression: 'pred(*previous, *i)'
Assertion failed on expression: 'pred(*previous, *i)'
Assertion failed on expression: 'pred(*previous, *i)'
Assertion failed on expression: 'pred(*previous, *i)'
Assertion failed on expression: 'pred(*previous, *i)'
Assertion failed on expression: 'pred(*previous, *i)'
Assertion failed on expression: 'pred(*previous, *i)'
Assertion failed on expression: 'pred(*previous, *i)'
Assertion failed on expression: 'pred(*previous, *i)'
Assertion failed on expression: 'pred(*previous, *i)'
Assertion failed on expression: 'pred(*previous, *i)'
Assertion failed on expression: 'pred(*previous, *i)'
Assertion failed on expression: 'pred(*previous, *i)'
Assertion failed on expression: 'pred(*previous, *i)'
Assertion failed on expression: 'pred(*previous, *i)'
Assertion failed on expression: 'pred(*previous, *i)'
Assertion failed on expression: 'pred(*previous, *i)'
Assertion failed on expression: 'pred(*previous, *i)'
Assertion failed on expression: 'pred(*previous, *i)'
Assertion failed on expression: 'pred(*previous, *i)'
Assertion failed on expression: 'pred(*previous, *i)'
Assertion failed on expression: 'pred(*previous, *i)'
Assertion failed on expression: 'pred(*previous, *i)'
Assertion failed on expression: 'pred(*previous, *i)'
Assertion failed on expression: 'pred(*previous, *i)'
Assertion failed on expression: 'pred(*previous, *i)'
Assertion failed on expression: 'pred(*previous, *i)'
Assertion failed on expression: 'pred(*previous, *i)'
Assertion failed on expression: 'pred(*previous, *i)'
Assertion failed on expression: 'pred(*previous, *i)'
Assertion failed on expression: 'pred(*previous, *i)'
Assertion failed on expression: 'pred(*previous, *i)'
Assertion failed on expression: 'pred(*previous, *i)'
Assertion failed on expression: 'pred(*previous, *i)'
Assertion failed on expression: 'pred(*previous, *i)'
Assertion failed on expression: 'pred(*previous, *i)'
Assertion failed on expression: 'pred(*previous, *i)'
Assertion failed on expression: 'pred(*previous, *i)'
Assertion failed on expression: 'pred(*previous, *i)'
Assertion failed on expression: 'pred(*previous, *i)'
Assertion failed on expression: 'pred(*previous, *i)'
Assertion failed on expression: 'pred(*previous, *i)'
Assertion failed on expression: 'pred(*previous, *i)'
Assertion failed on expression: 'pred(*previous, *i)'
Assertion failed on expression: 'pred(*previous, *i)'
Assertion failed on expression: 'pred(*previous, *i)'
Assertion failed on expression: 'pred(*previous, *i)'
Assertion failed on expression: 'pred(*previous, *i)'
Assertion failed on expression: 'pred(*previous, *i)'
Assertion failed on expression: 'pred(*previous, *i)'
Assertion failed on expression: 'pred(*previous, *i)'
Assertion failed on expression: 'pred(*previous, *i)'
Assertion failed on expression: 'pred(*previous, *i)'
Assertion failed on expression: 'pred(*previous, *i)'
Assertion failed on expression: 'pred(*previous, *i)'
Assertion failed on expression: 'pred(*previous, *i)'
Assertion failed on expression: 'pred(*previous, *i)'
Assertion failed on expression: 'pred(*previous, *i)'
Assertion failed on expression: 'pred(*previous, *i)'
Assertion failed on expression: 'pred(*previous, *i)'
Assertion failed on expression: 'pred(*previous, *i)'
Assertion failed on expression: 'pred(*previous, *i)'
Assertion failed on expression: 'pred(*previous, *i)'
Assertion failed on expression: 'pred(*previous, *i)'
Assertion failed on expression: 'pred(*previous, *i)'
Assertion failed on expression: 'pred(*previous, *i)'
Assertion failed on expression: 'pred(*previous, *i)'
Assertion failed on expression: 'pred(*previous, *i)'
Assertion failed on expression: 'pred(*previous, *i)'
Assertion failed on expression: 'pred(*previous, *i)'
Assertion failed on expression: 'pred(*previous, *i)'
Assertion failed on expression: 'pred(*previous, *i)'
Assertion failed on expression: 'pred(*previous, *i)'
Assertion failed on expression: 'pred(*previous, *i)'
Assertion failed on expression: 'pred(*previous, *i)'
Assertion failed on expression: 'pred(*previous, *i)'
Assertion failed on expression: 'pred(*previous, *i)'
Assertion failed on expression: 'pred(*previous, *i)'
Assertion failed on expression: 'pred(*previous, *i)'
Assertion failed on expression: 'pred(*previous, *i)'
Assertion failed on expression: 'pred(*previous, *i)'
Assertion failed on expression: 'pred(*previous, *i)'
Assertion failed on expression: 'pred(*previous, *i)'
Assertion failed on expression: 'pred(*previous, *i)'
Assertion failed on expression: 'pred(*previous, *i)'
Assertion failed on expression: 'pred(*previous, *i)'
Assertion failed on expression: 'pred(*previous, *i)'
Assertion failed on expression: 'pred(*previous, *i)'
Assertion failed on expression: 'pred(*previous, *i)'
Assertion failed on expression: 'pred(*previous, *i)'
Assertion failed on expression: 'pred(*previous, *i)'
Assertion failed on expression: 'pred(*previous, *i)'
Assertion failed on expression: 'pred(*previous, *i)'
Assertion failed on expression: 'pred(*previous, *i)'
Assertion failed on expression: 'pred(*previous, *i)'
Assertion failed on expression: 'pred(*previous, *i)'
Assertion failed on expression: 'pred(*previous, *i)'
Assertion failed on expression: 'pred(*previous, *i)'
Assertion failed on expression: 'pred(*previous, *i)'
Assertion failed on expression: 'pred(*previous, *i)'
Assertion failed on expression: 'pred(*previous, *i)'
Assertion failed on expression: 'pred(*previous, *i)'
Assertion failed on expression: 'pred(*previous, *i)'
Assertion failed on expression: 'pred(*previous, *i)'
Assertion failed on expression: 'pred(*previous, *i)'
Assertion failed on expression: 'pred(*previous, *i)'
Assertion failed on expression: 'pred(*previous, *i)'
Assertion failed on expression: 'pred(*previous, *i)'
Assertion failed on expression: 'pred(*previous, *i)'
Assertion failed on expression: 'pred(*previous, *i)'
Assertion failed on expression: 'pred(*previous, *i)'
Assertion failed on expression: 'pred(*previous, *i)'
Assertion failed on expression: 'pred(*previous, *i)'
Assertion failed on expression: 'pred(*previous, *i)'
Assertion failed on expression: 'pred(*previous, *i)'
Assertion failed on expression: 'pred(*previous, *i)'
Assertion failed on expression: 'pred(*previous, *i)'
Assertion failed on expression: 'pred(*previous, *i)'
Assertion failed on expression: 'pred(*previous, *i)'
Assertion failed on expression: 'pred(*previous, *i)'
Assertion failed on expression: 'pred(*previous, *i)'
Assertion failed on expression: 'pred(*previous, *i)'
Assertion failed on expression: 'pred(*previous, *i)'
Assertion failed on expression: 'pred(*previous, *i)'
Assertion failed on expression: 'pred(*previous, *i)'
Assertion failed on expression: 'pred(*previous, *i)'
Assertion failed on expression: 'pred(*previous, *i)'
Assertion failed on expression: 'pred(*previous, *i)'
Assertion failed on expression: 'pred(*previous, *i)'
Assertion failed on expression: 'pred(*previous, *i)'
Assertion failed on expression: 'pred(*previous, *i)'
Assertion failed on expression: 'pred(*previous, *i)'
Assertion failed on expression: 'pred(*previous, *i)'
Assertion failed on expression: 'pred(*previous, *i)'
Assertion failed on expression: 'pred(*previous, *i)'
Assertion failed on expression: 'pred(*previous, *i)'
Assertion failed on expression: 'pred(*previous, *i)'
Assertion failed on expression: 'pred(*previous, *i)'
Assertion failed on expression: 'pred(*previous, *i)'
Assertion failed on expression: 'pred(*previous, *i)'
Assertion failed on expression: 'pred(*previous, *i)'
Assertion failed on expression: 'pred(*previous, *i)'
Assertion failed on expression: 'pred(*previous, *i)'
Assertion failed on expression: 'pred(*previous, *i)'
Assertion failed on expression: 'pred(*previous, *i)'
Assertion failed on expression: 'pred(*previous, *i)'
Assertion failed on expression: 'pred(*previous, *i)'
Assertion failed on expression: 'pred(*previous, *i)'
Assertion failed on expression: 'pred(*previous, *i)'
Assertion failed on expression: 'pred(*previous, *i)'
Assertion failed on expression: 'pred(*previous, *i)'
Assertion failed on expression: 'pred(*previous, *i)'
Assertion failed on expression: 'pred(*previous, *i)'
Assertion failed on expression: 'pred(*previous, *i)'
Assertion failed on expression: 'pred(*previous, *i)'
Assertion failed on expression: 'pred(*previous, *i)'
Assertion failed on expression: 'pred(*previous, *i)'
Assertion failed on expression: 'pred(*previous, *i)'
Assertion failed on expression: 'pred(*previous, *i)'
Assertion failed on expression: 'pred(*previous, *i)'
Assertion failed on expression: 'pred(*previous, *i)'
Assertion failed on expression: 'pred(*previous, *i)'
Assertion failed on expression: 'pred(*previous, *i)'
Assertion failed on expression: 'pred(*previous, *i)'
Assertion failed on expression: 'pred(*previous, *i)'
Assertion failed on expression: 'pred(*previous, *i)'
Assertion failed on expression: 'pred(*previous, *i)'
Assertion failed on expression: 'pred(*previous, *i)'
Assertion failed on expression: 'pred(*previous, *i)'
Assertion failed on expression: 'pred(*previous, *i)'
Assertion failed on expression: 'pred(*previous, *i)'
Assertion failed on expression: 'pred(*previous, *i)'
Assertion failed on expression: 'pred(*previous, *i)'
Assertion failed on expression: 'pred(*previous, *i)'
Assertion failed on expression: 'pred(*previous, *i)'
Assertion failed on expression: 'pred(*previous, *i)'
Assertion failed on expression: 'pred(*previous, *i)'
Assertion failed on expression: 'pred(*previous, *i)'
Assertion failed on expression: 'pred(*previous, *i)'
Assertion failed on expression: 'pred(*previous, *i)'
Assertion failed on expression: 'pred(*previous, *i)'
Assertion failed on expression: 'pred(*previous, *i)'
Assertion failed on expression: 'pred(*previous, *i)'
Assertion failed on expression: 'pred(*previous, *i)'
Assertion failed on expression: 'pred(*previous, *i)'
Assertion failed on expression: 'pred(*previous, *i)'
Assertion failed on expression: 'pred(*previous, *i)'
Assertion failed on expression: 'pred(*previous, *i)'
Assertion failed on expression: 'pred(*previous, *i)'
Assertion failed on expression: 'pred(*previous, *i)'
Assertion failed on expression: 'pred(*previous, *i)'
Assertion failed on expression: 'pred(*previous, *i)'
Assertion failed on expression: 'pred(*previous, *i)'
Assertion failed on expression: 'pred(*previous, *i)'
Assertion failed on expression: 'pred(*previous, *i)'
Assertion failed on expression: 'pred(*previous, *i)'
Assertion failed on expression: 'pred(*previous, *i)'
Assertion failed on expression: 'pred(*previous, *i)'
Assertion failed on expression: 'pred(*previous, *i)'
Assertion failed on expression: 'pred(*previous, *i)'
Assertion failed on expression: 'pred(*previous, *i)'
Assertion failed on expression: 'pred(*previous, *i)'
Assertion failed on expression: 'pred(*previous, *i)'
Assertion failed on expression: 'pred(*previous, *i)'
Assertion failed on expression: 'pred(*previous, *i)'
Assertion failed on expression: 'pred(*previous, *i)'
Assertion failed on expression: 'pred(*previous, *i)'
Assertion failed on expression: 'pred(*previous, *i)'
Assertion failed on expression: 'pred(*previous, *i)'
Assertion failed on expression: 'pred(*previous, *i)'
Assertion failed on expression: 'pred(*previous, *i)'
Assertion failed on expression: 'pred(*previous, *i)'
Assertion failed on expression: 'pred(*previous, *i)'
Assertion failed on expression: 'pred(*previous, *i)'
Assertion failed on expression: 'pred(*previous, *i)'
Assertion failed on expression: 'pred(*previous, *i)'
Assertion failed on expression: 'pred(*previous, *i)'
Assertion failed on expression: 'pred(*previous, *i)'
Assertion failed on expression: 'pred(*previous, *i)'
Assertion failed on expression: 'pred(*previous, *i)'
Assertion failed on expression: 'pred(*previous, *i)'
Assertion failed on expression: 'pred(*previous, *i)'
Assertion failed on expression: 'pred(*previous, *i)'
Assertion failed on expression: 'pred(*previous, *i)'
Assertion failed on expression: 'pred(*previous, *i)'
Assertion failed on expression: 'pred(*previous, *i)'
Assertion failed on expression: 'pred(*previous, *i)'
Assertion failed on expression: 'pred(*previous, *i)'
Assertion failed on expression: 'pred(*previous, *i)'
Assertion failed on expression: 'pred(*previous, *i)'
Assertion failed on expression: 'pred(*previous, *i)'
Assertion failed on expression: 'pred(*previous, *i)'
Assertion failed on expression: 'pred(*previous, *i)'
Assertion failed on expression: 'pred(*previous, *i)'
Assertion failed on expression: 'pred(*previous, *i)'
Assertion failed on expression: 'pred(*previous, *i)'
Assertion failed on expression: 'pred(*previous, *i)'
Assertion failed on expression: 'pred(*previous, *i)'
Assertion failed on expression: 'pred(*previous, *i)'
Assertion failed on expression: 'pred(*previous, *i)'
Assertion failed on expression: 'pred(*previous, *i)'
Assertion failed on expression: 'pred(*previous, *i)'
Assertion failed on expression: 'pred(*previous, *i)'
Assertion failed on expression: 'pred(*previous, *i)'
Assertion failed on expression: 'pred(*previous, *i)'
Assertion failed on expression: 'pred(*previous, *i)'
Assertion failed on expression: 'pred(*previous, *i)'
Assertion failed on expression: 'pred(*previous, *i)'
Assertion failed on expression: 'pred(*previous, *i)'
Assertion failed on expression: 'pred(*previous, *i)'
Assertion failed on expression: 'pred(*previous, *i)'
Assertion failed on expression: 'pred(*previous, *i)'
Assertion failed on expression: 'pred(*previous, *i)'
Assertion failed on expression: 'pred(*previous, *i)'
Assertion failed on expression: 'pred(*previous, *i)'
Assertion failed on expression: 'pred(*previous, *i)'
Assertion failed on expression: 'pred(*previous, *i)'
Assertion failed on expression: 'pred(*previous, *i)'
Assertion failed on expression: 'pred(*previous, *i)'
Assertion failed on expression: 'pred(*previous, *i)'
Assertion failed on expression: 'pred(*previous, *i)'
Assertion failed on expression: 'pred(*previous, *i)'
Assertion failed on expression: 'pred(*previous, *i)'
Assertion failed on expression: 'pred(*previous, *i)'
Assertion failed on expression: 'pred(*previous, *i)'
Assertion failed on expression: 'pred(*previous, *i)'
Assertion failed on expression: 'pred(*previous, *i)'
Assertion failed on expression: 'pred(*previous, *i)'
Assertion failed on expression: 'pred(*previous, *i)'
Assertion failed on expression: 'pred(*previous, *i)'
Assertion failed on expression: 'pred(*previous, *i)'
Assertion failed on expression: 'pred(*previous, *i)'
Assertion failed on expression: 'pred(*previous, *i)'
Assertion failed on expression: 'pred(*previous, *i)'
Assertion failed on expression: 'pred(*previous, *i)'
Assertion failed on expression: 'pred(*previous, *i)'
Assertion failed on expression: 'pred(*previous, *i)'
Assertion failed on expression: 'pred(*previous, *i)'
Assertion failed on expression: 'pred(*previous, *i)'
Assertion failed on expression: 'pred(*previous, *i)'
Assertion failed on expression: 'pred(*previous, *i)'
Assertion failed on expression: 'pred(*previous, *i)'
Assertion failed on expression: 'pred(*previous, *i)'
Assertion failed on expression: 'pred(*previous, *i)'
Assertion failed on expression: 'pred(*previous, *i)'
Assertion failed on expression: 'pred(*previous, *i)'
Assertion failed on expression: 'pred(*previous, *i)'
Assertion failed on expression: 'pred(*previous, *i)'
Assertion failed on expression: 'pred(*previous, *i)'
Assertion failed on expression: 'pred(*previous, *i)'
Assertion failed on expression: 'pred(*previous, *i)'
Assertion failed on expression: 'pred(*previous, *i)'
Assertion failed on expression: 'pred(*previous, *i)'
Assertion failed on expression: 'pred(*previous, *i)'
Assertion failed on expression: 'pred(*previous, *i)'
Assertion failed on expression: 'pred(*previous, *i)'
Assertion failed on expression: 'pred(*previous, *i)'
Assertion failed on expression: 'pred(*previous, *i)'
Assertion failed on expression: 'pred(*previous, *i)'
Assertion failed on expression: 'pred(*previous, *i)'
Assertion failed on expression: 'pred(*previous, *i)'
Assertion failed on expression: 'pred(*previous, *i)'
Assertion failed on expression: 'pred(*previous, *i)'
Assertion failed on expression: 'pred(*previous, *i)'
Assertion failed on expression: 'pred(*previous, *i)'
Assertion failed on expression: 'pred(*previous, *i)'
Assertion failed on expression: 'pred(*previous, *i)'
Assertion failed on expression: 'pred(*previous, *i)'
Assertion failed on expression: 'pred(*previous, *i)'
Assertion failed on expression: 'pred(*previous, *i)'
Assertion failed on expression: 'pred(*previous, *i)'
Assertion failed on expression: 'pred(*previous, *i)'
Assertion failed on expression: 'pred(*previous, *i)'
Assertion failed on expression: 'pred(*previous, *i)'
Assertion failed on expression: 'pred(*previous, *i)'
Assertion failed on expression: 'pred(*previous, *i)'
Assertion failed on expression: 'pred(*previous, *i)'
Assertion failed on expression: 'pred(*previous, *i)'
Assertion failed on expression: 'pred(*previous, *i)'
Assertion failed on expression: 'pred(*previous, *i)'
Assertion failed on expression: 'pred(*previous, *i)'
Assertion failed on expression: 'pred(*previous, *i)'
Assertion failed on expression: 'pred(*previous, *i)'
Assertion failed on expression: 'pred(*previous, *i)'
Assertion failed on expression: 'pred(*previous, *i)'
Assertion failed on expression: 'pred(*previous, *i)'
Assertion failed on expression: 'pred(*previous, *i)'
Assertion failed on expression: 'pred(*previous, *i)'
Assertion failed on expression: 'pred(*previous, *i)'
Assertion failed on expression: 'pred(*previous, *i)'
Assertion failed on expression: 'pred(*previous, *i)'
Assertion failed on expression: 'pred(*previous, *i)'
Assertion failed on expression: 'pred(*previous, *i)'
Assertion failed on expression: 'pred(*previous, *i)'
Assertion failed on expression: 'pred(*previous, *i)'
Assertion failed on expression: 'pred(*previous, *i)'
Assertion failed on expression: 'pred(*previous, *i)'
Assertion failed on expression: 'pred(*previous, *i)'
Assertion failed on expression: 'pred(*previous, *i)'
Assertion failed on expression: 'pred(*previous, *i)'
Assertion failed on expression: 'pred(*previous, *i)'
Assertion failed on expression: 'pred(*previous, *i)'
Assertion failed on expression: 'pred(*previous, *i)'
Assertion failed on expression: 'pred(*previous, *i)'
Assertion failed on expression: 'pred(*previous, *i)'
Assertion failed on expression: 'pred(*previous, *i)'
Assertion failed on expression: 'pred(*previous, *i)'
Assertion failed on expression: 'pred(*previous, *i)'
Assertion failed on expression: 'pred(*previous, *i)'
Assertion failed on expression: 'pred(*previous, *i)'
Assertion failed on expression: 'pred(*previous, *i)'
Assertion failed on expression: 'pred(*previous, *i)'
Assertion failed on expression: 'pred(*previous, *i)'
Assertion failed on expression: 'pred(*previous, *i)'
Assertion failed on expression: 'pred(*previous, *i)'
Assertion failed on expression: 'pred(*previous, *i)'
Assertion failed on expression: 'pred(*previous, *i)'
Assertion failed on expression: 'pred(*previous, *i)'
Assertion failed on expression: 'pred(*previous, *i)'
Assertion failed on expression: 'pred(*previous, *i)'
Assertion failed on expression: 'pred(*previous, *i)'
Assertion failed on expression: 'pred(*previous, *i)'
Assertion failed on expression: 'pred(*previous, *i)'
Assertion failed on expression: 'pred(*previous, *i)'
Assertion failed on expression: 'pred(*previous, *i)'
Assertion failed on expression: 'pred(*previous, *i)'
Assertion failed on expression: 'pred(*previous, *i)'
Assertion failed on expression: 'pred(*previous, *i)'
Assertion failed on expression: 'pred(*previous, *i)'
Assertion failed on expression: 'pred(*previous, *i)'
Assertion failed on expression: 'pred(*previous, *i)'
Assertion failed on expression: 'pred(*previous, *i)'
Assertion failed on expression: 'pred(*previous, *i)'
Assertion failed on expression: 'pred(*previous, *i)'
Assertion failed on expression: 'pred(*previous, *i)'
Assertion failed on expression: 'pred(*previous, *i)'
Assertion failed on expression: 'pred(*previous, *i)'
Assertion failed on expression: 'pred(*previous, *i)'
Assertion failed on expression: 'pred(*previous, *i)'
Assertion failed on expression: 'pred(*previous, *i)'
Assertion failed on expression: 'pred(*previous, *i)'
Assertion failed on expression: 'pred(*previous, *i)'
Assertion failed on expression: 'pred(*previous, *i)'
Assertion failed on expression: 'pred(*previous, *i)'
Assertion failed on expression: 'pred(*previous, *i)'
Assertion failed on expression: 'pred(*previous, *i)'
Assertion failed on expression: 'pred(*previous, *i)'
Assertion failed on expression: 'pred(*previous, *i)'
Assertion failed on expression: 'pred(*previous, *i)'
Assertion failed on expression: 'pred(*previous, *i)'
Assertion failed on expression: 'pred(*previous, *i)'
Assertion failed on expression: 'pred(*previous, *i)'
Assertion failed on expression: 'pred(*previous, *i)'
Assertion failed on expression: 'pred(*previous, *i)'
Assertion failed on expression: 'pred(*previous, *i)'
Assertion failed on expression: 'pred(*previous, *i)'
Assertion failed on expression: 'pred(*previous, *i)'
Assertion failed on expression: 'pred(*previous, *i)'
Assertion failed on expression: 'pred(*previous, *i)'
Assertion failed on expression: 'pred(*previous, *i)'
Assertion failed on expression: 'pred(*previous, *i)'
Assertion failed on expression: 'pred(*previous, *i)'
Assertion failed on expression: 'pred(*previous, *i)'
Assertion failed on expression: 'pred(*previous, *i)'
Assertion failed on expression: 'pred(*previous, *i)'
Assertion failed on expression: 'pred(*previous, *i)'
Assertion failed on expression: 'pred(*previous, *i)'
Assertion failed on expression: 'pred(*previous, *i)'
Assertion failed on expression: 'pred(*previous, *i)'
Assertion failed on expression: 'pred(*previous, *i)'
Assertion failed on expression: 'pred(*previous, *i)'
Assertion failed on expression: 'pred(*previous, *i)'
Assertion failed on expression: 'pred(*previous, *i)'
Assertion failed on expression: 'pred(*previous, *i)'
Assertion failed on expression: 'pred(*previous, *i)'
Assertion failed on expression: 'pred(*previous, *i)'
Assertion failed on expression: 'pred(*previous, *i)'
Assertion failed on expression: 'pred(*previous, *i)'
Assertion failed on expression: 'pred(*previous, *i)'
Assertion failed on expression: 'pred(*previous, *i)'
Assertion failed on expression: 'pred(*previous, *i)'
Assertion failed on expression: 'pred(*previous, *i)'
Assertion failed on expression: 'pred(*previous, *i)'
Assertion failed on expression: 'pred(*previous, *i)'
Assertion failed on expression: 'pred(*previous, *i)'
Assertion failed on expression: 'pred(*previous, *i)'
Assertion failed on expression: 'pred(*previous, *i)'
Assertion failed on expression: 'pred(*previous, *i)'
Assertion failed on expression: 'pred(*previous, *i)'
Assertion failed on expression: 'pred(*previous, *i)'
Assertion failed on expression: 'pred(*previous, *i)'
Assertion failed on expression: 'pred(*previous, *i)'
Assertion failed on expression: 'pred(*previous, *i)'
Assertion failed on expression: 'pred(*previous, *i)'
Assertion failed on expression: 'pred(*previous, *i)'
Assertion failed on expression: 'pred(*previous, *i)'
Assertion failed on expression: 'pred(*previous, *i)'
Assertion failed on expression: 'pred(*previous, *i)'
Assertion failed on expression: 'pred(*previous, *i)'
Assertion failed on expression: 'pred(*previous, *i)'
Assertion failed on expression: 'pred(*previous, *i)'
Assertion failed on expression: 'pred(*previous, *i)'
Assertion failed on expression: 'pred(*previous, *i)'
Assertion failed on expression: 'pred(*previous, *i)'
Assertion failed on expression: 'pred(*previous, *i)'
Assertion failed on expression: 'pred(*previous, *i)'
Assertion failed on expression: 'pred(*previous, *i)'
Assertion failed on expression: 'pred(*previous, *i)'
Assertion failed on expression: 'pred(*previous, *i)'
Assertion failed on expression: 'pred(*previous, *i)'
Assertion failed on expression: 'pred(*previous, *i)'
Assertion failed on expression: 'pred(*previous, *i)'
Assertion failed on expression: 'pred(*previous, *i)'
Assertion failed on expression: 'pred(*previous, *i)'
Assertion failed on expression: 'pred(*previous, *i)'
Assertion failed on expression: 'pred(*previous, *i)'
Assertion failed on expression: 'pred(*previous, *i)'
Assertion failed on expression: 'pred(*previous, *i)'
Assertion failed on expression: 'pred(*previous, *i)'
Assertion failed on expression: 'pred(*previous, *i)'
Assertion failed on expression: 'pred(*previous, *i)'
Assertion failed on expression: 'pred(*previous, *i)'
Assertion failed on expression: 'pred(*previous, *i)'
Assertion failed on expression: 'pred(*previous, *i)'
Assertion failed on expression: 'pred(*previous, *i)'
Assertion failed on expression: 'pred(*previous, *i)'
Assertion failed on expression: 'pred(*previous, *i)'
Assertion failed on expression: 'pred(*previous, *i)'
Assertion failed on expression: 'pred(*previous, *i)'
Assertion failed on expression: 'pred(*previous, *i)'
Assertion failed on expression: 'pred(*previous, *i)'
Assertion failed on expression: 'pred(*previous, *i)'
Assertion failed on expression: 'pred(*previous, *i)'
Assertion failed on expression: 'pred(*previous, *i)'
Assertion failed on expression: 'pred(*previous, *i)'
Assertion failed on expression: 'pred(*previous, *i)'
Assertion failed on expression: 'pred(*previous, *i)'
Assertion failed on expression: 'pred(*previous, *i)'
Assertion failed on expression: 'pred(*previous, *i)'
Assertion failed on expression: 'pred(*previous, *i)'
Assertion failed on expression: 'pred(*previous, *i)'
Assertion failed on expression: 'pred(*previous, *i)'
Assertion failed on expression: 'pred(*previous, *i)'
Assertion failed on expression: 'pred(*previous, *i)'
Assertion failed on expression: 'pred(*previous, *i)'
Assertion failed on expression: 'pred(*previous, *i)'
Assertion failed on expression: 'pred(*previous, *i)'
Assertion failed on expression: 'pred(*previous, *i)'
Assertion failed on expression: 'pred(*previous, *i)'
Assertion failed on expression: 'pred(*previous, *i)'
Assertion failed on expression: 'pred(*previous, *i)'
Assertion failed on expression: 'pred(*previous, *i)'
Assertion failed on expression: 'pred(*previous, *i)'
Assertion failed on expression: 'pred(*previous, *i)'
Assertion failed on expression: 'pred(*previous, *i)'
Assertion failed on expression: 'pred(*previous, *i)'
Assertion failed on expression: 'pred(*previous, *i)'
Assertion failed on expression: 'pred(*previous, *i)'
Assertion failed on expression: 'pred(*previous, *i)'
Assertion failed on expression: 'pred(*previous, *i)'
Assertion failed on expression: 'pred(*previous, *i)'
Assertion failed on expression: 'pred(*previous, *i)'
Assertion failed on expression: 'pred(*previous, *i)'
Assertion failed on expression: 'pred(*previous, *i)'
Assertion failed on expression: 'pred(*previous, *i)'
Assertion failed on expression: 'pred(*previous, *i)'
Assertion failed on expression: 'pred(*previous, *i)'
Assertion failed on expression: 'pred(*previous, *i)'
Assertion failed on expression: 'pred(*previous, *i)'
Assertion failed on expression: 'pred(*previous, *i)'
Assertion failed on expression: 'pred(*previous, *i)'
Assertion failed on expression: 'pred(*previous, *i)'
Assertion failed on expression: 'pred(*previous, *i)'
Assertion failed on expression: 'pred(*previous, *i)'
Assertion failed on expression: 'pred(*previous, *i)'
Assertion failed on expression: 'pred(*previous, *i)'
Assertion failed on expression: 'pred(*previous, *i)'
Assertion failed on expression: 'pred(*previous, *i)'
Assertion failed on expression: 'pred(*previous, *i)'
Assertion failed on expression: 'pred(*previous, *i)'
Assertion failed on expression: 'pred(*previous, *i)'
Assertion failed on expression: 'pred(*previous, *i)'
Assertion failed on expression: 'pred(*previous, *i)'
Assertion failed on expression: 'pred(*previous, *i)'
Assertion failed on expression: 'pred(*previous, *i)'
Assertion failed on expression: 'pred(*previous, *i)'
Assertion failed on expression: 'pred(*previous, *i)'
Assertion failed on expression: 'pred(*previous, *i)'
Assertion failed on expression: 'pred(*previous, *i)'
Assertion failed on expression: 'pred(*previous, *i)'
Assertion failed on expression: 'pred(*previous, *i)'
Assertion failed on expression: 'pred(*previous, *i)'
Assertion failed on expression: 'pred(*previous, *i)'
Assertion failed on expression: 'pred(*previous, *i)'
Assertion failed on expression: 'pred(*previous, *i)'
Assertion failed on expression: 'pred(*previous, *i)'
Assertion failed on expression: 'pred(*previous, *i)'
Assertion failed on expression: 'pred(*previous, *i)'
Assertion failed on expression: 'pred(*previous, *i)'
Assertion failed on expression: 'pred(*previous, *i)'
Assertion failed on expression: 'pred(*previous, *i)'
Assertion failed on expression: 'pred(*previous, *i)'
Assertion failed on expression: 'pred(*previous, *i)'
Assertion failed on expression: 'pred(*previous, *i)'
Assertion failed on expression: 'pred(*previous, *i)'
Assertion failed on expression: 'pred(*previous, *i)'
Assertion failed on expression: 'pred(*previous, *i)'
Assertion failed on expression: 'pred(*previous, *i)'
Assertion failed on expression: 'pred(*previous, *i)'
Assertion failed on expression: 'pred(*previous, *i)'
Assertion failed on expression: 'pred(*previous, *i)'
Assertion failed on expression: 'pred(*previous, *i)'
Assertion failed on expression: 'pred(*previous, *i)'
Assertion failed on expression: 'pred(*previous, *i)'
Assertion failed on expression: 'pred(*previous, *i)'
Assertion failed on expression: 'pred(*previous, *i)'
Assertion failed on expression: 'pred(*previous, *i)'
Assertion failed on expression: 'pred(*previous, *i)'
Assertion failed on expression: 'pred(*previous, *i)'
Assertion failed on expression: 'pred(*previous, *i)'
Assertion failed on expression: 'pred(*previous, *i)'
Assertion failed on expression: 'pred(*previous, *i)'
Assertion failed on expression: 'pred(*previous, *i)'
Assertion failed on expression: 'pred(*previous, *i)'
Assertion failed on expression: 'pred(*previous, *i)'
Assertion failed on expression: 'pred(*previous, *i)'
Assertion failed on expression: 'pred(*previous, *i)'
Assertion failed on expression: 'pred(*previous, *i)'
Assertion failed on expression: 'pred(*previous, *i)'
Assertion failed on expression: 'pred(*previous, *i)'
Assertion failed on expression: 'pred(*previous, *i)'
Assertion failed on expression: 'pred(*previous, *i)'
Assertion failed on expression: 'pred(*previous, *i)'
Assertion failed on expression: 'pred(*previous, *i)'
Assertion failed on expression: 'pred(*previous, *i)'
Assertion failed on expression: 'pred(*previous, *i)'
Assertion failed on expression: 'pred(*previous, *i)'
Assertion failed on expression: 'pred(*previous, *i)'
Assertion failed on expression: 'pred(*previous, *i)'
Assertion failed on expression: 'pred(*previous, *i)'
Assertion failed on expression: 'pred(*previous, *i)'
Assertion failed on expression: 'pred(*previous, *i)'
Assertion failed on expression: 'pred(*previous, *i)'
Assertion failed on expression: 'pred(*previous, *i)'
Assertion failed on expression: 'pred(*previous, *i)'
Assertion failed on expression: 'pred(*previous, *i)'
Assertion failed on expression: 'pred(*previous, *i)'
Assertion failed on expression: 'pred(*previous, *i)'
Assertion failed on expression: 'pred(*previous, *i)'
Assertion failed on expression: 'pred(*previous, *i)'
Assertion failed on expression: 'pred(*previous, *i)'
Assertion failed on expression: 'pred(*previous, *i)'
Assertion failed on expression: 'pred(*previous, *i)'
Assertion failed on expression: 'pred(*previous, *i)'
Assertion failed on expression: 'pred(*previous, *i)'
Assertion failed on expression: 'pred(*previous, *i)'
Assertion failed on expression: 'pred(*previous, *i)'
Assertion failed on expression: 'pred(*previous, *i)'
Assertion failed on expression: 'pred(*previous, *i)'
Assertion failed on expression: 'pred(*previous, *i)'
Assertion failed on expression: 'pred(*previous, *i)'
Assertion failed on expression: 'pred(*previous, *i)'
Assertion failed on expression: 'pred(*previous, *i)'
Assertion failed on expression: 'pred(*previous, *i)'
Assertion failed on expression: 'pred(*previous, *i)'
Assertion failed on expression: 'pred(*previous, *i)'
Assertion failed on expression: 'pred(*previous, *i)'
Assertion failed on expression: 'pred(*previous, *i)'
Assertion failed on expression: 'pred(*previous, *i)'
Assertion failed on expression: 'pred(*previous, *i)'
Assertion failed on expression: 'pred(*previous, *i)'
Assertion failed on expression: 'pred(*previous, *i)'
Assertion failed on expression: 'pred(*previous, *i)'
Assertion failed on expression: 'pred(*previous, *i)'
Assertion failed on expression: 'pred(*previous, *i)'
Assertion failed on expression: 'pred(*previous, *i)'
Assertion failed on expression: 'pred(*previous, *i)'
Native extension for WindowsStandalone target not found
[Package Manager] Failed to launch server process. Reason: Unity was launched with the -noUpm command-line argument
[Package Manager] Unable to send message (not connected to server process).
[Package Manager] Cannot connect to Unity Package Manager local server
[Package Manager] Failed to launch server process. Reason: Unity was launched with the -noUpm command-line argument
[Package Manager] Unable to send message (not connected to server process).
[Package Manager] Cannot connect to Unity Package Manager local server
ScheduleIndexationOnStartup MainProcess:False IndexOnStartup:True
Mono: successfully reloaded assembly
- Finished resetting the current domain, in  1.200 seconds
Domain Reload Profiling: 2417ms
	BeginReloadAssembly (389ms)
		DisableScriptedObjects (8ms)
		CreateAndSetChildDomain (67ms)
	RebuildCommonClasses (89ms)
	RebuildNativeTypeToScriptingClass (23ms)
	initialDomainReloadingComplete (128ms)
	LoadAllAssembliesAndSetupDomain (584ms)
		LoadAssemblies (582ms)
		AnalyzeDomain (231ms)
			TypeCache.Refresh (12ms)
			BuildScriptInfoCaches (206ms)
			ResolveRequiredComponents (11ms)
	FinalizeReload (1202ms)
		SetupLoadedEditorAssemblies (0ms)
			InitializePlatformSupportModulesInManaged (3ms)
			BeforeProcessingInitializeOnLoad (216ms)
			ProcessInitializeOnLoadAttributes (586ms)
			ProcessInitializeOnLoadMethodAttributes (93ms)
			AfterProcessingInitializeOnLoad (28ms)
		AwakeInstancesAfterBackupRestoration (9ms)
Refreshing native plugins compatible for Editor in 10.34 ms, found 5 plugins.
Unloading 14 Unused Serialized files (Serialized files now loaded: 0)
Unloading 4996 unused Assets / (3.8 MB). Loaded Objects now: 5563.
Memory consumption went from 115.4 MB to 111.6 MB.
Total: 12.774800 ms (FindLiveObjects: 0.872500 ms CreateObjectMapping: 1.072000 ms MarkObjects: 7.767600 ms  DeleteObjects: 3.060700 ms)

Prepare: number of updated asset objects reloaded= 0
========================================================================
Received Import Request.
  Time since last request: 28753.501933 seconds.
  path: Assets/ScriptableObject/Items/GemPink.asset
  importAddress: Guid(1fafc8e1b9c905c44bf02ced144c91e3) Importer(815301076,1909f56bfc062723c751e8b465ee728b)
Start importing Assets/ScriptableObject/Items/GemPink.asset using Guid(1fafc8e1b9c905c44bf02ced144c91e3) Importer(815301076,1909f56bfc062723c751e8b465ee728b) (PreviewImporter) -> (Import Result ID: 'e6d5cf93d57f34a0239f756855047764') in 0.0769948 seconds [static and dynamic dependencies]. Details - ImportResultOutputID=301eba8ed0504a8e44986fe82a8728ae DependenciesID=1c31f213eaf0de3fc2d682da6e1d137a StaticDependenciesID=26cb9019ed042616e1b7e44b41a27f2f 
Number of updated asset objects reloaded before import = 0Number of asset objects unloaded after import = 85

========================================================================
Received Import Request.
  Time since last request: 0.000029 seconds.
  path: Assets/ScriptableObject/Items/Meat_Cooked.asset
  importAddress: Guid(90320ab996194e244aa9f2543c0092ee) Importer(815301076,1909f56bfc062723c751e8b465ee728b)
Start importing Assets/ScriptableObject/Items/Meat_Cooked.asset using Guid(90320ab996194e244aa9f2543c0092ee) Importer(815301076,1909f56bfc062723c751e8b465ee728b) (PreviewImporter) -> (Import Result ID: '77dc2b27d533bdc64ae666483c6080d4') in 0.0295963 seconds [static and dynamic dependencies]. Details - ImportResultOutputID=5ff0f4f06fa36bb95bc21d4c95398464 DependenciesID=f6f4de9610119a2ecd498b8c7361c329 StaticDependenciesID=ece20cc3f031c7a733c00e00309e1fda 
Number of updated asset objects reloaded before import = 0Number of asset objects unloaded after import = 151

========================================================================
Received Import Request.
  Time since last request: 0.000024 seconds.
  path: Assets/ScriptableObject/Items/GemYellow.asset
  importAddress: Guid(420e096f1e958a64ab130b579cc2c8eb) Importer(815301076,1909f56bfc062723c751e8b465ee728b)
Start importing Assets/ScriptableObject/Items/GemYellow.asset using Guid(420e096f1e958a64ab130b579cc2c8eb) Importer(815301076,1909f56bfc062723c751e8b465ee728b) (PreviewImporter) -> (Import Result ID: '108f10adab32a24f0cad7397576e6a92') in 0.01907 seconds [static and dynamic dependencies]. Details - ImportResultOutputID=ab1d7c39ebb1471a4cbb469abdd7bea1 DependenciesID=1701c8794bef9a4b2f22702241da6e9f StaticDependenciesID=fd58ede4118024bc006a4f59070c4f83 
Number of updated asset objects reloaded before import = 0Number of asset objects unloaded after import = 85

========================================================================
Received Import Request.
  Time since last request: 0.000022 seconds.
  path: Assets/ScriptableObject/Items/PlanksFloor.asset
  importAddress: Guid(1057f1590bdc10b41ae5f60ca491e391) Importer(815301076,1909f56bfc062723c751e8b465ee728b)
Start importing Assets/ScriptableObject/Items/PlanksFloor.asset using Guid(1057f1590bdc10b41ae5f60ca491e391) Importer(815301076,1909f56bfc062723c751e8b465ee728b) (PreviewImporter) -> (Import Result ID: '9cbcb73c2e7f08273c342314e3d545c2') in 0.0304021 seconds [static and dynamic dependencies]. Details - ImportResultOutputID=7b54fa424066495e3ed5e36982ae022f DependenciesID=736fb800b0f12238b782e311deec9b40 StaticDependenciesID=6be44eb2dab0a5ed460e56667ea4c68e 
Number of updated asset objects reloaded before import = 0Number of asset objects unloaded after import = 97

========================================================================
Received Import Request.
  Time since last request: 0.000028 seconds.
  path: Assets/ScriptableObject/Items/shovel_stone.asset
  importAddress: Guid(f1648170d98ba524e8922e7040f1e31a) Importer(815301076,1909f56bfc062723c751e8b465ee728b)
Start importing Assets/ScriptableObject/Items/shovel_stone.asset using Guid(f1648170d98ba524e8922e7040f1e31a) Importer(815301076,1909f56bfc062723c751e8b465ee728b) (PreviewImporter) -> (Import Result ID: 'f1541d246cc2b25217829d183501be18') in 0.0280655 seconds [static and dynamic dependencies]. Details - ImportResultOutputID=8b1a49cea9fb7d3a23404591a9e147b4 DependenciesID=59184e5ff6d3fdba710fb022eb924074 StaticDependenciesID=62821a4cc92f6447030eb6fb5bc160b0 
Number of updated asset objects reloaded before import = 0Number of asset objects unloaded after import = 93

========================================================================
Received Import Request.
  Time since last request: 0.000031 seconds.
  path: Assets/ScriptableObject/Items/Torso_Adamantite.asset
  importAddress: Guid(6aa83eedd23dcec4fb585c2d20571460) Importer(815301076,1909f56bfc062723c751e8b465ee728b)
Start importing Assets/ScriptableObject/Items/Torso_Adamantite.asset using Guid(6aa83eedd23dcec4fb585c2d20571460) Importer(815301076,1909f56bfc062723c751e8b465ee728b) (PreviewImporter) -> (Import Result ID: 'ea62898b3226b0543a51201679176f43') in 0.0315888 seconds [static and dynamic dependencies]. Details - ImportResultOutputID=7f715a53324ead891aeb56caf4fca781 DependenciesID=173c67ffdd6ab1e2b75062192d149cff StaticDependenciesID=7f0e43798d164ce3937d5f41bccb0841 
Number of updated asset objects reloaded before import = 0Number of asset objects unloaded after import = 148

========================================================================
Received Import Request.
  Time since last request: 0.000062 seconds.
  path: Assets/ScriptableObject/Items/Wood_Fir.asset
  importAddress: Guid(84a4b33b661e4ec4a838a1607bf1092c) Importer(815301076,1909f56bfc062723c751e8b465ee728b)
Start importing Assets/ScriptableObject/Items/Wood_Fir.asset using Guid(84a4b33b661e4ec4a838a1607bf1092c) Importer(815301076,1909f56bfc062723c751e8b465ee728b) (PreviewImporter) -> (Import Result ID: '0d71069c65d72f20b779a8c045caec3a') in 0.0028315 seconds [static and dynamic dependencies]. Details - ImportResultOutputID=fbdf24a05a497695dfabd6a229eefa5b DependenciesID=ecf93a99e13ba8517e2e3163e692cffc StaticDependenciesID=00b93037e1e0c1042d038083796b1f53 
Number of updated asset objects reloaded before import = 0Number of asset objects unloaded after import = 5

========================================================================
Received Import Request.
  Time since last request: 0.000053 seconds.
  path: Assets/ScriptableObject/Items/LightningBall.asset
  importAddress: Guid(ff67148642b745a408848e5d9a4bbc2a) Importer(815301076,1909f56bfc062723c751e8b465ee728b)
Start importing Assets/ScriptableObject/Items/LightningBall.asset using Guid(ff67148642b745a408848e5d9a4bbc2a) Importer(815301076,1909f56bfc062723c751e8b465ee728b) (PreviewImporter) -> (Import Result ID: '881f58082563b466218259030deb9148') in 0.0074505 seconds [static and dynamic dependencies]. Details - ImportResultOutputID=0bb43b668a6bb008d84648109fa823ac DependenciesID=834ae65f6604ff7a3a6ba5c82f1491cb StaticDependenciesID=a3735a42f9e1a440558f021d6aa60c75 
Number of updated asset objects reloaded before import = 0Number of asset objects unloaded after import = 50

========================================================================
Received Import Request.
  Time since last request: 0.000031 seconds.
  path: Assets/ScriptableObject/Items/WolfClaws.asset
  importAddress: Guid(24c9f7e5da6c46d479a466256ba5e75d) Importer(815301076,1909f56bfc062723c751e8b465ee728b)
Start importing Assets/ScriptableObject/Items/WolfClaws.asset using Guid(24c9f7e5da6c46d479a466256ba5e75d) Importer(815301076,1909f56bfc062723c751e8b465ee728b) (PreviewImporter) -> (Import Result ID: '7e9d9294c7c4c57c6a2e52d046a09607') in 0.0205569 seconds [static and dynamic dependencies]. Details - ImportResultOutputID=46f12dfce7e9b679096816dc075e8f0f DependenciesID=418643e41ee1f228d7cdf5401202ff57 StaticDependenciesID=c2c3087ffd79a04e40f3dfc2ae3f12d2 
Number of updated asset objects reloaded before import = 0Number of asset objects unloaded after import = 85

========================================================================
Received Import Request.
  Time since last request: 0.000030 seconds.
  path: Assets/ScriptableObject/Items/PlanksPole.asset
  importAddress: Guid(28fc410fcb9b7504fa76871ac9d2e1ee) Importer(815301076,1909f56bfc062723c751e8b465ee728b)
Start importing Assets/ScriptableObject/Items/PlanksPole.asset using Guid(28fc410fcb9b7504fa76871ac9d2e1ee) Importer(815301076,1909f56bfc062723c751e8b465ee728b) (PreviewImporter) -> (Import Result ID: '894fa6e95627f18ad3e1ba2a076da792') in 0.0233648 seconds [static and dynamic dependencies]. Details - ImportResultOutputID=3546555ba273ef6b88e64a1330bb8114 DependenciesID=90c04d1f4a5e7d114b93538985f5ae3a StaticDependenciesID=408b33898ecfd0287a04485b65618c76 
Number of updated asset objects reloaded before import = 0Number of asset objects unloaded after import = 97

========================================================================
Received Import Request.
  Time since last request: 0.000026 seconds.
  path: Assets/ScriptableObject/Items/Legs_Mithril.asset
  importAddress: Guid(1901440e23e967341979e44a7ce4653e) Importer(815301076,1909f56bfc062723c751e8b465ee728b)
Start importing Assets/ScriptableObject/Items/Legs_Mithril.asset using Guid(1901440e23e967341979e44a7ce4653e) Importer(815301076,1909f56bfc062723c751e8b465ee728b) (PreviewImporter) -> (Import Result ID: '010afe0b299874438ab1dd2c3666de00') in 0.0395908 seconds [static and dynamic dependencies]. Details - ImportResultOutputID=9e79fb04abddcf36b9544511c3a13e85 DependenciesID=99aab4f6ff25b530812728b1c887def5 StaticDependenciesID=470cf4cab5ca854eaee470b81b23ae6c 
Number of updated asset objects reloaded before import = 0Number of asset objects unloaded after import = 148

========================================================================
Received Import Request.
  Time since last request: 0.000054 seconds.
  path: Assets/ScriptableObject/Items/Ore_Iron.asset
  importAddress: Guid(84e7333f1dc18464db420ab677126857) Importer(815301076,1909f56bfc062723c751e8b465ee728b)
Start importing Assets/ScriptableObject/Items/Ore_Iron.asset using Guid(84e7333f1dc18464db420ab677126857) Importer(815301076,1909f56bfc062723c751e8b465ee728b) (PreviewImporter) -> (Import Result ID: 'e359fdda10cf9e368be16d46428ede05') in 0.0410307 seconds [static and dynamic dependencies]. Details - ImportResultOutputID=72a1c0e1d9111cba13b6609931e5d45e DependenciesID=be72dcecefbdc15778be8cd84b20060a StaticDependenciesID=4894019eb4c132c257aafa4652c71881 
Number of updated asset objects reloaded before import = 0Number of asset objects unloaded after import = 144

========================================================================
Received Import Request.
  Time since last request: 0.000032 seconds.
  path: Assets/ScriptableObject/Items/Torso_Steel 3.asset
  importAddress: Guid(1b8912af3e5a55a439533b0e947e7411) Importer(815301076,1909f56bfc062723c751e8b465ee728b)
Start importing Assets/ScriptableObject/Items/Torso_Steel 3.asset using Guid(1b8912af3e5a55a439533b0e947e7411) Importer(815301076,1909f56bfc062723c751e8b465ee728b) (PreviewImporter) -> (Import Result ID: 'c94bf86709fcb856e6823e472a434e08') in 0.033644 seconds [static and dynamic dependencies]. Details - ImportResultOutputID=449f2b6c9c526112c2f6a139e1acfd1b DependenciesID=c78a27b75e642460bf357418195c7bd1 StaticDependenciesID=79b6637876f3dd3b405c8c7bb0fd54ad 
Number of updated asset objects reloaded before import = 0Number of asset objects unloaded after import = 145

========================================================================
Received Import Request.
  Time since last request: 0.000028 seconds.
  path: Assets/ScriptableObject/Items/Pickaxe_Adamantite.asset
  importAddress: Guid(db1ae7c458d75634fbc5c85bd0058721) Importer(815301076,1909f56bfc062723c751e8b465ee728b)
Start importing Assets/ScriptableObject/Items/Pickaxe_Adamantite.asset using Guid(db1ae7c458d75634fbc5c85bd0058721) Importer(815301076,1909f56bfc062723c751e8b465ee728b) (PreviewImporter) -> (Import Result ID: 'e2582d82a2f185e6712a33bd2487c0c7') in 0.0294484 seconds [static and dynamic dependencies]. Details - ImportResultOutputID=45f2d8c37cff0a21608cfdb6fa7936ec DependenciesID=be4731014bed5a1d6fdf4af17913ad00 StaticDependenciesID=7873ebc42f20cdae9fd43cea55c1fb7c 
Number of updated asset objects reloaded before import = 0Number of asset objects unloaded after import = 155

========================================================================
Received Import Request.
  Time since last request: 0.000036 seconds.
  path: Assets/ScriptableObject/Items/Pickaxe_Mithril.asset
  importAddress: Guid(f572f2d1b9a31064ca3b49598e189dd6) Importer(815301076,1909f56bfc062723c751e8b465ee728b)
Start importing Assets/ScriptableObject/Items/Pickaxe_Mithril.asset using Guid(f572f2d1b9a31064ca3b49598e189dd6) Importer(815301076,1909f56bfc062723c751e8b465ee728b) (PreviewImporter) -> (Import Result ID: '58781810cb9fbd60d1d43ef9cb7a9c26') in 0.0257289 seconds [static and dynamic dependencies]. Details - ImportResultOutputID=a834803e1068e61a3f212fd26efccf3a DependenciesID=defe9759ae17d40c409c601e0acfc29f StaticDependenciesID=a62780593f4be42023b29888692afe29 
Number of updated asset objects reloaded before import = 0Number of asset objects unloaded after import = 96

========================================================================
Received Import Request.
  Time since last request: 0.000041 seconds.
  path: Assets/ScriptableObject/Items/Sword Hilt.asset
  importAddress: Guid(7d69169ee28521f49ad8a1e5ad7c70c8) Importer(815301076,1909f56bfc062723c751e8b465ee728b)
Start importing Assets/ScriptableObject/Items/Sword Hilt.asset using Guid(7d69169ee28521f49ad8a1e5ad7c70c8) Importer(815301076,1909f56bfc062723c751e8b465ee728b) (PreviewImporter) -> (Import Result ID: 'e95449a9492bfa9aab881c547a1896eb') in 0.0213713 seconds [static and dynamic dependencies]. Details - ImportResultOutputID=6eb7251ac59b57a80e134a6e88f37de8 DependenciesID=7f054ded150b13076f2f71609f71a80e StaticDependenciesID=2dd4183e72ca3441e360a2aeeeb978dc 
Number of updated asset objects reloaded before import = 0Number of asset objects unloaded after import = 85

========================================================================
Received Import Request.
  Time since last request: 0.000027 seconds.
  path: Assets/ScriptableObject/Items/Ore_Chunkium.asset
  importAddress: Guid(224bcb669503442478dbd66e5be8bff2) Importer(815301076,1909f56bfc062723c751e8b465ee728b)
Start importing Assets/ScriptableObject/Items/Ore_Chunkium.asset using Guid(224bcb669503442478dbd66e5be8bff2) Importer(815301076,1909f56bfc062723c751e8b465ee728b) (PreviewImporter) -> (Import Result ID: 'c4497e61c3d0629e622c40703d6ee44e') in 0.0031027 seconds [static and dynamic dependencies]. Details - ImportResultOutputID=e832d180faacf751d0840443dfb6eabf DependenciesID=33d9baf9c381077add69f1f039504ecb StaticDependenciesID=263722a7e88d02c2cf38bd04cc311ded 
Number of updated asset objects reloaded before import = 0Number of asset objects unloaded after import = 8

========================================================================
Received Import Request.
  Time since last request: 0.000019 seconds.
  path: Assets/ScriptableObject/Items/Hat_Chunkium.asset
  importAddress: Guid(748bf0ea336ec45469bc0a1dc7822207) Importer(815301076,1909f56bfc062723c751e8b465ee728b)
Start importing Assets/ScriptableObject/Items/Hat_Chunkium.asset using Guid(748bf0ea336ec45469bc0a1dc7822207) Importer(815301076,1909f56bfc062723c751e8b465ee728b) (PreviewImporter) -> (Import Result ID: '53a79ba2e6ff73d089c83dbeeaf450cd') in 0.0285625 seconds [static and dynamic dependencies]. Details - ImportResultOutputID=8b75cc8520f6b93a6322caa9808b00c9 DependenciesID=405112cfe0a79225a03e4e4fce42be75 StaticDependenciesID=34f4c919d64d6ce970ee2d5859b70c8c 
Number of updated asset objects reloaded before import = 0Number of asset objects unloaded after import = 148

========================================================================
Received Import Request.
  Time since last request: 0.000025 seconds.
  path: Assets/ScriptableObject/Items/Sword_Mithril.asset
  importAddress: Guid(ece6d54cbbd811c47b01471ef5e5b3ad) Importer(815301076,1909f56bfc062723c751e8b465ee728b)
Start importing Assets/ScriptableObject/Items/Sword_Mithril.asset using Guid(ece6d54cbbd811c47b01471ef5e5b3ad) Importer(815301076,1909f56bfc062723c751e8b465ee728b) (PreviewImporter) -> (Import Result ID: '24089091a948e7275e7552287bbe4736') in 0.0372913 seconds [static and dynamic dependencies]. Details - ImportResultOutputID=c3ff09421454525265ae6cfca51aca09 DependenciesID=17812e86a372ac5ca7cb7af7e69ae726 StaticDependenciesID=08504f0f834c9af81cadf23dde7e164f 
Number of updated asset objects reloaded before import = 0Number of asset objects unloaded after import = 151

========================================================================
Received Import Request.
  Time since last request: 0.000031 seconds.
  path: Assets/ScriptableObject/Items/Shroom_Ligon.asset
  importAddress: Guid(5b76f2e231d417e4382a977b683c266f) Importer(815301076,1909f56bfc062723c751e8b465ee728b)
Start importing Assets/ScriptableObject/Items/Shroom_Ligon.asset using Guid(5b76f2e231d417e4382a977b683c266f) Importer(815301076,1909f56bfc062723c751e8b465ee728b) (PreviewImporter) -> (Import Result ID: '41682056559202253ab3209c706c0543') in 0.0419458 seconds [static and dynamic dependencies]. Details - ImportResultOutputID=480ba651d294c63a4ddddc7172ffb74e DependenciesID=5762dff5127997bb418a55173cdc238b StaticDependenciesID=78eb2a558c22214489cad1a1710b021d 
Number of updated asset objects reloaded before import = 0Number of asset objects unloaded after import = 162

========================================================================
Received Import Request.
  Time since last request: 0.000028 seconds.
  path: Assets/ScriptableObject/Items/Hat_Adamantite.asset
  importAddress: Guid(d57a499b26babc14e909c8a462dfebf6) Importer(815301076,1909f56bfc062723c751e8b465ee728b)
Start importing Assets/ScriptableObject/Items/Hat_Adamantite.asset using Guid(d57a499b26babc14e909c8a462dfebf6) Importer(815301076,1909f56bfc062723c751e8b465ee728b) (PreviewImporter) -> (Import Result ID: '1942f695dcda20bfbd8d95e1e675201f') in 0.0312323 seconds [static and dynamic dependencies]. Details - ImportResultOutputID=f3e97daa535e36b257d5e5060fca82cc DependenciesID=a5e151ef47016662589d06cdf9b5ea6c StaticDependenciesID=d5fe5b6f343a65397dd44b668f4847bb 
Number of updated asset objects reloaded before import = 0Number of asset objects unloaded after import = 148

========================================================================
Received Import Request.
  Time since last request: 0.000032 seconds.
  path: Assets/ScriptableObject/Items/Meat_Raw.asset
  importAddress: Guid(947fb45b053328d4eac2fc76dcc36b33) Importer(815301076,1909f56bfc062723c751e8b465ee728b)
Start importing Assets/ScriptableObject/Items/Meat_Raw.asset using Guid(947fb45b053328d4eac2fc76dcc36b33) Importer(815301076,1909f56bfc062723c751e8b465ee728b) (PreviewImporter) -> (Import Result ID: '57216ae1b27559a06e099bf66635b5ee') in 0.0358811 seconds [static and dynamic dependencies]. Details - ImportResultOutputID=5f8bcfcc559ba4c4d8128572b575bb3d DependenciesID=4a8d746ac9537afc7be98eae83b2e16c StaticDependenciesID=6fc50d64ac1c1e97c4d8f72010368760 
Number of updated asset objects reloaded before import = 0Number of asset objects unloaded after import = 151

========================================================================
Received Import Request.
  Time since last request: 0.000031 seconds.
  path: Assets/ScriptableObject/Items/PlanksStairsHalf.asset
  importAddress: Guid(2671d92f9195c7149a5e7b48708dc726) Importer(815301076,1909f56bfc062723c751e8b465ee728b)
Start importing Assets/ScriptableObject/Items/PlanksStairsHalf.asset using Guid(2671d92f9195c7149a5e7b48708dc726) Importer(815301076,1909f56bfc062723c751e8b465ee728b) (PreviewImporter) -> (Import Result ID: 'b0345d070ba8194cc2973d4685711bd2') in 0.0272552 seconds [static and dynamic dependencies]. Details - ImportResultOutputID=56e828887bb11d97f7f01f90e288044f DependenciesID=f260c88afc292e66b7989240c6994b31 StaticDependenciesID=d31a39e7ddc4108101953509159ba87f 
Number of updated asset objects reloaded before import = 0Number of asset objects unloaded after import = 97

========================================================================
Received Import Request.
  Time since last request: 0.000044 seconds.
  path: Assets/ScriptableObject/Items/WaterBall.asset
  importAddress: Guid(d3dafb7dcd5325f43b877f27d6716868) Importer(815301076,1909f56bfc062723c751e8b465ee728b)
Start importing Assets/ScriptableObject/Items/WaterBall.asset using Guid(d3dafb7dcd5325f43b877f27d6716868) Importer(815301076,1909f56bfc062723c751e8b465ee728b) (PreviewImporter) -> (Import Result ID: '46012bf474abd636222857e7b92805fc') in 0.0053891 seconds [static and dynamic dependencies]. Details - ImportResultOutputID=130b070e8465fa7a745ce2bb771ecc17 DependenciesID=d8abbe7141bfac856e77bbaf32e4dc01 StaticDependenciesID=3ffdb46f554b5c82c5eea44781615d89 
Number of updated asset objects reloaded before import = 0Number of asset objects unloaded after import = 50

========================================================================
Received Import Request.
  Time since last request: 0.000019 seconds.
  path: Assets/ScriptableObject/Items/Shroom_Sugon.asset
  importAddress: Guid(7d6b5b0dc6f9390409c4e453605e98d4) Importer(815301076,1909f56bfc062723c751e8b465ee728b)
Start importing Assets/ScriptableObject/Items/Shroom_Sugon.asset using Guid(7d6b5b0dc6f9390409c4e453605e98d4) Importer(815301076,1909f56bfc062723c751e8b465ee728b) (PreviewImporter) -> (Import Result ID: '5607ea75bd86ef310b4fdfdc8a649e63') in 0.0344412 seconds [static and dynamic dependencies]. Details - ImportResultOutputID=47ec6c6b415b4286c47b69dd6945612d DependenciesID=e2a3e80da516d474273ae2e9dcfb161b StaticDependenciesID=13c8a0794c62aca4b9ef6ffcb6e11514 
Number of updated asset objects reloaded before import = 0Number of asset objects unloaded after import = 162

========================================================================
Received Import Request.
  Time since last request: 0.000025 seconds.
  path: Assets/ScriptableObject/Items/Precision.asset
  importAddress: Guid(688adca90d5e0d04fb3d5f3422fe53a0) Importer(815301076,1909f56bfc062723c751e8b465ee728b)
Start importing Assets/ScriptableObject/Items/Precision.asset using Guid(688adca90d5e0d04fb3d5f3422fe53a0) Importer(815301076,1909f56bfc062723c751e8b465ee728b) (PreviewImporter) -> (Import Result ID: '763a8a087bd77a239f4d7d1b3ad00f9b') in 0.0024518 seconds [static and dynamic dependencies]. Details - ImportResultOutputID=2880f5e712230a763fb2bb1c9e411ab3 DependenciesID=db451acac1433b7af787c8c78b0d3ac7 StaticDependenciesID=8788fe6d9d86d89b00baa52279a34d67 
Number of updated asset objects reloaded before import = 0Number of asset objects unloaded after import = 3

========================================================================
Received Import Request.
  Time since last request: 0.000014 seconds.
  path: Assets/ScriptableObject/Items/PlanksPoleHalf.asset
  importAddress: Guid(d52afa0821085c640bb5ea5de7dcb243) Importer(815301076,1909f56bfc062723c751e8b465ee728b)
Start importing Assets/ScriptableObject/Items/PlanksPoleHalf.asset using Guid(d52afa0821085c640bb5ea5de7dcb243) Importer(815301076,1909f56bfc062723c751e8b465ee728b) (PreviewImporter) -> (Import Result ID: '544425545a6f2c1a95b34b86b3c60ae1') in 0.0240533 seconds [static and dynamic dependencies]. Details - ImportResultOutputID=bce3841020478ece1045791b08f53839 DependenciesID=8f60592492b00dbc7cee9df9e4432883 StaticDependenciesID=4a5c71a5c78b05049365328c6f03f9b5 
Number of updated asset objects reloaded before import = 0Number of asset objects unloaded after import = 97

========================================================================
Received Import Request.
  Time since last request: 0.000039 seconds.
  path: Assets/ScriptableObject/Items/Pickaxe_Gold.asset
  importAddress: Guid(2f9d427d13811f0428ff557119bd8b78) Importer(815301076,1909f56bfc062723c751e8b465ee728b)
Start importing Assets/ScriptableObject/Items/Pickaxe_Gold.asset using Guid(2f9d427d13811f0428ff557119bd8b78) Importer(815301076,1909f56bfc062723c751e8b465ee728b) (PreviewImporter) -> (Import Result ID: '25642cb4451544441fd26f209be2f471') in 0.0403903 seconds [static and dynamic dependencies]. Details - ImportResultOutputID=81c243fe6107089af351dd35bc144b82 DependenciesID=9a42ce75b9c36cd224c689d539ff05db StaticDependenciesID=76f52ae73dc9bde09b04f356dbfcd019 
Number of updated asset objects reloaded before import = 0Number of asset objects unloaded after import = 149

========================================================================
Received Import Request.
  Time since last request: 0.000055 seconds.
  path: Assets/ScriptableObject/Items/Hammer Shaft.asset
  importAddress: Guid(b2e0bc7f66c81e34c8fc5cfa51c39e90) Importer(815301076,1909f56bfc062723c751e8b465ee728b)
Start importing Assets/ScriptableObject/Items/Hammer Shaft.asset using Guid(b2e0bc7f66c81e34c8fc5cfa51c39e90) Importer(815301076,1909f56bfc062723c751e8b465ee728b) (PreviewImporter) -> (Import Result ID: 'd223274eec3df86e609389fb9a162050') in 0.0247735 seconds [static and dynamic dependencies]. Details - ImportResultOutputID=d12e75b70fef5e8e957928d72c3ec5f1 DependenciesID=14ccfe252da7e6050db3f4514ca47513 StaticDependenciesID=7fd8a1ec77b5436ead15e11411e52dbb 
Number of updated asset objects reloaded before import = 0Number of asset objects unloaded after import = 85

========================================================================
Received Import Request.
  Time since last request: 0.000031 seconds.
  path: Assets/ScriptableObject/Items/Gronks sword.asset
  importAddress: Guid(f99c5d40a0b3e3f48a4ec3b24cc6deba) Importer(815301076,1909f56bfc062723c751e8b465ee728b)
Start importing Assets/ScriptableObject/Items/Gronks sword.asset using Guid(f99c5d40a0b3e3f48a4ec3b24cc6deba) Importer(815301076,1909f56bfc062723c751e8b465ee728b) (PreviewImporter) -> (Import Result ID: 'c79796a865022df5b77ffc283a7d187e') in 0.041482 seconds [static and dynamic dependencies]. Details - ImportResultOutputID=a684706d68fc08c0b98a79d0ee1f422f DependenciesID=c7800ccec7eb9d893333739fb84ac193 StaticDependenciesID=836e504643f59174072b7f6cdacaaf20 
Number of updated asset objects reloaded before import = 0Number of asset objects unloaded after import = 154

========================================================================
Received Import Request.
  Time since last request: 0.000030 seconds.
  path: Assets/ScriptableObject/Items/Torch.asset
  importAddress: Guid(3ad9e58f30945e643861318f57a0fa9e) Importer(815301076,1909f56bfc062723c751e8b465ee728b)
Start importing Assets/ScriptableObject/Items/Torch.asset using Guid(3ad9e58f30945e643861318f57a0fa9e) Importer(815301076,1909f56bfc062723c751e8b465ee728b) (PreviewImporter) -> (Import Result ID: 'eba0e15511d1f479588ac13727062fa2') in 0.0293759 seconds [static and dynamic dependencies]. Details - ImportResultOutputID=32fef9bd9a12c1e458f89a81a5076c2b DependenciesID=50bb538bb1871fa04460c317f154f32b StaticDependenciesID=4c422c2f2a5a2dedf0ae5f446af6abd1 
Number of updated asset objects reloaded before import = 0Number of asset objects unloaded after import = 105

========================================================================
Received Import Request.
  Time since last request: 0.000020 seconds.
  path: Assets/ScriptableObject/Items/Hat_Gold.asset
  importAddress: Guid(6a0cbb08e1b338046bf5e47c7c401740) Importer(815301076,1909f56bfc062723c751e8b465ee728b)
Start importing Assets/ScriptableObject/Items/Hat_Gold.asset using Guid(6a0cbb08e1b338046bf5e47c7c401740) Importer(815301076,1909f56bfc062723c751e8b465ee728b) (PreviewImporter) -> (Import Result ID: '07e6a79b9bd4acdb11a7218a24c23e9d') in 0.0344405 seconds [static and dynamic dependencies]. Details - ImportResultOutputID=fd9f2c8333e23cba4e3aacc1691590f4 DependenciesID=1defb7e423ba3401d2fec15d2d835994 StaticDependenciesID=d3b16b6eb466a649d5ee99247a287aef 
Number of updated asset objects reloaded before import = 0Number of asset objects unloaded after import = 145

========================================================================
Received Import Request.
  Time since last request: 0.000054 seconds.
  path: Assets/ScriptableObject/Items/PlanksWallTilted.asset
  importAddress: Guid(97654a13100e75e46926445ea93bbd76) Importer(815301076,1909f56bfc062723c751e8b465ee728b)
Start importing Assets/ScriptableObject/Items/PlanksWallTilted.asset using Guid(97654a13100e75e46926445ea93bbd76) Importer(815301076,1909f56bfc062723c751e8b465ee728b) (PreviewImporter) -> (Import Result ID: '9c90759e3ae78b615e372d2774d2df3e') in 0.0268078 seconds [static and dynamic dependencies]. Details - ImportResultOutputID=5cdeb7755d4b6921f0dcd4ef5f6571b5 DependenciesID=a6f804f5016089856d6155ad85a49546 StaticDependenciesID=d1cabf86eaa6ce11bf2d38219e79006a 
Number of updated asset objects reloaded before import = 0Number of asset objects unloaded after import = 97

========================================================================
Received Import Request.
  Time since last request: 0.000034 seconds.
  path: Assets/ScriptableObject/Items/Torso_Chunkium.asset
  importAddress: Guid(99625cb590ea6d744804fc938c2c5b1c) Importer(815301076,1909f56bfc062723c751e8b465ee728b)
Start importing Assets/ScriptableObject/Items/Torso_Chunkium.asset using Guid(99625cb590ea6d744804fc938c2c5b1c) Importer(815301076,1909f56bfc062723c751e8b465ee728b) (PreviewImporter) -> (Import Result ID: 'f22e4e127f275b9eda25cd46a8ab885a') in 0.0302345 seconds [static and dynamic dependencies]. Details - ImportResultOutputID=0f4c10dd714212fd1cb1c3d5d7594eb3 DependenciesID=e4969f9a3ce4bb6cc764958ab75d739f StaticDependenciesID=9e66b09f61c4e04076932342df53fbe2 
Number of updated asset objects reloaded before import = 0Number of asset objects unloaded after import = 148

========================================================================
Received Import Request.
  Time since last request: 0.000023 seconds.
  path: Assets/ScriptableObject/Items/Hat_Steel.asset
  importAddress: Guid(f745f454dfd94df4aac4f0813a7b7429) Importer(815301076,1909f56bfc062723c751e8b465ee728b)
Start importing Assets/ScriptableObject/Items/Hat_Steel.asset using Guid(f745f454dfd94df4aac4f0813a7b7429) Importer(815301076,1909f56bfc062723c751e8b465ee728b) (PreviewImporter) -> (Import Result ID: 'd964c13346e3ffd0857acbc56dfaa60f') in 0.0332286 seconds [static and dynamic dependencies]. Details - ImportResultOutputID=3e7ce6d372480563f7a7fc7147302ea3 DependenciesID=ca65d3e6cbb597a66dd6a47b00fca150 StaticDependenciesID=c9bccd88d757e06ae9d9ba21e3add21e 
Number of updated asset objects reloaded before import = 0Number of asset objects unloaded after import = 145

========================================================================
Received Import Request.
  Time since last request: 0.000021 seconds.
  path: Assets/ScriptableObject/Items/Wood_birch.asset
  importAddress: Guid(8ba0e873fd1385143a19f18298ca0e1e) Importer(815301076,1909f56bfc062723c751e8b465ee728b)
Start importing Assets/ScriptableObject/Items/Wood_birch.asset using Guid(8ba0e873fd1385143a19f18298ca0e1e) Importer(815301076,1909f56bfc062723c751e8b465ee728b) (PreviewImporter) -> (Import Result ID: '1f8cee9b769370250528fc9556cc960a') in 0.0025416 seconds [static and dynamic dependencies]. Details - ImportResultOutputID=b307211442f2db04416378481b1c5ba5 DependenciesID=05d34824f58dd2b4569c71451a295c17 StaticDependenciesID=9176495a0a965e450b04da71363b9654 
Number of updated asset objects reloaded before import = 0Number of asset objects unloaded after import = 5

========================================================================
Received Import Request.
  Time since last request: 0.000018 seconds.
  path: Assets/ScriptableObject/Items/WyvernDagger.asset
  importAddress: Guid(1be6107b12c34e44faaf908433fee7ec) Importer(815301076,1909f56bfc062723c751e8b465ee728b)
Start importing Assets/ScriptableObject/Items/WyvernDagger.asset using Guid(1be6107b12c34e44faaf908433fee7ec) Importer(815301076,1909f56bfc062723c751e8b465ee728b) (PreviewImporter) -> (Import Result ID: '30a83de55b295298e92a0d00184c694f') in 0.0380002 seconds [static and dynamic dependencies]. Details - ImportResultOutputID=2dccf9a887333aa82cb13e9a96fa0513 DependenciesID=0208d8133b61214e125fe977ef99af23 StaticDependenciesID=e89fc6d3dced7ebab85f5e900c3a5673 
Number of updated asset objects reloaded before import = 0Number of asset objects unloaded after import = 152

========================================================================
Received Import Request.
  Time since last request: 0.000031 seconds.
  path: Assets/ScriptableObject/Items/Soup_Purple.asset
  importAddress: Guid(7c2cd61d19aedf04abbe3b9317189e41) Importer(815301076,1909f56bfc062723c751e8b465ee728b)
Start importing Assets/ScriptableObject/Items/Soup_Purple.asset using Guid(7c2cd61d19aedf04abbe3b9317189e41) Importer(815301076,1909f56bfc062723c751e8b465ee728b) (PreviewImporter) -> (Import Result ID: '7e235d12cd16b2f9336ab1bd7f1aa7d9') in 0.0532481 seconds [static and dynamic dependencies]. Details - ImportResultOutputID=48f014f482063dda504f9b3174d5889e DependenciesID=7d6cbd1a81c723aae9ccf7df70b0f11d StaticDependenciesID=6758e3a42140ad812ab7a03331872e41 
Number of updated asset objects reloaded before import = 0Number of asset objects unloaded after import = 195

========================================================================
Received Import Request.
  Time since last request: 0.000024 seconds.
  path: Assets/ScriptableObject/Items/Hat_Mithril.asset
  importAddress: Guid(07e46078fd050894298f3245e3105f24) Importer(815301076,1909f56bfc062723c751e8b465ee728b)
Start importing Assets/ScriptableObject/Items/Hat_Mithril.asset using Guid(07e46078fd050894298f3245e3105f24) Importer(815301076,1909f56bfc062723c751e8b465ee728b) (PreviewImporter) -> (Import Result ID: '5f3550fa209edec6d846bf5a0d5161c2') in 0.0270483 seconds [static and dynamic dependencies]. Details - ImportResultOutputID=1d4198a5db98cce9f66da2d8e0972bde DependenciesID=ab26f27b400e8d532af9b7ce3ab6b605 StaticDependenciesID=7f9bf35b745868d1b8ef1d00034c70d7 
Number of updated asset objects reloaded before import = 0Number of asset objects unloaded after import = 148

========================================================================
Received Import Request.
  Time since last request: 0.000043 seconds.
  path: Assets/ScriptableObject/Items/Gronks swordProjectile.asset
  importAddress: Guid(8bd12378628757847830d9a553bdaf79) Importer(815301076,1909f56bfc062723c751e8b465ee728b)
Start importing Assets/ScriptableObject/Items/Gronks swordProjectile.asset using Guid(8bd12378628757847830d9a553bdaf79) Importer(815301076,1909f56bfc062723c751e8b465ee728b) (PreviewImporter) -> (Import Result ID: 'fcfcdb5c5a2cf9bbabacda53c27328b3') in 0.0412804 seconds [static and dynamic dependencies]. Details - ImportResultOutputID=55423d9adfbe7dc4bc5cfc5548513cce DependenciesID=b7c29780e4718d47e3159a6a7a497803 StaticDependenciesID=b17d4b155bfcc31e95e71169e88ab14e 
Number of updated asset objects reloaded before import = 0Number of asset objects unloaded after import = 225

========================================================================
Received Import Request.
  Time since last request: 0.000036 seconds.
  path: Assets/ScriptableObject/Items/Wood_oak.asset
  importAddress: Guid(ca5e27fa2fade2142b4306a9f12f59f6) Importer(815301076,1909f56bfc062723c751e8b465ee728b)
Start importing Assets/ScriptableObject/Items/Wood_oak.asset using Guid(ca5e27fa2fade2142b4306a9f12f59f6) Importer(815301076,1909f56bfc062723c751e8b465ee728b) (PreviewImporter) -> (Import Result ID: '6cec418f3ccd4b707c147211ac41ec9a') in 0.0025889 seconds [static and dynamic dependencies]. Details - ImportResultOutputID=4630b33df556e68313b443282002780b DependenciesID=26a4b1cb6077698575f344216b203b7a StaticDependenciesID=ce9196185384eb8a15a33d2a95f52990 
Number of updated asset objects reloaded before import = 0Number of asset objects unloaded after import = 5

========================================================================
Received Import Request.
  Time since last request: 0.000016 seconds.
  path: Assets/ScriptableObject/Items/Soup_meat.asset
  importAddress: Guid(5d4ef800dcc559d4aaec023e990a135e) Importer(815301076,1909f56bfc062723c751e8b465ee728b)
Start importing Assets/ScriptableObject/Items/Soup_meat.asset using Guid(5d4ef800dcc559d4aaec023e990a135e) Importer(815301076,1909f56bfc062723c751e8b465ee728b) (PreviewImporter) -> (Import Result ID: 'c7989ad919822ef250811e5b92fe877d') in 0.0398456 seconds [static and dynamic dependencies]. Details - ImportResultOutputID=fa05c2cfab56570b8d11f866b9ab0a38 DependenciesID=1963edb270f190b317143d70b8e46c4c StaticDependenciesID=b1c71a97400cabfb44d6310e1958f6a0 
Number of updated asset objects reloaded before import = 0Number of asset objects unloaded after import = 184

========================================================================
Received Import Request.
  Time since last request: 0.000030 seconds.
  path: Assets/ScriptableObject/Items/Legs_Chunkium.asset
  importAddress: Guid(9520dcb5fc530cd4fa4b312eea428bf1) Importer(815301076,1909f56bfc062723c751e8b465ee728b)
Start importing Assets/ScriptableObject/Items/Legs_Chunkium.asset using Guid(9520dcb5fc530cd4fa4b312eea428bf1) Importer(815301076,1909f56bfc062723c751e8b465ee728b) (PreviewImporter) -> (Import Result ID: 'd48c262fa6390d0ce12d8b0b5fb37276') in 0.0422364 seconds [static and dynamic dependencies]. Details - ImportResultOutputID=9f3414ead83b4bc1f9e5f3dc7c5c42c2 DependenciesID=d3025b75403642dfb5e811b8aef88b7d StaticDependenciesID=86889898ff1784b440c5499e400f4260 
Number of updated asset objects reloaded before import = 0Number of asset objects unloaded after import = 148

========================================================================
Received Import Request.
  Time since last request: 0.000029 seconds.
  path: Assets/ScriptableObject/Items/Sword_Adamantite.asset
  importAddress: Guid(541c391cf67fee043892d38e905e03c5) Importer(815301076,1909f56bfc062723c751e8b465ee728b)
Start importing Assets/ScriptableObject/Items/Sword_Adamantite.asset using Guid(541c391cf67fee043892d38e905e03c5) Importer(815301076,1909f56bfc062723c751e8b465ee728b) (PreviewImporter) -> (Import Result ID: '1d2198fa0dfe2897a3fa74945c533954') in 0.0337123 seconds [static and dynamic dependencies]. Details - ImportResultOutputID=56619a938514b8613225633384a52b8f DependenciesID=e35c55720ce986434a546fdd1887b7db StaticDependenciesID=56b09f77a6c53dca3e9fa3ec88fc1302 
Number of updated asset objects reloaded before import = 0Number of asset objects unloaded after import = 151

========================================================================
Received Import Request.
  Time since last request: 0.000028 seconds.
  path: Assets/ScriptableObject/Items/NightBlade.asset
  importAddress: Guid(d4ef25665c3296b4abf03c324b876e7b) Importer(815301076,1909f56bfc062723c751e8b465ee728b)
Start importing Assets/ScriptableObject/Items/NightBlade.asset using Guid(d4ef25665c3296b4abf03c324b876e7b) Importer(815301076,1909f56bfc062723c751e8b465ee728b) (PreviewImporter) -> (Import Result ID: '8c8995dbb872e7fc3f48505abf0ddea9') in 0.038698 seconds [static and dynamic dependencies]. Details - ImportResultOutputID=5b7cd4be37aae94445f13e4bd8c2862e DependenciesID=2cc05668b09a1d43d5c2e8ed1d9ba962 StaticDependenciesID=4111da7b04cda45440f635c5d8a29d8e 
Number of updated asset objects reloaded before import = 0Number of asset objects unloaded after import = 155

========================================================================
Received Import Request.
  Time since last request: 0.000036 seconds.
  path: Assets/ScriptableObject/Items/GemRed.asset
  importAddress: Guid(7c9f875b9736fb649926c0f5d95bee0c) Importer(815301076,1909f56bfc062723c751e8b465ee728b)
Start importing Assets/ScriptableObject/Items/GemRed.asset using Guid(7c9f875b9736fb649926c0f5d95bee0c) Importer(815301076,1909f56bfc062723c751e8b465ee728b) (PreviewImporter) -> (Import Result ID: 'b91eef99e22081166f99ecbeee57c884') in 0.0292578 seconds [static and dynamic dependencies]. Details - ImportResultOutputID=96c5d803539d18d19bcdec5cad712af9 DependenciesID=39a9c11f166495393486e39402aeff35 StaticDependenciesID=82002fed330d6a8960d5b73ebb1dd71e 
Number of updated asset objects reloaded before import = 0Number of asset objects unloaded after import = 85

========================================================================
Received Import Request.
  Time since last request: 4.314579 seconds.
  path: Assets/ScriptableObject/Items/Fireball.asset
  importAddress: Guid(2c63875c528337c48a4a3d6bca639dda) Importer(815301076,1909f56bfc062723c751e8b465ee728b)
Start importing Assets/ScriptableObject/Items/Fireball.asset using Guid(2c63875c528337c48a4a3d6bca639dda) Importer(815301076,1909f56bfc062723c751e8b465ee728b) (PreviewImporter) -> (Import Result ID: '0dcabc494e71445dc3fbc0bbc1a2d0ea') in 0.0042337 seconds [static and dynamic dependencies]. Details - ImportResultOutputID=33c9482c72ab320b802b38117a804bda DependenciesID=679e67e31eba47789f0f45c3db50351f StaticDependenciesID=94b0b4194e875ae16226226c002ff079 
Number of updated asset objects reloaded before import = 0Number of asset objects unloaded after import = 50

========================================================================
Received Import Request.
  Time since last request: 0.000023 seconds.
  path: Assets/ScriptableObject/Items/Flint.asset
  importAddress: Guid(d0b91c4fbe6202745abaa86b4b9f9336) Importer(815301076,1909f56bfc062723c751e8b465ee728b)
Start importing Assets/ScriptableObject/Items/Flint.asset using Guid(d0b91c4fbe6202745abaa86b4b9f9336) Importer(815301076,1909f56bfc062723c751e8b465ee728b) (PreviewImporter) -> (Import Result ID: '4080318e4b2490d50a4a2fcd2eae3582') in 0.0021603 seconds [static and dynamic dependencies]. Details - ImportResultOutputID=235993e959991bf2e261e395f17d966d DependenciesID=8023fe41a68f631fdd5c598a414ee813 StaticDependenciesID=90375c5c4c8ac588c436d38192e9dd37 
Number of updated asset objects reloaded before import = 0Number of asset objects unloaded after import = 4

========================================================================
Received Import Request.
  Time since last request: 0.000016 seconds.
  path: Assets/ScriptableObject/Items/Flower_blue.asset
  importAddress: Guid(e4e94a7dcf087234385a3879f079f826) Importer(815301076,1909f56bfc062723c751e8b465ee728b)
Start importing Assets/ScriptableObject/Items/Flower_blue.asset using Guid(e4e94a7dcf087234385a3879f079f826) Importer(815301076,1909f56bfc062723c751e8b465ee728b) (PreviewImporter) -> (Import Result ID: 'de0b62bd854deb7144af8219491ad421') in 0.0371284 seconds [static and dynamic dependencies]. Details - ImportResultOutputID=649ded7550de9a08c82d27def03e98e0 DependenciesID=6fca1a1630766bf26e4bfd075518b351 StaticDependenciesID=e1f28c2548752637d8e5e4d22194a2c3 
Number of updated asset objects reloaded before import = 0Number of asset objects unloaded after import = 162

========================================================================
Received Import Request.
  Time since last request: 0.000027 seconds.
  path: Assets/ScriptableObject/Items/GemBlue.asset
  importAddress: Guid(7a0e96061884cb94eb89868e77de31a4) Importer(815301076,1909f56bfc062723c751e8b465ee728b)
Start importing Assets/ScriptableObject/Items/GemBlue.asset using Guid(7a0e96061884cb94eb89868e77de31a4) Importer(815301076,1909f56bfc062723c751e8b465ee728b) (PreviewImporter) -> (Import Result ID: 'd40eb406082687daaeb2e4c80c40aca1') in 0.0272759 seconds [static and dynamic dependencies]. Details - ImportResultOutputID=e19e0bf30ba1e6d8335a9727750d6171 DependenciesID=dd66bd590829fc17f4bec0c5accd2cb1 StaticDependenciesID=fe237c29d01baa175b0e44280cd04a58 
Number of updated asset objects reloaded before import = 0Number of asset objects unloaded after import = 85

========================================================================
Received Import Request.
  Time since last request: 0.000073 seconds.
  path: Assets/ScriptableObject/Items/Bread.asset
  importAddress: Guid(d49b1632c65e1a143abe1b234d63194e) Importer(815301076,1909f56bfc062723c751e8b465ee728b)
Start importing Assets/ScriptableObject/Items/Bread.asset using Guid(d49b1632c65e1a143abe1b234d63194e) Importer(815301076,1909f56bfc062723c751e8b465ee728b) (PreviewImporter) -> (Import Result ID: '6aff508ea875190e0dbc9fffb9d7171f') in 0.0452148 seconds [static and dynamic dependencies]. Details - ImportResultOutputID=4d6314c6ba97a979a4781bdc5a7fe559 DependenciesID=442724c085f044db57d9c8c887d4f15f StaticDependenciesID=7582fbdff84ec12359a0db5604aefaa4 
Number of updated asset objects reloaded before import = 0Number of asset objects unloaded after import = 195

========================================================================
Received Import Request.
  Time since last request: 0.000021 seconds.
  path: Assets/ScriptableObject/Items/Dough.asset
  importAddress: Guid(841f554ed4596034cafae1402f105fc1) Importer(815301076,1909f56bfc062723c751e8b465ee728b)
Start importing Assets/ScriptableObject/Items/Dough.asset using Guid(841f554ed4596034cafae1402f105fc1) Importer(815301076,1909f56bfc062723c751e8b465ee728b) (PreviewImporter) -> (Import Result ID: 'a85429b91cf67d1ad29ea5c603b98276') in 0.0388819 seconds [static and dynamic dependencies]. Details - ImportResultOutputID=2c71bbc9a6318d85754351b0d51bdcb0 DependenciesID=939e431169543a25e9525ca33e2552ea StaticDependenciesID=8070262b864dfcb72cec70e5a1729189 
Number of updated asset objects reloaded before import = 0Number of asset objects unloaded after import = 166

========================================================================
Received Import Request.
  Time since last request: 0.000022 seconds.
  path: Assets/ScriptableObject/Items/Bow_Basic.asset
  importAddress: Guid(0e5df1272f209014d8d6d0359f26b7ca) Importer(815301076,1909f56bfc062723c751e8b465ee728b)
Start importing Assets/ScriptableObject/Items/Bow_Basic.asset using Guid(0e5df1272f209014d8d6d0359f26b7ca) Importer(815301076,1909f56bfc062723c751e8b465ee728b) (PreviewImporter) -> (Import Result ID: '88937d5cedda63021622d7f272becc2e') in 0.0343941 seconds [static and dynamic dependencies]. Details - ImportResultOutputID=45f05f434e18b594629f47a0d217e84a DependenciesID=0cf881295547fb1b5dba5eefbfadfaa7 StaticDependenciesID=6afaa40e994ff4eb4eca8303d709c45d 
Number of updated asset objects reloaded before import = 0Number of asset objects unloaded after import = 197

========================================================================
Received Import Request.
  Time since last request: 0.000031 seconds.
  path: Assets/ScriptableObject/Items/Boots_Adamantite.asset
  importAddress: Guid(d991f329087a89748ae015d4a252ba5b) Importer(815301076,1909f56bfc062723c751e8b465ee728b)
Start importing Assets/ScriptableObject/Items/Boots_Adamantite.asset using Guid(d991f329087a89748ae015d4a252ba5b) Importer(815301076,1909f56bfc062723c751e8b465ee728b) (PreviewImporter) -> (Import Result ID: 'd65abc01b960f63d059a14c896642aeb') in 0.0299937 seconds [static and dynamic dependencies]. Details - ImportResultOutputID=fd9588f1851baa9e4e454a4f0cf7fb42 DependenciesID=f81a6a165f7404751b2fa2c0a905de92 StaticDependenciesID=04feca646d2f678d905cea9c56e1879e 
Number of updated asset objects reloaded before import = 0Number of asset objects unloaded after import = 148

========================================================================
Received Import Request.
  Time since last request: 0.000024 seconds.
  path: Assets/ScriptableObject/Items/Bow-Oak.asset
  importAddress: Guid(a4bba41c8ae485a4ca0af8c12ab5e806) Importer(815301076,1909f56bfc062723c751e8b465ee728b)
Start importing Assets/ScriptableObject/Items/Bow-Oak.asset using Guid(a4bba41c8ae485a4ca0af8c12ab5e806) Importer(815301076,1909f56bfc062723c751e8b465ee728b) (PreviewImporter) -> (Import Result ID: '98e6f7fbba690c47e57d5de5e7a10782') in 0.0395145 seconds [static and dynamic dependencies]. Details - ImportResultOutputID=b860b1f5c56328240cfaee51d0e363b9 DependenciesID=acbd50afe560c92899034aaf83234f86 StaticDependenciesID=efa493a2fca92de7d4b600974ac7a9c4 
Number of updated asset objects reloaded before import = 0Number of asset objects unloaded after import = 224

========================================================================
Received Import Request.
  Time since last request: 0.000024 seconds.
  path: Assets/ScriptableObject/Items/Coin.asset
  importAddress: Guid(8ec1ac53e4c868149a5552a37cdb2584) Importer(815301076,1909f56bfc062723c751e8b465ee728b)
Start importing Assets/ScriptableObject/Items/Coin.asset using Guid(8ec1ac53e4c868149a5552a37cdb2584) Importer(815301076,1909f56bfc062723c751e8b465ee728b) (PreviewImporter) -> (Import Result ID: 'f035ba9531585a257f55b79a286ba81e') in 0.0282928 seconds [static and dynamic dependencies]. Details - ImportResultOutputID=e38dc7c0955c313f103b172feca7ccc0 DependenciesID=81dfa5e93103cece25a88a21787cce2f StaticDependenciesID=04c805655f0e84d70a44887eb8926094 
Number of updated asset objects reloaded before import = 0Number of asset objects unloaded after import = 141

========================================================================
Received Import Request.
  Time since last request: 0.000023 seconds.
  path: Assets/ScriptableObject/Items/Boots_Wolf.asset
  importAddress: Guid(f77b35c06bcf91646be3742b916b0a44) Importer(815301076,1909f56bfc062723c751e8b465ee728b)
Start importing Assets/ScriptableObject/Items/Boots_Wolf.asset using Guid(f77b35c06bcf91646be3742b916b0a44) Importer(815301076,1909f56bfc062723c751e8b465ee728b) (PreviewImporter) -> (Import Result ID: 'd9f67240d27c91ddbfc655b3f52462b1') in 0.0414875 seconds [static and dynamic dependencies]. Details - ImportResultOutputID=076bd40a3f40696de19f06caf976d97b DependenciesID=eb23470068e94b6cd58a577bb8624ecb StaticDependenciesID=924257968a85a35868c3f60513191f94 
Number of updated asset objects reloaded before import = 0Number of asset objects unloaded after import = 198

========================================================================
Received Import Request.
  Time since last request: 0.000026 seconds.
  path: Assets/ScriptableObject/Items/Boots_Gold.asset
  importAddress: Guid(ec26223cf3528624faaae6730aea8923) Importer(815301076,1909f56bfc062723c751e8b465ee728b)
Start importing Assets/ScriptableObject/Items/Boots_Gold.asset using Guid(ec26223cf3528624faaae6730aea8923) Importer(815301076,1909f56bfc062723c751e8b465ee728b) (PreviewImporter) -> (Import Result ID: 'ad5278898f38157468471c80206ddf24') in 0.0357305 seconds [static and dynamic dependencies]. Details - ImportResultOutputID=ea7ca16d9153ca42938008743d06357b DependenciesID=1008501a48d223614db3e5f3f4044ec2 StaticDependenciesID=75c5685704fe4fffd83958f140c7ad2c 
Number of updated asset objects reloaded before import = 0Number of asset objects unloaded after import = 145

========================================================================
Received Import Request.
  Time since last request: 0.000027 seconds.
  path: Assets/ScriptableObject/Items/Bowl.asset
  importAddress: Guid(8ca213930f8295e499498a322882adfb) Importer(815301076,1909f56bfc062723c751e8b465ee728b)
Start importing Assets/ScriptableObject/Items/Bowl.asset using Guid(8ca213930f8295e499498a322882adfb) Importer(815301076,1909f56bfc062723c751e8b465ee728b) (PreviewImporter) -> (Import Result ID: 'd5eb4e7e7790e6708b2866e268f9a03e') in 0.0326059 seconds [static and dynamic dependencies]. Details - ImportResultOutputID=1e3e07a899470179b783941efcf79100 DependenciesID=4cd9b7756eaecc479aeeef7a164b3dc3 StaticDependenciesID=e34a9ec3e7991932bb1b9c4536f05bde 
Number of updated asset objects reloaded before import = 0Number of asset objects unloaded after import = 148

========================================================================
Received Import Request.
  Time since last request: 0.000035 seconds.
  path: Assets/ScriptableObject/Items/Boat Map.asset
  importAddress: Guid(6ebae13e9d7528a42b1328b26a0aae8d) Importer(815301076,1909f56bfc062723c751e8b465ee728b)
Start importing Assets/ScriptableObject/Items/Boat Map.asset using Guid(6ebae13e9d7528a42b1328b26a0aae8d) Importer(815301076,1909f56bfc062723c751e8b465ee728b) (PreviewImporter) -> (Import Result ID: '20ec5a8fa34805a7840ace024f97c31d') in 0.0228085 seconds [static and dynamic dependencies]. Details - ImportResultOutputID=c2585af3a7fe1a84dfbc438c178f3ca0 DependenciesID=dede14845a7815ec1934a4b483ac4875 StaticDependenciesID=7cb7c833a508aee60cedd4254a4d24ff 
Number of updated asset objects reloaded before import = 0Number of asset objects unloaded after import = 85

========================================================================
Received Import Request.
  Time since last request: 0.000032 seconds.
  path: Assets/ScriptableObject/Items/Bar_Obamium.asset
  importAddress: Guid(2def0c344d3fd7d4aae73b2e794eb5d8) Importer(815301076,1909f56bfc062723c751e8b465ee728b)
Start importing Assets/ScriptableObject/Items/Bar_Obamium.asset using Guid(2def0c344d3fd7d4aae73b2e794eb5d8) Importer(815301076,1909f56bfc062723c751e8b465ee728b) (PreviewImporter) -> (Import Result ID: '5939c021cfa7c520e559e663188b3c7a') in 0.0251806 seconds [static and dynamic dependencies]. Details - ImportResultOutputID=2c6b709cb69f63ca03be7d749c5a5f74 DependenciesID=fd0ff45c463a334fad06a5593ee7a2f0 StaticDependenciesID=a0fa549432678291ae71546c66926d75 
Number of updated asset objects reloaded before import = 0Number of asset objects unloaded after import = 144

========================================================================
Received Import Request.
  Time since last request: 0.000022 seconds.
  path: Assets/ScriptableObject/Items/Bone.asset
  importAddress: Guid(905340509a8be19479e3ec59437c7d4a) Importer(815301076,1909f56bfc062723c751e8b465ee728b)
Start importing Assets/ScriptableObject/Items/Bone.asset using Guid(905340509a8be19479e3ec59437c7d4a) Importer(815301076,1909f56bfc062723c751e8b465ee728b) (PreviewImporter) -> (Import Result ID: '95abb18d1c426ca84777761c567a9ec3') in 0.0040657 seconds [static and dynamic dependencies]. Details - ImportResultOutputID=9ac23deca9d3c27007db3d8b37be7de4 DependenciesID=17d69e61dab7690d2b3eb7cbeeeb79db StaticDependenciesID=47f8f4a46fde5b1f4be0e32be47d4038 
Number of updated asset objects reloaded before import = 0Number of asset objects unloaded after import = 42

========================================================================
Received Import Request.
  Time since last request: 0.000029 seconds.
  path: Assets/ScriptableObject/Items/Boots_Chunkium.asset
  importAddress: Guid(0f8dbb7f34611d949b6665900386b0a5) Importer(815301076,1909f56bfc062723c751e8b465ee728b)
Start importing Assets/ScriptableObject/Items/Boots_Chunkium.asset using Guid(0f8dbb7f34611d949b6665900386b0a5) Importer(815301076,1909f56bfc062723c751e8b465ee728b) (PreviewImporter) -> (Import Result ID: 'e899720a33fb7b416fa96b70051c6980') in 0.0277093 seconds [static and dynamic dependencies]. Details - ImportResultOutputID=cd87935e39f68ebaf68fcb5fa077cc29 DependenciesID=a989a7e20a11fae25ec107a1f6246a62 StaticDependenciesID=a5c718a6084384480c68dafc70945907 
Number of updated asset objects reloaded before import = 0Number of asset objects unloaded after import = 148

========================================================================
Received Import Request.
  Time since last request: 0.000022 seconds.
  path: Assets/ScriptableObject/Items/Bark.asset
  importAddress: Guid(5e8b30acbef6fbf43b826dc600277e63) Importer(815301076,1909f56bfc062723c751e8b465ee728b)
Start importing Assets/ScriptableObject/Items/Bark.asset using Guid(5e8b30acbef6fbf43b826dc600277e63) Importer(815301076,1909f56bfc062723c751e8b465ee728b) (PreviewImporter) -> (Import Result ID: '9db66f7f022a3263b94a4b9d30ee35ff') in 0.0164363 seconds [static and dynamic dependencies]. Details - ImportResultOutputID=aca82a69d78dbe37b39d629116082a49 DependenciesID=b4b1dd7c55588ceda5bf74c5dfbfa715 StaticDependenciesID=2e3e2565709525685c0b0f47bddb39ab 
Number of updated asset objects reloaded before import = 0Number of asset objects unloaded after import = 85

========================================================================
Received Import Request.
  Time since last request: 0.012462 seconds.
  path: Assets/ScriptableObject/Items/Axe_Adamntite.asset
  importAddress: Guid(a5cd6b9f18978e34c830266c9ae8f55d) Importer(815301076,1909f56bfc062723c751e8b465ee728b)
Start importing Assets/ScriptableObject/Items/Axe_Adamntite.asset using Guid(a5cd6b9f18978e34c830266c9ae8f55d) Importer(815301076,1909f56bfc062723c751e8b465ee728b) (PreviewImporter) -> (Import Result ID: '01038ab883dc5b9531666f738a6862dc') in 0.0341262 seconds [static and dynamic dependencies]. Details - ImportResultOutputID=35b53b9665790c8594cd13c71e47bec8 DependenciesID=73a91b2751486393de23ac6618fb2544 StaticDependenciesID=14a6f6ce3cd876178c35547c3d74cf95 
Number of updated asset objects reloaded before import = 0Number of asset objects unloaded after import = 155

========================================================================
Received Import Request.
  Time since last request: 0.000018 seconds.
  path: Assets/ScriptableObject/Items/Bar_Gold.asset
  importAddress: Guid(8adcaadf670ede24cb06facfb39398dd) Importer(815301076,1909f56bfc062723c751e8b465ee728b)
Start importing Assets/ScriptableObject/Items/Bar_Gold.asset using Guid(8adcaadf670ede24cb06facfb39398dd) Importer(815301076,1909f56bfc062723c751e8b465ee728b) (PreviewImporter) -> (Import Result ID: 'c44f304512fee5badae33caa32711571') in 0.0265613 seconds [static and dynamic dependencies]. Details - ImportResultOutputID=3d8e9c7d414ec7520dabf0473673ed37 DependenciesID=2104fe80756aa748f46af13f593f7062 StaticDependenciesID=c1ce343b893f17e2fd6c1fa3ae9fed95 
Number of updated asset objects reloaded before import = 0Number of asset objects unloaded after import = 141

========================================================================
Received Import Request.
  Time since last request: 0.000016 seconds.
  path: Assets/ScriptableObject/Items/Bar_Chunkium.asset
  importAddress: Guid(bc2c0a26bda8f79439ef2fb2bce5012a) Importer(815301076,1909f56bfc062723c751e8b465ee728b)
Start importing Assets/ScriptableObject/Items/Bar_Chunkium.asset using Guid(bc2c0a26bda8f79439ef2fb2bce5012a) Importer(815301076,1909f56bfc062723c751e8b465ee728b) (PreviewImporter) -> (Import Result ID: '9b8e9c743f7f47df679fefa639174033') in 0.0018371 seconds [static and dynamic dependencies]. Details - ImportResultOutputID=67ac1dd8fcdfd4483e4618a4408eefcf DependenciesID=e5a4cd6538f9a1fc63ee10d06720dd7f StaticDependenciesID=c33553df4f1281b03dbcafed577dc8f0 
Number of updated asset objects reloaded before import = 0Number of asset objects unloaded after import = 4

========================================================================
Received Import Request.
  Time since last request: 0.000017 seconds.
  path: Assets/ScriptableObject/Items/Arrow_Mithril.asset
  importAddress: Guid(7b8953d0953f42a41b08eed4a2578d0d) Importer(815301076,1909f56bfc062723c751e8b465ee728b)
Start importing Assets/ScriptableObject/Items/Arrow_Mithril.asset using Guid(7b8953d0953f42a41b08eed4a2578d0d) Importer(815301076,1909f56bfc062723c751e8b465ee728b) (PreviewImporter) -> (Import Result ID: '5b0ae5d9238363a63415a29401a0c43a') in 0.0256689 seconds [static and dynamic dependencies]. Details - ImportResultOutputID=eb7fcc9cda3e5ed9fbd47b93bafa6fe2 DependenciesID=36a82d341f4e5d63040bbf4eb6a25371 StaticDependenciesID=97d69a59d48f019a4bc5e121a8306b1c 
Number of updated asset objects reloaded before import = 0Number of asset objects unloaded after import = 110

========================================================================
Received Import Request.
  Time since last request: 0.000021 seconds.
  path: Assets/ScriptableObject/Items/Axe_Wood.asset
  importAddress: Guid(96bb83262dbb1a348b8fd758f359114d) Importer(815301076,1909f56bfc062723c751e8b465ee728b)
Start importing Assets/ScriptableObject/Items/Axe_Wood.asset using Guid(96bb83262dbb1a348b8fd758f359114d) Importer(815301076,1909f56bfc062723c751e8b465ee728b) (PreviewImporter) -> (Import Result ID: '4d74128d594fa1d2958b2550fa38106e') in 0.0203748 seconds [static and dynamic dependencies]. Details - ImportResultOutputID=8d58d5aaed818ab07e7589eb7ce3556f DependenciesID=9a4bcd241e2fd1e9999d73ad16b8db36 StaticDependenciesID=ea72500e401a0e08a5e6c835590997b4 
Number of updated asset objects reloaded before import = 0Number of asset objects unloaded after import = 89

========================================================================
Received Import Request.
  Time since last request: 0.000024 seconds.
  path: Assets/ScriptableObject/Items/Bar_Adamantite.asset
  importAddress: Guid(a90692fc17118f44181723a2c53de5d4) Importer(815301076,1909f56bfc062723c751e8b465ee728b)
Start importing Assets/ScriptableObject/Items/Bar_Adamantite.asset using Guid(a90692fc17118f44181723a2c53de5d4) Importer(815301076,1909f56bfc062723c751e8b465ee728b) (PreviewImporter) -> (Import Result ID: '05b06fd192bc46af6b6404135798a38e') in 0.0311322 seconds [static and dynamic dependencies]. Details - ImportResultOutputID=8a1d23684e448bac70f54dd3f0fd4571 DependenciesID=707ec9ac7521cf42d32f3d7896c9349d StaticDependenciesID=c3f84ae310364b058e630722a6e13ccf 
Number of updated asset objects reloaded before import = 0Number of asset objects unloaded after import = 144

========================================================================
Received Import Request.
  Time since last request: 0.000036 seconds.
  path: Assets/ScriptableObject/Items/Arrow_Lightning.asset
  importAddress: Guid(9205c84e6c75f0e4282cbb0393655240) Importer(815301076,1909f56bfc062723c751e8b465ee728b)
Start importing Assets/ScriptableObject/Items/Arrow_Lightning.asset using Guid(9205c84e6c75f0e4282cbb0393655240) Importer(815301076,1909f56bfc062723c751e8b465ee728b) (PreviewImporter) -> (Import Result ID: 'a7d80ae96ebe655f8c6fd5e6981c09a7') in 0.0274838 seconds [static and dynamic dependencies]. Details - ImportResultOutputID=369f4bfeebfea50ab6866f38ec90d837 DependenciesID=d4afd5df69c28a6fab4ca6cae99ee5ba StaticDependenciesID=391d38f1a898b7071f7da664f728e3ac 
Number of updated asset objects reloaded before import = 0Number of asset objects unloaded after import = 155

========================================================================
Received Import Request.
  Time since last request: 0.000019 seconds.
  path: Assets/ScriptableObject/Items/Apple.asset
  importAddress: Guid(30e7cbdd642b6f64a8ee9b903a05d000) Importer(815301076,1909f56bfc062723c751e8b465ee728b)
Start importing Assets/ScriptableObject/Items/Apple.asset using Guid(30e7cbdd642b6f64a8ee9b903a05d000) Importer(815301076,1909f56bfc062723c751e8b465ee728b) (PreviewImporter) -> (Import Result ID: 'd26195d0d6234a4c2a5db54150cd41c3') in 0.0309953 seconds [static and dynamic dependencies]. Details - ImportResultOutputID=d909fda9cf35d796172b55e4b26327b3 DependenciesID=fa2df654d7691d1c7e92e2b4962117a0 StaticDependenciesID=fafe309188da7b65e54cd2afc7d30142 
Number of updated asset objects reloaded before import = 0Number of asset objects unloaded after import = 162

========================================================================
Received Import Request.
  Time since last request: 0.000024 seconds.
  path: Assets/ScriptableObject/Items/Anvil.asset
  importAddress: Guid(505a5660e2cc65d4fb891c9edf930725) Importer(815301076,1909f56bfc062723c751e8b465ee728b)
Start importing Assets/ScriptableObject/Items/Anvil.asset using Guid(505a5660e2cc65d4fb891c9edf930725) Importer(815301076,1909f56bfc062723c751e8b465ee728b) (PreviewImporter) -> (Import Result ID: 'e62a07e9f2984ca8682059dde7d7c5bb') in 0.0261664 seconds [static and dynamic dependencies]. Details - ImportResultOutputID=2bc64a0deee547d213426a640c7561ee DependenciesID=e12f7e359d26074c154f313ecf0db659 StaticDependenciesID=ff1b42a643c73b9250832422caab271e 
Number of updated asset objects reloaded before import = 0Number of asset objects unloaded after import = 141

========================================================================
Received Import Request.
  Time since last request: 0.000024 seconds.
  path: Assets/ScriptableObject/Items/Arrow_Fire.asset
  importAddress: Guid(0ea42bb1aa329444eb86360130dd871a) Importer(815301076,1909f56bfc062723c751e8b465ee728b)
Start importing Assets/ScriptableObject/Items/Arrow_Fire.asset using Guid(0ea42bb1aa329444eb86360130dd871a) Importer(815301076,1909f56bfc062723c751e8b465ee728b) (PreviewImporter) -> (Import Result ID: 'ee520be2e048979eea1e23df39021a8c') in 0.0339141 seconds [static and dynamic dependencies]. Details - ImportResultOutputID=158a72a262657daa7a4a89e51769cd94 DependenciesID=b68189904e1bc9f5d18164f9bf20a134 StaticDependenciesID=c1dbd4f4dd8882c3300ea11190c2efef 
Number of updated asset objects reloaded before import = 0Number of asset objects unloaded after import = 155

========================================================================
Received Import Request.
  Time since last request: 14.942418 seconds.
  path: Assets/Mesh/3.asset
  importAddress: Guid(21ad4536cfc6d58409110f4f1f409794) Importer(815301076,1909f56bfc062723c751e8b465ee728b)
Start importing Assets/Mesh/3.asset using Guid(21ad4536cfc6d58409110f4f1f409794) Importer(815301076,1909f56bfc062723c751e8b465ee728b) (PreviewImporter) -> (Import Result ID: '674d14eb674028ae98eff80de470f7e5') in 0.308768 seconds [static and dynamic dependencies]. Details - ImportResultOutputID=9804da2cd7d99a0f18fbaf08d1f8b944 DependenciesID=8c73b554396c1ac9cfbc546bd2b36ada StaticDependenciesID=5e133a515d7351df832c1caf22db5c7f 
Number of updated asset objects reloaded before import = 0Number of asset objects unloaded after import = 2

========================================================================
Received Import Request.
  Time since last request: 0.000030 seconds.
  path: Assets/Mesh/Cylinder.asset
  importAddress: Guid(51f77b45c9f296e4ca336a51c8f0e67f) Importer(815301076,1909f56bfc062723c751e8b465ee728b)
Start importing Assets/Mesh/Cylinder.asset using Guid(51f77b45c9f296e4ca336a51c8f0e67f) Importer(815301076,1909f56bfc062723c751e8b465ee728b) (PreviewImporter) -> (Import Result ID: 'f47624e932cd89432dbe12c3f2971c50') in 0.0155105 seconds [static and dynamic dependencies]. Details - ImportResultOutputID=74384f32c06009604d3482caa46ccc7d DependenciesID=68b0840aea19a7dd4a3feef83986d804 StaticDependenciesID=eaec0e8b31c3696aa8cff672d3afa09a 
Number of updated asset objects reloaded before import = 0Number of asset objects unloaded after import = 2

========================================================================
Received Import Request.
  Time since last request: 0.000040 seconds.
  path: Assets/Mesh/Cube.002_0.asset
  importAddress: Guid(2317a24e759a6364281eb63fe5be2774) Importer(815301076,1909f56bfc062723c751e8b465ee728b)
Start importing Assets/Mesh/Cube.002_0.asset using Guid(2317a24e759a6364281eb63fe5be2774) Importer(815301076,1909f56bfc062723c751e8b465ee728b) (PreviewImporter) -> (Import Result ID: '0ad3f8394e64fcb07c9b3f7e8dd8f2f5') in 0.0165802 seconds [static and dynamic dependencies]. Details - ImportResultOutputID=e398b5a237cf2216c811654b71370ee5 DependenciesID=920650f75f440d427a483a4e7e15dc17 StaticDependenciesID=28df84b176bb2678bf27e2a111aa6956 
Number of updated asset objects reloaded before import = 0Number of asset objects unloaded after import = 2

========================================================================
Received Import Request.
  Time since last request: 0.000035 seconds.
  path: Assets/Mesh/Cube_47.asset
  importAddress: Guid(bfb4fc54c96b9bb449ed12d99c7db690) Importer(815301076,1909f56bfc062723c751e8b465ee728b)
Start importing Assets/Mesh/Cube_47.asset using Guid(bfb4fc54c96b9bb449ed12d99c7db690) Importer(815301076,1909f56bfc062723c751e8b465ee728b) (PreviewImporter) -> (Import Result ID: '3ca25c6cf231ca6d364cd6f097beb0c5') in 0.0154219 seconds [static and dynamic dependencies]. Details - ImportResultOutputID=6c227c0c6bb5b5b6497950d78d8d739b DependenciesID=24659f31bd9f487e44f2d09b4e9000d1 StaticDependenciesID=cf5a9ff4e92359e293d26930c6a22f8e 
Number of updated asset objects reloaded before import = 0Number of asset objects unloaded after import = 2

========================================================================
Received Import Request.
  Time since last request: 0.000024 seconds.
  path: Assets/Mesh/Cube_26.asset
  importAddress: Guid(3c0275539916b4048a40d3a9b58b20c0) Importer(815301076,1909f56bfc062723c751e8b465ee728b)
Start importing Assets/Mesh/Cube_26.asset using Guid(3c0275539916b4048a40d3a9b58b20c0) Importer(815301076,1909f56bfc062723c751e8b465ee728b) (PreviewImporter) -> (Import Result ID: '5071a53234e63e43a2b57a007d42fe48') in 0.0157799 seconds [static and dynamic dependencies]. Details - ImportResultOutputID=6cba04ac2856d5648f07fe83402a306e DependenciesID=da8cd8d8fc888c4d735dd6ba56801dde StaticDependenciesID=2f33b6e18613132df2b2b2a22d79a402 
Number of updated asset objects reloaded before import = 0Number of asset objects unloaded after import = 2

========================================================================
Received Import Request.
  Time since last request: 0.000025 seconds.
  path: Assets/Mesh/Cube_42.asset
  importAddress: Guid(913ff032f401dc04296028d9f74ec832) Importer(815301076,1909f56bfc062723c751e8b465ee728b)
Start importing Assets/Mesh/Cube_42.asset using Guid(913ff032f401dc04296028d9f74ec832) Importer(815301076,1909f56bfc062723c751e8b465ee728b) (PreviewImporter) -> (Import Result ID: '02ba4f7f4f8184d19b14ea82ba28e7ca') in 0.0153886 seconds [static and dynamic dependencies]. Details - ImportResultOutputID=56dd777391184477c349d9d6fbd5de15 DependenciesID=1b0672546beae59d7fffa04f6c500133 StaticDependenciesID=02387f6602dbb952ef45a56b1ed6a0d3 
Number of updated asset objects reloaded before import = 0Number of asset objects unloaded after import = 2

========================================================================
Received Import Request.
  Time since last request: 0.000028 seconds.
  path: Assets/Mesh/Cube.001_1.asset
  importAddress: Guid(5de12ceb8237857439f6c4a9ac543625) Importer(815301076,1909f56bfc062723c751e8b465ee728b)
Start importing Assets/Mesh/Cube.001_1.asset using Guid(5de12ceb8237857439f6c4a9ac543625) Importer(815301076,1909f56bfc062723c751e8b465ee728b) (PreviewImporter) -> (Import Result ID: '021b62ff892ed885ba3a0d2002f2a207') in 0.0153505 seconds [static and dynamic dependencies]. Details - ImportResultOutputID=599883784e2a0ce1da4e5ee9353bb253 DependenciesID=4159d5f56bbe4f800cca9c57474185bc StaticDependenciesID=670ba8f9cb0ffc2a2c95565871d8ed8c 
Number of updated asset objects reloaded before import = 0Number of asset objects unloaded after import = 2

========================================================================
Received Import Request.
  Time since last request: 0.000029 seconds.
  path: Assets/Mesh/BrokenPlanks.asset
  importAddress: Guid(3a6302d7294816447b6de44a0877a446) Importer(815301076,1909f56bfc062723c751e8b465ee728b)
Start importing Assets/Mesh/BrokenPlanks.asset using Guid(3a6302d7294816447b6de44a0877a446) Importer(815301076,1909f56bfc062723c751e8b465ee728b) (PreviewImporter) -> (Import Result ID: '9878f53be9ed896ac5d0aef51e9dbf8c') in 0.0156345 seconds [static and dynamic dependencies]. Details - ImportResultOutputID=a4e7de5f77e480bf7763101dda89bbc3 DependenciesID=70d69fd64e2b287b9410489692dc95f4 StaticDependenciesID=4c2511a98106c6d4e4a7166d514df1c5 
Number of updated asset objects reloaded before import = 0Number of asset objects unloaded after import = 2

========================================================================
Received Import Request.
  Time since last request: 0.000023 seconds.
  path: Assets/Mesh/Cylinder.001.asset
  importAddress: Guid(0f27fa45b58a1594c8611777f00d2104) Importer(815301076,1909f56bfc062723c751e8b465ee728b)
Start importing Assets/Mesh/Cylinder.001.asset using Guid(0f27fa45b58a1594c8611777f00d2104) Importer(815301076,1909f56bfc062723c751e8b465ee728b) (PreviewImporter) -> (Import Result ID: 'fbe23f70bd8bb8aa19668931ce38d473') in 0.0188953 seconds [static and dynamic dependencies]. Details - ImportResultOutputID=3db4e68e69a724d8e768b7a4327e52bd DependenciesID=c4976d761831a7dadefc6fb7f8d9969b StaticDependenciesID=b4cabde4fcabce64004ac7230420ecf1 
Number of updated asset objects reloaded before import = 0Number of asset objects unloaded after import = 2

========================================================================
Received Import Request.
  Time since last request: 0.000017 seconds.
  path: Assets/Mesh/Cube_41.asset
  importAddress: Guid(b81da1ba279a9a24b9cc846a8bd5b1ec) Importer(815301076,1909f56bfc062723c751e8b465ee728b)
Start importing Assets/Mesh/Cube_41.asset using Guid(b81da1ba279a9a24b9cc846a8bd5b1ec) Importer(815301076,1909f56bfc062723c751e8b465ee728b) (PreviewImporter) -> (Import Result ID: 'c4afb4e933b08146f9e1176bfe68a23b') in 0.0163379 seconds [static and dynamic dependencies]. Details - ImportResultOutputID=f2c9e5b8f815d5007bb7847210db7893 DependenciesID=36059108c17282c2df790888df414650 StaticDependenciesID=32c1dd5f541a71c275f835a1f7250a38 
Number of updated asset objects reloaded before import = 0Number of asset objects unloaded after import = 2

========================================================================
Received Import Request.
  Time since last request: 0.000022 seconds.
  path: Assets/Mesh/Cube_3.asset
  importAddress: Guid(e65eeaa9106937c438ec272d1546e94f) Importer(815301076,1909f56bfc062723c751e8b465ee728b)
Start importing Assets/Mesh/Cube_3.asset using Guid(e65eeaa9106937c438ec272d1546e94f) Importer(815301076,1909f56bfc062723c751e8b465ee728b) (PreviewImporter) -> (Import Result ID: 'fe7a85c7a9f0cb6905747362a736df46') in 0.0154333 seconds [static and dynamic dependencies]. Details - ImportResultOutputID=661942a6f30239d4245ecd1016ae63fb DependenciesID=9dd67acbcb8d3d0a824f8eb29e873ada StaticDependenciesID=7b398f4a20495f011a2d054be6176250 
Number of updated asset objects reloaded before import = 0Number of asset objects unloaded after import = 2

========================================================================
Received Import Request.
  Time since last request: 0.000025 seconds.
  path: Assets/Mesh/Cube.001_7.asset
  importAddress: Guid(f13d89cb7557c75429f68b31aea201c9) Importer(815301076,1909f56bfc062723c751e8b465ee728b)
Start importing Assets/Mesh/Cube.001_7.asset using Guid(f13d89cb7557c75429f68b31aea201c9) Importer(815301076,1909f56bfc062723c751e8b465ee728b) (PreviewImporter) -> (Import Result ID: '9701702a384d4c0230c299f54fd9049d') in 0.0159493 seconds [static and dynamic dependencies]. Details - ImportResultOutputID=2b46b02e0108a25b29e4ffb98078e24c DependenciesID=0991b41064150ee07bdc4233c1b4fd02 StaticDependenciesID=36114c35f632552a8d2a37ea8a255218 
Number of updated asset objects reloaded before import = 0Number of asset objects unloaded after import = 2

========================================================================
Received Import Request.
  Time since last request: 0.000025 seconds.
  path: Assets/Mesh/Cylinder_7.asset
  importAddress: Guid(36047bd9c83698b4c8bb6b53e0e35f7b) Importer(815301076,1909f56bfc062723c751e8b465ee728b)
Start importing Assets/Mesh/Cylinder_7.asset using Guid(36047bd9c83698b4c8bb6b53e0e35f7b) Importer(815301076,1909f56bfc062723c751e8b465ee728b) (PreviewImporter) -> (Import Result ID: '4b02d7e1642e3881c3c64ca866ee7cba') in 0.0169247 seconds [static and dynamic dependencies]. Details - ImportResultOutputID=c9abbf02292eb0e1390446fe66f743e1 DependenciesID=5fc62acd218dbdf59d62c2ad03d632eb StaticDependenciesID=203687260f85c715d74f8383282dc2a3 
Number of updated asset objects reloaded before import = 0Number of asset objects unloaded after import = 2

========================================================================
Received Import Request.
  Time since last request: 0.000025 seconds.
  path: Assets/Mesh/Cube.003_1.asset
  importAddress: Guid(102baf429174b054686c25acd4045f81) Importer(815301076,1909f56bfc062723c751e8b465ee728b)
Start importing Assets/Mesh/Cube.003_1.asset using Guid(102baf429174b054686c25acd4045f81) Importer(815301076,1909f56bfc062723c751e8b465ee728b) (PreviewImporter) -> (Import Result ID: 'fd4ba183a0a47df384611970caefcf0b') in 0.0169588 seconds [static and dynamic dependencies]. Details - ImportResultOutputID=024d2eaff1d07ddb5e878935b8fd8538 DependenciesID=f8d2b83de7cc71c279830642ea478496 StaticDependenciesID=9da310cb2145d7711f10c7f497da9f7a 
Number of updated asset objects reloaded before import = 0Number of asset objects unloaded after import = 2

========================================================================
Received Import Request.
  Time since last request: 0.000032 seconds.
  path: Assets/Mesh/Cube.asset
  importAddress: Guid(91035a71321e7ba4f8f82b27b74db596) Importer(815301076,1909f56bfc062723c751e8b465ee728b)
Start importing Assets/Mesh/Cube.asset using Guid(91035a71321e7ba4f8f82b27b74db596) Importer(815301076,1909f56bfc062723c751e8b465ee728b) (PreviewImporter) -> (Import Result ID: '2a661cce539abd5aab369f49db6ae953') in 0.0159418 seconds [static and dynamic dependencies]. Details - ImportResultOutputID=ed2c0a1b81594fc088b27daf5bfdafff DependenciesID=0227bff75d0eced13604ebdd049c6c6a StaticDependenciesID=40f4427e13a78ff53dbc24f5421556f6 
Number of updated asset objects reloaded before import = 0Number of asset objects unloaded after import = 2

========================================================================
Received Import Request.
  Time since last request: 0.000031 seconds.
  path: Assets/Mesh/Cube_18.asset
  importAddress: Guid(529a41cf96cb9bf44aeb05c0472aa5bd) Importer(815301076,1909f56bfc062723c751e8b465ee728b)
Start importing Assets/Mesh/Cube_18.asset using Guid(529a41cf96cb9bf44aeb05c0472aa5bd) Importer(815301076,1909f56bfc062723c751e8b465ee728b) (PreviewImporter) -> (Import Result ID: '660c6f229e267aed55db3b6e25d0ed28') in 0.0165007 seconds [static and dynamic dependencies]. Details - ImportResultOutputID=8ad825a2ae814a24a242b4c880375e9f DependenciesID=c649370fb4492ae6509ab490feb2680b StaticDependenciesID=501eba69859ea68324e0cde6c479edc4 
Number of updated asset objects reloaded before import = 0Number of asset objects unloaded after import = 2

========================================================================
Received Import Request.
  Time since last request: 0.000022 seconds.
  path: Assets/Mesh/Cube_37.asset
  importAddress: Guid(9fd6aa265d3138a489f83a0c93bac649) Importer(815301076,1909f56bfc062723c751e8b465ee728b)
Start importing Assets/Mesh/Cube_37.asset using Guid(9fd6aa265d3138a489f83a0c93bac649) Importer(815301076,1909f56bfc062723c751e8b465ee728b) (PreviewImporter) -> (Import Result ID: 'c96a5ddfe7726e18be47aaac2af6975a') in 0.013509 seconds [static and dynamic dependencies]. Details - ImportResultOutputID=4d1b99a5bd7ecd3f4d6458f1553c7982 DependenciesID=d4ffc0f0a63dd79fcae86df4b112c31f StaticDependenciesID=71ada00eeb604e4495e60f1659b2498e 
Number of updated asset objects reloaded before import = 0Number of asset objects unloaded after import = 2

========================================================================
Received Import Request.
  Time since last request: 0.000020 seconds.
  path: Assets/Mesh/Cube_9.asset
  importAddress: Guid(1540284ee6424224581cafa7c83c7e36) Importer(815301076,1909f56bfc062723c751e8b465ee728b)
Start importing Assets/Mesh/Cube_9.asset using Guid(1540284ee6424224581cafa7c83c7e36) Importer(815301076,1909f56bfc062723c751e8b465ee728b) (PreviewImporter) -> (Import Result ID: '10a00de80d04afc37bcaaeb1386c8d08') in 0.0155677 seconds [static and dynamic dependencies]. Details - ImportResultOutputID=a082f4fe5e87c48a418615ec8c0b363f DependenciesID=d76e32418650ec55d1b695d805dd014b StaticDependenciesID=5d94965b163c81ebf22b330fb919e0bf 
Number of updated asset objects reloaded before import = 0Number of asset objects unloaded after import = 2

========================================================================
Received Import Request.
  Time since last request: 0.000024 seconds.
  path: Assets/Mesh/Cube.001_11.asset
  importAddress: Guid(6af12b2e02accc34daebb079d965d645) Importer(815301076,1909f56bfc062723c751e8b465ee728b)
Start importing Assets/Mesh/Cube.001_11.asset using Guid(6af12b2e02accc34daebb079d965d645) Importer(815301076,1909f56bfc062723c751e8b465ee728b) (PreviewImporter) -> (Import Result ID: '8a2f4a4a9e43358fa68f9a21a57e995b') in 0.0149809 seconds [static and dynamic dependencies]. Details - ImportResultOutputID=8462dadb21a4436e526c2cd03b3c8e66 DependenciesID=021a4ee40e977b5d2978c48b256fe689 StaticDependenciesID=6bb357661f335f6239e5972b6bfc63d2 
Number of updated asset objects reloaded before import = 0Number of asset objects unloaded after import = 2

========================================================================
Received Import Request.
  Time since last request: 15.050581 seconds.
  path: Assets/Material/IronBar.mat
  importAddress: Guid(6fdb0265db07f254aad2e9e6c2d4f5bb) Importer(815301076,1909f56bfc062723c751e8b465ee728b)
Start importing Assets/Material/IronBar.mat using Guid(6fdb0265db07f254aad2e9e6c2d4f5bb) Importer(815301076,1909f56bfc062723c751e8b465ee728b) (PreviewImporter) -> (Import Result ID: '9b56d7780587fdb6ebd021ceb29757c6') in 0.4819711 seconds [static and dynamic dependencies]. Details - ImportResultOutputID=b9be159ad8251a685fcd7dfb622e69cb DependenciesID=f26120ed887a133e811f2b3fb7b563f0 StaticDependenciesID=cc8973580f089abd697027fca51f0ae2 
Number of updated asset objects reloaded before import = 0Number of asset objects unloaded after import = 3

========================================================================
Received Import Request.
  Time since last request: 0.000034 seconds.
  path: Assets/Material/StoneGolem_0.mat
  importAddress: Guid(01e3a1fdf938b3e46a610ad627e4e431) Importer(815301076,1909f56bfc062723c751e8b465ee728b)
Start importing Assets/Material/StoneGolem_0.mat using Guid(01e3a1fdf938b3e46a610ad627e4e431) Importer(815301076,1909f56bfc062723c751e8b465ee728b) (PreviewImporter) -> (Import Result ID: 'e99f532ff77147793ab35989c7ec5d3c') in 0.4738767 seconds [static and dynamic dependencies]. Details - ImportResultOutputID=5592eae0aaa6c9144dfd705e4c0644fb DependenciesID=69283cc99cc1e8a3974493e708b6bb11 StaticDependenciesID=8894b7ac16c385b5e9e8145d7d6e0194 
Number of updated asset objects reloaded before import = 0Number of asset objects unloaded after import = 5

========================================================================
Received Import Request.
  Time since last request: 0.000096 seconds.
  path: Assets/Material/Shoes.mat
  importAddress: Guid(525b082752e3b3048a488d61fcbb9960) Importer(815301076,1909f56bfc062723c751e8b465ee728b)
Start importing Assets/Material/Shoes.mat using Guid(525b082752e3b3048a488d61fcbb9960) Importer(815301076,1909f56bfc062723c751e8b465ee728b) (PreviewImporter) -> (Import Result ID: '1d38ed1ac15bcc6f60355f785a5dc1a8') in 0.0177674 seconds [static and dynamic dependencies]. Details - ImportResultOutputID=46f30b616722b06cf6c11c58d8554781 DependenciesID=5d6199f8c83cfa781c27c28b662c9bb0 StaticDependenciesID=290463c561cba00bd617b4cda73731b6 
Number of updated asset objects reloaded before import = 0Number of asset objects unloaded after import = 1

========================================================================
Received Import Request.
  Time since last request: 0.000027 seconds.
  path: Assets/Material/No Name_0.mat
  importAddress: Guid(72cb55b2706cf324dbe43f2b6af656bc) Importer(815301076,1909f56bfc062723c751e8b465ee728b)
Start importing Assets/Material/No Name_0.mat using Guid(72cb55b2706cf324dbe43f2b6af656bc) Importer(815301076,1909f56bfc062723c751e8b465ee728b) (PreviewImporter) -> (Import Result ID: '828a34b0050dc46c3a8b43c78dc05bf3') in 0.021193 seconds [static and dynamic dependencies]. Details - ImportResultOutputID=f344cc18937e7bc02a225125ef75c0cc DependenciesID=d345d43aef246409e946319b8017f4fa StaticDependenciesID=3ff81163ae387364a90b9c1d974c40ce 
Number of updated asset objects reloaded before import = 0Number of asset objects unloaded after import = 1

========================================================================
Received Import Request.
  Time since last request: 0.000023 seconds.
  path: Assets/Material/ShroomOrange.mat
  importAddress: Guid(6893b4f774d213d4298e01ac20396aca) Importer(815301076,1909f56bfc062723c751e8b465ee728b)
Start importing Assets/Material/ShroomOrange.mat using Guid(6893b4f774d213d4298e01ac20396aca) Importer(815301076,1909f56bfc062723c751e8b465ee728b) (PreviewImporter) -> (Import Result ID: '22a8c66fb76ec126f7b703178aefeb98') in 0.0310248 seconds [static and dynamic dependencies]. Details - ImportResultOutputID=dda99a477c7c6575ee4e3cbba6b4521e DependenciesID=38bb3478cc21577367d1a399890bec5c StaticDependenciesID=8bf8e87c545a2faffa445e6c0ec22d3c 
Number of updated asset objects reloaded before import = 0Number of asset objects unloaded after import = 2

========================================================================
Received Import Request.
  Time since last request: 0.000028 seconds.
  path: Assets/Material/Rock.mat
  importAddress: Guid(4a2d8a16a7e7e7b488cf94789997e63d) Importer(815301076,1909f56bfc062723c751e8b465ee728b)
Start importing Assets/Material/Rock.mat using Guid(4a2d8a16a7e7e7b488cf94789997e63d) Importer(815301076,1909f56bfc062723c751e8b465ee728b) (PreviewImporter) -> (Import Result ID: 'edcf43f4f92240656c032a368aa395a1') in 0.0266502 seconds [static and dynamic dependencies]. Details - ImportResultOutputID=de9c4438786440c754626f30922ba67e DependenciesID=cd7dbcbb18a489f6396e9fd25f157499 StaticDependenciesID=f283e2995800b6fff4fa024562190f53 
Number of updated asset objects reloaded before import = 0Number of asset objects unloaded after import = 2

========================================================================
Received Import Request.
  Time since last request: 0.000030 seconds.
  path: Assets/Material/TriggerFirstPerson.mat
  importAddress: Guid(f7fbda168ba5aae4abbd3b6c4b78713f) Importer(815301076,1909f56bfc062723c751e8b465ee728b)
Start importing Assets/Material/TriggerFirstPerson.mat using Guid(f7fbda168ba5aae4abbd3b6c4b78713f) Importer(815301076,1909f56bfc062723c751e8b465ee728b) (PreviewImporter) -> (Import Result ID: '78a3a176badf61b22dd05920665e7536') in 0.3310824 seconds [static and dynamic dependencies]. Details - ImportResultOutputID=e5cc5dc89d8b122a4270a9f93061c422 DependenciesID=f5d70e4b1e0cdb31ff68bc591ce315ff StaticDependenciesID=1bae1b851fdbad8f34ed949b120ad32d 
Number of updated asset objects reloaded before import = 0Number of asset objects unloaded after import = 2

========================================================================
Received Import Request.
  Time since last request: 0.000036 seconds.
  path: Assets/Material/Ore_Chunkium.mat
  importAddress: Guid(1b8f8efeb0e351a4b93544518b26e1a7) Importer(815301076,1909f56bfc062723c751e8b465ee728b)
Start importing Assets/Material/Ore_Chunkium.mat using Guid(1b8f8efeb0e351a4b93544518b26e1a7) Importer(815301076,1909f56bfc062723c751e8b465ee728b) (PreviewImporter) -> (Import Result ID: '373552940c45ecb6ca53b9aa24adbbc0') in 0.0488344 seconds [static and dynamic dependencies]. Details - ImportResultOutputID=31c652b24746c84ab726ff4d8f97ee72 DependenciesID=f222167984822e469c661327528777b4 StaticDependenciesID=908e51fdfd55759705798d73510cedd0 
Number of updated asset objects reloaded before import = 0Number of asset objects unloaded after import = 5

========================================================================
Received Import Request.
  Time since last request: 0.000049 seconds.
  path: Assets/Material/WoodHitFx.mat
  importAddress: Guid(c57d08fc8f7110d47ace2c7dca413c01) Importer(815301076,1909f56bfc062723c751e8b465ee728b)
Start importing Assets/Material/WoodHitFx.mat using Guid(c57d08fc8f7110d47ace2c7dca413c01) Importer(815301076,1909f56bfc062723c751e8b465ee728b) (PreviewImporter) -> (Import Result ID: 'bffc9c24e1a604bc3f64e86fd83ec523') in 0.0290574 seconds [static and dynamic dependencies]. Details - ImportResultOutputID=6edab98aefa7dfe1878cc040cfccf7e9 DependenciesID=7949890be92b7ec5b393b5c28b46863b StaticDependenciesID=e33b342daf971ea5129ed805d31d6ead 
Number of updated asset objects reloaded before import = 0Number of asset objects unloaded after import = 2

========================================================================
Received Import Request.
  Time since last request: 0.000032 seconds.
  path: Assets/Material/Oak.mat
  importAddress: Guid(065c222bb2aa9164eb805021ce5cba1e) Importer(815301076,1909f56bfc062723c751e8b465ee728b)
Start importing Assets/Material/Oak.mat using Guid(065c222bb2aa9164eb805021ce5cba1e) Importer(815301076,1909f56bfc062723c751e8b465ee728b) (PreviewImporter) -> (Import Result ID: '3217734cf398ad242aaedbaa5f111f87') in 0.3669128 seconds [static and dynamic dependencies]. Details - ImportResultOutputID=8dccd6a9f04afbd5025f76068af1c2b6 DependenciesID=70232dad3cc933a80f1cec48a3c329e5 StaticDependenciesID=f125c00e74c81c14305e12e3dde730c5 
Number of updated asset objects reloaded before import = 0Number of asset objects unloaded after import = 2

========================================================================
Received Import Request.
  Time since last request: 0.000040 seconds.
  path: Assets/Material/Sail.mat
  importAddress: Guid(5f9375d9e8a08ff488d04a3ea934071a) Importer(815301076,1909f56bfc062723c751e8b465ee728b)
Start importing Assets/Material/Sail.mat using Guid(5f9375d9e8a08ff488d04a3ea934071a) Importer(815301076,1909f56bfc062723c751e8b465ee728b) (PreviewImporter) -> (Import Result ID: '305158fe6bc07afb31dfca0b0c922237') in 0.0168141 seconds [static and dynamic dependencies]. Details - ImportResultOutputID=37a5b70700a7d56f9b492fc5f1192709 DependenciesID=23485f11af2fccb48f512bd4d9334bf5 StaticDependenciesID=7567dade0bd347c9a99b0f27ed78b4cb 
Number of updated asset objects reloaded before import = 0Number of asset objects unloaded after import = 2

========================================================================
Received Import Request.
  Time since last request: 0.000094 seconds.
  path: Assets/Material/Ore_iron.mat
  importAddress: Guid(151f3cd322b5cba4a927e8cabfbcc2f8) Importer(815301076,1909f56bfc062723c751e8b465ee728b)
Start importing Assets/Material/Ore_iron.mat using Guid(151f3cd322b5cba4a927e8cabfbcc2f8) Importer(815301076,1909f56bfc062723c751e8b465ee728b) (PreviewImporter) -> (Import Result ID: 'ae7157018a56e01189713236243e2230') in 0.0393788 seconds [static and dynamic dependencies]. Details - ImportResultOutputID=f23fdeafd93c583fab5ebcb8c8beccab DependenciesID=ca0a9db292849ab7d39080285bfce1cf StaticDependenciesID=a548f2cc51fc523767c88693c2db01f8 
Number of updated asset objects reloaded before import = 0Number of asset objects unloaded after import = 5

========================================================================
Received Import Request.
  Time since last request: 0.000029 seconds.
  path: Assets/Material/Wheat.mat
  importAddress: Guid(b84a76fe7d2f92549aef62f8989b9d30) Importer(815301076,1909f56bfc062723c751e8b465ee728b)
Start importing Assets/Material/Wheat.mat using Guid(b84a76fe7d2f92549aef62f8989b9d30) Importer(815301076,1909f56bfc062723c751e8b465ee728b) (PreviewImporter) -> (Import Result ID: 'e02f623d4136525cb39b5ac1f1638234') in 0.2538912 seconds [static and dynamic dependencies]. Details - ImportResultOutputID=35e0978d0360eb65c90af82db87cf200 DependenciesID=969c9f780daae900561a8b2593d6334b StaticDependenciesID=29711cb2390f4416a0bee7db52ed9134 
Number of updated asset objects reloaded before import = 0Number of asset objects unloaded after import = 2

========================================================================
Received Import Request.
  Time since last request: 5.835326 seconds.
  path: Assets/Material/WyvernDagger.mat
  importAddress: Guid(9138dffc2e6e7e244964228bc7e37e91) Importer(815301076,1909f56bfc062723c751e8b465ee728b)
Start importing Assets/Material/WyvernDagger.mat using Guid(9138dffc2e6e7e244964228bc7e37e91) Importer(815301076,1909f56bfc062723c751e8b465ee728b) (PreviewImporter) -> (Import Result ID: 'd3c7f55422e05881ab91cec92a6c87d6') in 0.0200365 seconds [static and dynamic dependencies]. Details - ImportResultOutputID=4a9c120034837bf42f5d5262b744ca7e DependenciesID=7b4e1396ea72f9982f5a6cd8bacda2bc StaticDependenciesID=5cd11295a648a253106b037592ae5493 
Number of updated asset objects reloaded before import = 0Number of asset objects unloaded after import = 2

========================================================================
Received Import Request.
  Time since last request: 31.245127 seconds.
  path: Assets/PolygonFantasyKingdom/Models/SM_Bld_Castle_Roof_Cap_Round_04.fbx
  importAddress: Guid(8931ea6f7b7e682499ef130148baa2f2) Importer(815301076,1909f56bfc062723c751e8b465ee728b)
Start importing Assets/PolygonFantasyKingdom/Models/SM_Bld_Castle_Roof_Cap_Round_04.fbx using Guid(8931ea6f7b7e682499ef130148baa2f2) Importer(815301076,1909f56bfc062723c751e8b465ee728b) (PreviewImporter) -> (Import Result ID: '8a717f9603456e1608a425748d761d8b') in 0.1487572 seconds [static and dynamic dependencies]. Details - ImportResultOutputID=755a5de7945ec84b299173cd7a206b15 DependenciesID=d5a21ae04b5dbee6835580fd44eb8ce9 StaticDependenciesID=224f36d49a6332fb939ea2e9bdd3d2f3 
Number of updated asset objects reloaded before import = 0Number of asset objects unloaded after import = 7

========================================================================
Received Import Request.
  Time since last request: 0.000029 seconds.
  path: Assets/PolygonFantasyKingdom/Models/SM_Bld_Castle_Roof_Cap_Round_10.fbx
  importAddress: Guid(8b3fb705d430f5144a3219ba27dd821b) Importer(815301076,1909f56bfc062723c751e8b465ee728b)
Start importing Assets/PolygonFantasyKingdom/Models/SM_Bld_Castle_Roof_Cap_Round_10.fbx using Guid(8b3fb705d430f5144a3219ba27dd821b) Importer(815301076,1909f56bfc062723c751e8b465ee728b) (PreviewImporter) -> (Import Result ID: '8c832f735240d9ce3496ce2244a7f8d7') in 0.0214123 seconds [static and dynamic dependencies]. Details - ImportResultOutputID=33cb7d31b08de0171f2a5f7da6dcda6a DependenciesID=9b9e986aad681d668d3133becf371182 StaticDependenciesID=d2365b58a534a92d80dc2df2e53af882 
Number of updated asset objects reloaded before import = 0Number of asset objects unloaded after import = 7

========================================================================
Received Import Request.
  Time since last request: 0.000037 seconds.
  path: Assets/PolygonFantasyKingdom/Models/SM_Bld_Castle_Roof_L_Edge_Corner_01.fbx
  importAddress: Guid(8ebe35ca0cd2cbe4e95a33fc4d63349c) Importer(815301076,1909f56bfc062723c751e8b465ee728b)
Start importing Assets/PolygonFantasyKingdom/Models/SM_Bld_Castle_Roof_L_Edge_Corner_01.fbx using Guid(8ebe35ca0cd2cbe4e95a33fc4d63349c) Importer(815301076,1909f56bfc062723c751e8b465ee728b) (PreviewImporter) -> (Import Result ID: '44df00f9d641c5e8d3fe4605058aced8') in 0.0245454 seconds [static and dynamic dependencies]. Details - ImportResultOutputID=d63b6328990158a5c48de60eb42e1254 DependenciesID=6d12130d2413db62dabf72d81f6b2bd9 StaticDependenciesID=7a2d15c753992050d4c04577c23b64b4 
Number of updated asset objects reloaded before import = 0Number of asset objects unloaded after import = 7

========================================================================
Received Import Request.
  Time since last request: 0.000029 seconds.
  path: Assets/PolygonFantasyKingdom/Models/SM_Bld_Castle_Roof_Cap_Round_09.fbx
  importAddress: Guid(a3f1e3d16ebbd6848866c15036c1148b) Importer(815301076,1909f56bfc062723c751e8b465ee728b)
Start importing Assets/PolygonFantasyKingdom/Models/SM_Bld_Castle_Roof_Cap_Round_09.fbx using Guid(a3f1e3d16ebbd6848866c15036c1148b) Importer(815301076,1909f56bfc062723c751e8b465ee728b) (PreviewImporter) -> (Import Result ID: '359b6e0e6397b12ebee7de2ea8edcc55') in 0.0238395 seconds [static and dynamic dependencies]. Details - ImportResultOutputID=67e7fc3381fecf703aaedb0683dbdfc2 DependenciesID=e0557abc42595573ab9b4f4cc7cc3010 StaticDependenciesID=15e04fde89264b904171a65c8daa9276 
Number of updated asset objects reloaded before import = 0Number of asset objects unloaded after import = 7

========================================================================
Received Import Request.
  Time since last request: 0.000028 seconds.
  path: Assets/PolygonFantasyKingdom/Models/SM_Bld_Castle_Roof_Cap_Square_09.fbx
  importAddress: Guid(e3ba7871e0e02ab40afc6e84912f9538) Importer(815301076,1909f56bfc062723c751e8b465ee728b)
Start importing Assets/PolygonFantasyKingdom/Models/SM_Bld_Castle_Roof_Cap_Square_09.fbx using Guid(e3ba7871e0e02ab40afc6e84912f9538) Importer(815301076,1909f56bfc062723c751e8b465ee728b) (PreviewImporter) -> (Import Result ID: 'b74f6e29680d58c3bf81e96e0e3d5885') in 0.0227486 seconds [static and dynamic dependencies]. Details - ImportResultOutputID=09de9d17c7673dacd6fecdb3419aee1f DependenciesID=9e9446decf86d7c2bde0fe108b44e310 StaticDependenciesID=fb986f5a9cf953afa42f552358bc0224 
Number of updated asset objects reloaded before import = 0Number of asset objects unloaded after import = 7

========================================================================
Received Import Request.
  Time since last request: 0.000023 seconds.
  path: Assets/PolygonFantasyKingdom/Models/SM_Bld_Castle_Wall_Archway_02.fbx
  importAddress: Guid(caed973fabded394c8224e9869f4b02d) Importer(815301076,1909f56bfc062723c751e8b465ee728b)
Start importing Assets/PolygonFantasyKingdom/Models/SM_Bld_Castle_Wall_Archway_02.fbx using Guid(caed973fabded394c8224e9869f4b02d) Importer(815301076,1909f56bfc062723c751e8b465ee728b) (PreviewImporter) -> (Import Result ID: '6e678ee414b8184571f1ff7673fd2bd2') in 0.0253348 seconds [static and dynamic dependencies]. Details - ImportResultOutputID=2bf834d054b40ec5aadcf6d4fd924426 DependenciesID=64a29605265710d60bc1c876823c2779 StaticDependenciesID=5fce6237904e2c7034e7896a225d2f60 
Number of updated asset objects reloaded before import = 0Number of asset objects unloaded after import = 7

========================================================================
Received Import Request.
  Time since last request: 0.000021 seconds.
  path: Assets/PolygonFantasyKingdom/Models/SM_Bld_Castle_Roof_M_Corner_Sharp_01.fbx
  importAddress: Guid(b11750f927d94d34f8f3a2f566f4002a) Importer(815301076,1909f56bfc062723c751e8b465ee728b)
Start importing Assets/PolygonFantasyKingdom/Models/SM_Bld_Castle_Roof_M_Corner_Sharp_01.fbx using Guid(b11750f927d94d34f8f3a2f566f4002a) Importer(815301076,1909f56bfc062723c751e8b465ee728b) (PreviewImporter) -> (Import Result ID: 'dd08f3220c8d53d539b1095f0f061e45') in 0.0210557 seconds [static and dynamic dependencies]. Details - ImportResultOutputID=65eda8f36c02736af912e6372da85a66 DependenciesID=69e8df4b4bfe3cd9f4b5f2b0fbee1894 StaticDependenciesID=18104d419a15e7925b40c5d8e21b24b4 
Number of updated asset objects reloaded before import = 0Number of asset objects unloaded after import = 7

========================================================================
Received Import Request.
  Time since last request: 0.000025 seconds.
  path: Assets/PolygonFantasyKingdom/Models/SM_Bld_Castle_Roof_M_Corner_01.fbx
  importAddress: Guid(828813f341d12a2439a160195f55d0f3) Importer(815301076,1909f56bfc062723c751e8b465ee728b)
Start importing Assets/PolygonFantasyKingdom/Models/SM_Bld_Castle_Roof_M_Corner_01.fbx using Guid(828813f341d12a2439a160195f55d0f3) Importer(815301076,1909f56bfc062723c751e8b465ee728b) (PreviewImporter) -> (Import Result ID: 'bb466daf0ccbccbbcbd34fdaf95a6a78') in 0.0227866 seconds [static and dynamic dependencies]. Details - ImportResultOutputID=8842023b2c017a624bbcf4e62f7ffcdb DependenciesID=bb213029d0c5851d06724486c45e084d StaticDependenciesID=947dacb943155d93db23d929bada69aa 
Number of updated asset objects reloaded before import = 0Number of asset objects unloaded after import = 7

========================================================================
Received Import Request.
  Time since last request: 0.000029 seconds.
  path: Assets/PolygonFantasyKingdom/Models/SM_Bld_Castle_Roof_S_Curved_Corner_Inner_01.fbx
  importAddress: Guid(23b3e3fadc2589941b5458efb057a8c6) Importer(815301076,1909f56bfc062723c751e8b465ee728b)
Start importing Assets/PolygonFantasyKingdom/Models/SM_Bld_Castle_Roof_S_Curved_Corner_Inner_01.fbx using Guid(23b3e3fadc2589941b5458efb057a8c6) Importer(815301076,1909f56bfc062723c751e8b465ee728b) (PreviewImporter) -> (Import Result ID: '73b7b6e567a86d7924f624e19f598cc7') in 0.0249977 seconds [static and dynamic dependencies]. Details - ImportResultOutputID=bf28aab25c2d13736ef97e45f3629ae9 DependenciesID=fc362f4679e14afd6a9f597671b487d6 StaticDependenciesID=9f4735e1cd317ab64f019aa3c5a6ca65 
Number of updated asset objects reloaded before import = 0Number of asset objects unloaded after import = 7

========================================================================
Received Import Request.
  Time since last request: 0.000021 seconds.
  path: Assets/PolygonFantasyKingdom/Models/SM_Bld_Castle_Roof_S_01.fbx
  importAddress: Guid(52e9373b3b3a8414abdc29fa3a613c8e) Importer(815301076,1909f56bfc062723c751e8b465ee728b)
Start importing Assets/PolygonFantasyKingdom/Models/SM_Bld_Castle_Roof_S_01.fbx using Guid(52e9373b3b3a8414abdc29fa3a613c8e) Importer(815301076,1909f56bfc062723c751e8b465ee728b) (PreviewImporter) -> (Import Result ID: 'c62dcd34f41ea3d7decae079ea07c33a') in 0.0293127 seconds [static and dynamic dependencies]. Details - ImportResultOutputID=7bdeb13bca29d28260426e1ed1e02724 DependenciesID=4e7905eec837ad624ac9b2859a10aebe StaticDependenciesID=d465c7df587d4a1166e04ba9bff0cc86 
Number of updated asset objects reloaded before import = 0Number of asset objects unloaded after import = 7

========================================================================
Received Import Request.
  Time since last request: 0.000131 seconds.
  path: Assets/PolygonFantasyKingdom/Models/SM_Bld_Castle_Wall_Alcove_01.fbx
  importAddress: Guid(8a8bb3b63ba0e9d4fbc65ce1dffbeac8) Importer(815301076,1909f56bfc062723c751e8b465ee728b)
Start importing Assets/PolygonFantasyKingdom/Models/SM_Bld_Castle_Wall_Alcove_01.fbx using Guid(8a8bb3b63ba0e9d4fbc65ce1dffbeac8) Importer(815301076,1909f56bfc062723c751e8b465ee728b) (PreviewImporter) -> (Import Result ID: '60c6443d435431e11d4ab01d80e9913e') in 0.0239177 seconds [static and dynamic dependencies]. Details - ImportResultOutputID=e61d49575a652e23d7f314ce4bbc483c DependenciesID=04a9c94cc8b326a4db298109d6127d4c StaticDependenciesID=e4a754d323d66743ece11c446f06a8f6 
Number of updated asset objects reloaded before import = 0Number of asset objects unloaded after import = 7

========================================================================
Received Import Request.
  Time since last request: 0.000032 seconds.
  path: Assets/PolygonFantasyKingdom/Models/SM_Bld_Castle_Roof_Cap_Round_07.fbx
  importAddress: Guid(60f026e8ca1c3254c8e0e738ab8552b6) Importer(815301076,1909f56bfc062723c751e8b465ee728b)
Start importing Assets/PolygonFantasyKingdom/Models/SM_Bld_Castle_Roof_Cap_Round_07.fbx using Guid(60f026e8ca1c3254c8e0e738ab8552b6) Importer(815301076,1909f56bfc062723c751e8b465ee728b) (PreviewImporter) -> (Import Result ID: '0e2bd35e902ce338132eac66c5b4130b') in 0.0224076 seconds [static and dynamic dependencies]. Details - ImportResultOutputID=8174f60ab93fe7505fff0038a270c30e DependenciesID=0b6d2aa63fb6f649ab4c395e606cd639 StaticDependenciesID=30351b3fc8ab0d917e28a79d5539d006 
Number of updated asset objects reloaded before import = 0Number of asset objects unloaded after import = 7

========================================================================
Received Import Request.
  Time since last request: 0.000047 seconds.
  path: Assets/PolygonFantasyKingdom/Models/SM_Bld_Castle_Roof_Short_End_Beam_01.fbx
  importAddress: Guid(d21c113a1216867499d85057486cdab9) Importer(815301076,1909f56bfc062723c751e8b465ee728b)
Start importing Assets/PolygonFantasyKingdom/Models/SM_Bld_Castle_Roof_Short_End_Beam_01.fbx using Guid(d21c113a1216867499d85057486cdab9) Importer(815301076,1909f56bfc062723c751e8b465ee728b) (PreviewImporter) -> (Import Result ID: '7024c1b237b533b53e232ba82262ee29') in 0.0286414 seconds [static and dynamic dependencies]. Details - ImportResultOutputID=7ad87746b23ac710a6cab6dd2a57d79c DependenciesID=687f2c076594f1eb5f6430a4e87dfefd StaticDependenciesID=589baf5ac1361fbb1f8a02b8bd110da1 
Number of updated asset objects reloaded before import = 0Number of asset objects unloaded after import = 7

========================================================================
Received Import Request.
  Time since last request: 0.000533 seconds.
  path: Assets/PolygonFantasyKingdom/Models/SM_Bld_Castle_Roof_L_Window_01.fbx
  importAddress: Guid(c25950250f119f341a6d64103c14f98a) Importer(815301076,1909f56bfc062723c751e8b465ee728b)
Start importing Assets/PolygonFantasyKingdom/Models/SM_Bld_Castle_Roof_L_Window_01.fbx using Guid(c25950250f119f341a6d64103c14f98a) Importer(815301076,1909f56bfc062723c751e8b465ee728b) (PreviewImporter) -> (Import Result ID: 'efe0393a67223e59e34851011e23fdd5') in 0.0250783 seconds [static and dynamic dependencies]. Details - ImportResultOutputID=6bf25cd70e77c8d7dc275bdefefdafdc DependenciesID=92168f4162baf796f8fca340ec1b8d32 StaticDependenciesID=483c46ab507d5861879c38e095117d02 
Number of updated asset objects reloaded before import = 0Number of asset objects unloaded after import = 7

========================================================================
Received Import Request.
  Time since last request: 0.000024 seconds.
  path: Assets/PolygonFantasyKingdom/Models/SM_Bld_Castle_Roof_M_Curved_Window_01.fbx
  importAddress: Guid(135d2937da02c0f44ab658568cf749d4) Importer(815301076,1909f56bfc062723c751e8b465ee728b)
Start importing Assets/PolygonFantasyKingdom/Models/SM_Bld_Castle_Roof_M_Curved_Window_01.fbx using Guid(135d2937da02c0f44ab658568cf749d4) Importer(815301076,1909f56bfc062723c751e8b465ee728b) (PreviewImporter) -> (Import Result ID: '21dd5b1e0a36900ce970fcd2378bcc08') in 0.0217521 seconds [static and dynamic dependencies]. Details - ImportResultOutputID=0276f66be2073efec39937b6ff4cc27b DependenciesID=1a12cdfc8e9d9eb607eeebc08507236c StaticDependenciesID=271788991f3d42f4188a390777d7e50a 
Number of updated asset objects reloaded before import = 0Number of asset objects unloaded after import = 7

========================================================================
Received Import Request.
  Time since last request: 0.000026 seconds.
  path: Assets/PolygonFantasyKingdom/Models/SM_Bld_Castle_Roof_M_Window_01.fbx
  importAddress: Guid(3532cd38f4234f64394a3ddb7b306755) Importer(815301076,1909f56bfc062723c751e8b465ee728b)
Start importing Assets/PolygonFantasyKingdom/Models/SM_Bld_Castle_Roof_M_Window_01.fbx using Guid(3532cd38f4234f64394a3ddb7b306755) Importer(815301076,1909f56bfc062723c751e8b465ee728b) (PreviewImporter) -> (Import Result ID: '71fccd621bcfc0c057d032fee0d6e7d0') in 0.0201382 seconds [static and dynamic dependencies]. Details - ImportResultOutputID=dee1a2ea131e3769ce31e877bfebbda9 DependenciesID=e1fe6a148b278f5d2d172d00cc652ff7 StaticDependenciesID=187b7d31295efd42b52c8e0ea3fa1ad8 
Number of updated asset objects reloaded before import = 0Number of asset objects unloaded after import = 7

========================================================================
Received Import Request.
  Time since last request: 0.000024 seconds.
  path: Assets/PolygonFantasyKingdom/Models/SM_Bld_Castle_Roof_S_Half_End_Beam_01.fbx
  importAddress: Guid(b2e4ec1852e67a24e8b336a37ddd4ea4) Importer(815301076,1909f56bfc062723c751e8b465ee728b)
Start importing Assets/PolygonFantasyKingdom/Models/SM_Bld_Castle_Roof_S_Half_End_Beam_01.fbx using Guid(b2e4ec1852e67a24e8b336a37ddd4ea4) Importer(815301076,1909f56bfc062723c751e8b465ee728b) (PreviewImporter) -> (Import Result ID: '4b7ae3c261f39539ab728b6052f83278') in 0.0222726 seconds [static and dynamic dependencies]. Details - ImportResultOutputID=0f9d63bf1de16cb348f5f601fb5d962a DependenciesID=3be7277d876dec74959f9b463a3d0bc6 StaticDependenciesID=e4b088967f66854d019e8dd8975418b6 
Number of updated asset objects reloaded before import = 0Number of asset objects unloaded after import = 7

========================================================================
Received Import Request.
  Time since last request: 0.000027 seconds.
  path: Assets/PolygonFantasyKingdom/Models/SM_Bld_Castle_Wall_01.fbx
  importAddress: Guid(31ed01fa252a151428a8f3961f0d1ae8) Importer(815301076,1909f56bfc062723c751e8b465ee728b)
Start importing Assets/PolygonFantasyKingdom/Models/SM_Bld_Castle_Wall_01.fbx using Guid(31ed01fa252a151428a8f3961f0d1ae8) Importer(815301076,1909f56bfc062723c751e8b465ee728b) (PreviewImporter) -> (Import Result ID: '9f47cccd6bb7249b9e3f703cbb538728') in 0.0243756 seconds [static and dynamic dependencies]. Details - ImportResultOutputID=fa06ae473790705faa0e0fdc3ba30d73 DependenciesID=c81a6988f2144031b78cc1662b17c209 StaticDependenciesID=5a85a36432aa52fe93d369f31ee106e3 
Number of updated asset objects reloaded before import = 0Number of asset objects unloaded after import = 7

========================================================================
Received Import Request.
  Time since last request: 0.000022 seconds.
  path: Assets/PolygonFantasyKingdom/Models/SM_Bld_Castle_Roof_L_Half_End_01.fbx
  importAddress: Guid(e26ac4ecb08cdd948af87c42046fab9f) Importer(815301076,1909f56bfc062723c751e8b465ee728b)
Start importing Assets/PolygonFantasyKingdom/Models/SM_Bld_Castle_Roof_L_Half_End_01.fbx using Guid(e26ac4ecb08cdd948af87c42046fab9f) Importer(815301076,1909f56bfc062723c751e8b465ee728b) (PreviewImporter) -> (Import Result ID: '70e4d5477b75a3b621f52de0475dbc88') in 0.0644267 seconds [static and dynamic dependencies]. Details - ImportResultOutputID=20310246c1315d6c7e645dcd95d874ae DependenciesID=44239f9bb879f0c8a6f3579149eb2ce0 StaticDependenciesID=80e3a3c83bd93ffc75b354e3b2a6b78a 
Number of updated asset objects reloaded before import = 0Number of asset objects unloaded after import = 7

========================================================================
Received Import Request.
  Time since last request: 0.000027 seconds.
  path: Assets/PolygonFantasyKingdom/Models/SM_Bld_Castle_Roof_Cap_Round_11.fbx
  importAddress: Guid(a5e18c3aaf0b7d94abb637c3bab9a156) Importer(815301076,1909f56bfc062723c751e8b465ee728b)
Start importing Assets/PolygonFantasyKingdom/Models/SM_Bld_Castle_Roof_Cap_Round_11.fbx using Guid(a5e18c3aaf0b7d94abb637c3bab9a156) Importer(815301076,1909f56bfc062723c751e8b465ee728b) (PreviewImporter) -> (Import Result ID: '5978265490f6fe100e0a77bc40285269') in 0.054462 seconds [static and dynamic dependencies]. Details - ImportResultOutputID=d0abde0821074c37782066e5524558c3 DependenciesID=89006ca16b216e85d6ee48e95c269eb9 StaticDependenciesID=72f2194497d20d3680f1718036ec443d 
Number of updated asset objects reloaded before import = 0Number of asset objects unloaded after import = 7

========================================================================
Received Import Request.
  Time since last request: 0.003708 seconds.
  path: Assets/PolygonFantasyKingdom/Models/SM_Bld_Castle_Roof_L_Curved_01.fbx
  importAddress: Guid(ed34cdcc25e8bd940bc1ffb3794b38e8) Importer(815301076,1909f56bfc062723c751e8b465ee728b)
Start importing Assets/PolygonFantasyKingdom/Models/SM_Bld_Castle_Roof_L_Curved_01.fbx using Guid(ed34cdcc25e8bd940bc1ffb3794b38e8) Importer(815301076,1909f56bfc062723c751e8b465ee728b) (PreviewImporter) -> (Import Result ID: '7d7bd57aa87164a0b9adf7c8dc288e0e') in 0.0759081 seconds [static and dynamic dependencies]. Details - ImportResultOutputID=4afb511f7fb47250492316d76acdd4ea DependenciesID=a5ac57b0599f04fada7655453c792957 StaticDependenciesID=28fdd50a9de3f132e77e384a0f330b10 
Number of updated asset objects reloaded before import = 0Number of asset objects unloaded after import = 7

========================================================================
Received Import Request.
  Time since last request: 0.000242 seconds.
  path: Assets/PolygonFantasyKingdom/Models/SM_Bld_Castle_Roof_Short_Half_End_Beam_01.fbx
  importAddress: Guid(c1c072f801934bb42a9b311a515d0f06) Importer(815301076,1909f56bfc062723c751e8b465ee728b)
Start importing Assets/PolygonFantasyKingdom/Models/SM_Bld_Castle_Roof_Short_Half_End_Beam_01.fbx using Guid(c1c072f801934bb42a9b311a515d0f06) Importer(815301076,1909f56bfc062723c751e8b465ee728b) (PreviewImporter) -> (Import Result ID: '327469dcb4509c731b0e217fcee281fd') in 0.031603 seconds [static and dynamic dependencies]. Details - ImportResultOutputID=464e7acdede5e19915055df6fdbb35fe DependenciesID=24720ad38d5b2217c286a8a5dce0efc6 StaticDependenciesID=00b70f19435e9dee2d818db925bd5efa 
Number of updated asset objects reloaded before import = 0Number of asset objects unloaded after import = 7

========================================================================
Received Import Request.
  Time since last request: 1.035445 seconds.
  path: Assets/PolygonFantasyKingdom/Models/SM_Bld_Castle_Pillar_Stone_Round_03.fbx
  importAddress: Guid(386291f6a2dcef443a13933392f36323) Importer(815301076,1909f56bfc062723c751e8b465ee728b)
Start importing Assets/PolygonFantasyKingdom/Models/SM_Bld_Castle_Pillar_Stone_Round_03.fbx using Guid(386291f6a2dcef443a13933392f36323) Importer(815301076,1909f56bfc062723c751e8b465ee728b) (PreviewImporter) -> (Import Result ID: 'e9b551becaa89cdddbd37fa2ee06eed7') in 0.0192181 seconds [static and dynamic dependencies]. Details - ImportResultOutputID=9b8b4b31a173d9f1641e552713546c21 DependenciesID=d8540f03c0c5748621f2f373eda66000 StaticDependenciesID=043030619962aeb18f3126de4da3c446 
Number of updated asset objects reloaded before import = 0Number of asset objects unloaded after import = 7

========================================================================
Received Import Request.
  Time since last request: 0.000019 seconds.
  path: Assets/PolygonFantasyKingdom/Models/SM_Bld_Castle_Pillar_Wood_Round_02.fbx
  importAddress: Guid(a0406cf8a046db04080a34f3cff9dd4d) Importer(815301076,1909f56bfc062723c751e8b465ee728b)
Start importing Assets/PolygonFantasyKingdom/Models/SM_Bld_Castle_Pillar_Wood_Round_02.fbx using Guid(a0406cf8a046db04080a34f3cff9dd4d) Importer(815301076,1909f56bfc062723c751e8b465ee728b) (PreviewImporter) -> (Import Result ID: '21ac509e92925962244d4f63809da9e8') in 0.0221943 seconds [static and dynamic dependencies]. Details - ImportResultOutputID=861faac3848d88e690a111e16e42223d DependenciesID=fcf8261fda7178a4aa93bfb2f2f5e44a StaticDependenciesID=8ce364a35126a2200032796c390c8c1f 
Number of updated asset objects reloaded before import = 0Number of asset objects unloaded after import = 7

========================================================================
Received Import Request.
  Time since last request: 0.000036 seconds.
  path: Assets/PolygonFantasyKingdom/Models/SM_Bld_Castle_Pillar_Stone_05.fbx
  importAddress: Guid(05a7d1de7b9110541a656938cae605fd) Importer(815301076,1909f56bfc062723c751e8b465ee728b)
Start importing Assets/PolygonFantasyKingdom/Models/SM_Bld_Castle_Pillar_Stone_05.fbx using Guid(05a7d1de7b9110541a656938cae605fd) Importer(815301076,1909f56bfc062723c751e8b465ee728b) (PreviewImporter) -> (Import Result ID: '52e2d740556079c718c1b9335145752d') in 0.0243773 seconds [static and dynamic dependencies]. Details - ImportResultOutputID=9cd4c4cdfc900acfa35f49cd13e79768 DependenciesID=fa8b1dcc63012e0a6f0d85cbd77b0a86 StaticDependenciesID=bc2e9fa8edcc833c4f17da60d38c9e3d 
Number of updated asset objects reloaded before import = 0Number of asset objects unloaded after import = 7

========================================================================
Received Import Request.
  Time since last request: 0.000080 seconds.
  path: Assets/PolygonFantasyKingdom/Models/SM_Bld_Castle_Pillar_Stone_04.fbx
  importAddress: Guid(712540703031ba64fa21fe846e635a8c) Importer(815301076,1909f56bfc062723c751e8b465ee728b)
Start importing Assets/PolygonFantasyKingdom/Models/SM_Bld_Castle_Pillar_Stone_04.fbx using Guid(712540703031ba64fa21fe846e635a8c) Importer(815301076,1909f56bfc062723c751e8b465ee728b) (PreviewImporter) -> (Import Result ID: '2ad83dbf3319b71bb6b64827e29eb55e') in 0.023353 seconds [static and dynamic dependencies]. Details - ImportResultOutputID=547d2f545d23e6867935971dda3ddd84 DependenciesID=01b244b8cd67a62af13dec95e73553c6 StaticDependenciesID=bd8f57fb5eb48dcdd11de5cee82d88de 
Number of updated asset objects reloaded before import = 0Number of asset objects unloaded after import = 7

========================================================================
Received Import Request.
  Time since last request: 0.001264 seconds.
  path: Assets/PolygonFantasyKingdom/Models/SM_Bld_Castle_Hoarding_End_01.fbx
  importAddress: Guid(ba13f1e31e6018d45a0df0b38659de00) Importer(815301076,1909f56bfc062723c751e8b465ee728b)
Start importing Assets/PolygonFantasyKingdom/Models/SM_Bld_Castle_Hoarding_End_01.fbx using Guid(ba13f1e31e6018d45a0df0b38659de00) Importer(815301076,1909f56bfc062723c751e8b465ee728b) (PreviewImporter) -> (Import Result ID: '56ddc4b82ddebdb721b9b2811d97a2df') in 0.0210285 seconds [static and dynamic dependencies]. Details - ImportResultOutputID=85001e661112c56d80143c5462687c55 DependenciesID=f2832bc73c094f993ce15f1dbadf5f11 StaticDependenciesID=a6d66b995cce176eaad790cf92ebe037 
Number of updated asset objects reloaded before import = 0Number of asset objects unloaded after import = 7

========================================================================
Received Import Request.
  Time since last request: 0.000031 seconds.
  path: Assets/PolygonFantasyKingdom/Models/SM_Bld_Castle_Hoarding_Half_01.fbx
  importAddress: Guid(707bd1d190b0f0746a3a4764493ee4d7) Importer(815301076,1909f56bfc062723c751e8b465ee728b)
Start importing Assets/PolygonFantasyKingdom/Models/SM_Bld_Castle_Hoarding_Half_01.fbx using Guid(707bd1d190b0f0746a3a4764493ee4d7) Importer(815301076,1909f56bfc062723c751e8b465ee728b) (PreviewImporter) -> (Import Result ID: '5371c3d3ff90811dda118039f802f6b1') in 0.0251789 seconds [static and dynamic dependencies]. Details - ImportResultOutputID=fa3ff65f0343293a2332cd18c52a4218 DependenciesID=4aa2fad85237fed92111a9985dd4b253 StaticDependenciesID=19418e9607e041dd854f47768e20fe64 
Number of updated asset objects reloaded before import = 0Number of asset objects unloaded after import = 7

========================================================================
Received Import Request.
  Time since last request: 0.008581 seconds.
  path: Assets/PolygonFantasyKingdom/Models/SM_Bld_Castle_Floor_Wood_03.fbx
  importAddress: Guid(786bb9266e9945540990a32e908cb76e) Importer(815301076,1909f56bfc062723c751e8b465ee728b)
Start importing Assets/PolygonFantasyKingdom/Models/SM_Bld_Castle_Floor_Wood_03.fbx using Guid(786bb9266e9945540990a32e908cb76e) Importer(815301076,1909f56bfc062723c751e8b465ee728b) (PreviewImporter) -> (Import Result ID: 'd48b58d1e74d2223a440eb1ae1dce449') in 0.0209104 seconds [static and dynamic dependencies]. Details - ImportResultOutputID=d34b49a7e293a37fdb49d647406b0719 DependenciesID=b661ae568e35e66ea34838bb66da8590 StaticDependenciesID=286f7ddccee83a636d42286dc8549e59 
Number of updated asset objects reloaded before import = 0Number of asset objects unloaded after import = 7

========================================================================
Received Import Request.
  Time since last request: 0.000032 seconds.
  path: Assets/PolygonFantasyKingdom/Models/SM_Bld_Castle_Floor_Wood_Hatch_01.fbx
  importAddress: Guid(4e87bdb38276ac842a5c8a4e1dc681bf) Importer(815301076,1909f56bfc062723c751e8b465ee728b)
Start importing Assets/PolygonFantasyKingdom/Models/SM_Bld_Castle_Floor_Wood_Hatch_01.fbx using Guid(4e87bdb38276ac842a5c8a4e1dc681bf) Importer(815301076,1909f56bfc062723c751e8b465ee728b) (PreviewImporter) -> (Import Result ID: '00bbf7bae85caa3a776126834f63d182') in 0.0368624 seconds [static and dynamic dependencies]. Details - ImportResultOutputID=cf98a51fd6d65415548e580c8bf9c63a DependenciesID=f85973afe6376acffad6e682ae2e55a1 StaticDependenciesID=dadf9b2372f898a53177c47c28862006 
Number of updated asset objects reloaded before import = 0Number of asset objects unloaded after import = 12

========================================================================
Received Import Request.
  Time since last request: 0.420060 seconds.
  path: Assets/PolygonFantasyKingdom/Models/SM_Bld_Castle_Floor_Stone_Gap_02.fbx
  importAddress: Guid(8d0d2d01db3f1f843b433e32fcd440b7) Importer(815301076,1909f56bfc062723c751e8b465ee728b)
Start importing Assets/PolygonFantasyKingdom/Models/SM_Bld_Castle_Floor_Stone_Gap_02.fbx using Guid(8d0d2d01db3f1f843b433e32fcd440b7) Importer(815301076,1909f56bfc062723c751e8b465ee728b) (PreviewImporter) -> (Import Result ID: 'c11d12461c0f12a583f920899ee0bc25') in 0.0219535 seconds [static and dynamic dependencies]. Details - ImportResultOutputID=c4a05f3ee36d3cc51597afe0d7e307d9 DependenciesID=6fd1a8d5fa4a5330ed55e8a5d72df464 StaticDependenciesID=5c28482c19cbbdcc813a6f4b29317ea7 
Number of updated asset objects reloaded before import = 0Number of asset objects unloaded after import = 7

========================================================================
Received Import Request.
  Time since last request: 0.000029 seconds.
  path: Assets/PolygonFantasyKingdom/Models/SM_Bld_Castle_Floor_Stone_Round_M_01.fbx
  importAddress: Guid(603bdc7b96c3c5047a89d76dc6f34808) Importer(815301076,1909f56bfc062723c751e8b465ee728b)
Start importing Assets/PolygonFantasyKingdom/Models/SM_Bld_Castle_Floor_Stone_Round_M_01.fbx using Guid(603bdc7b96c3c5047a89d76dc6f34808) Importer(815301076,1909f56bfc062723c751e8b465ee728b) (PreviewImporter) -> (Import Result ID: '70f7e3a029bfef1d3498b436440bef4a') in 0.022877 seconds [static and dynamic dependencies]. Details - ImportResultOutputID=3a9e55b03e9e940e5c3038cce00fde1e DependenciesID=ca3f97ac11db303c86dd0e93dff73505 StaticDependenciesID=cd06ccea00bf10b646cfa8f9041735cb 
Number of updated asset objects reloaded before import = 0Number of asset objects unloaded after import = 7

========================================================================
Received Import Request.
  Time since last request: 0.000023 seconds.
  path: Assets/PolygonFantasyKingdom/Models/SM_Bld_Castle_DestroyedWall_Top_01.fbx
  importAddress: Guid(6a962ce5bb850a6438fd41a89f2cdc94) Importer(815301076,1909f56bfc062723c751e8b465ee728b)
Start importing Assets/PolygonFantasyKingdom/Models/SM_Bld_Castle_DestroyedWall_Top_01.fbx using Guid(6a962ce5bb850a6438fd41a89f2cdc94) Importer(815301076,1909f56bfc062723c751e8b465ee728b) (PreviewImporter) -> (Import Result ID: 'f29630e591f53cca9477f56bbbe80eab') in 0.0221785 seconds [static and dynamic dependencies]. Details - ImportResultOutputID=e318b7004cfdd28dcaf9d1197c7202f7 DependenciesID=eb0de8bd9550d6f57170d5e9469ce26c StaticDependenciesID=25ff588da3a6513808e165c6fd9ad8ee 
Number of updated asset objects reloaded before import = 0Number of asset objects unloaded after import = 7

========================================================================
Received Import Request.
  Time since last request: 0.000044 seconds.
  path: Assets/PolygonFantasyKingdom/Models/SM_Bld_Castle_DestroyedWall_TopCap_01.fbx
  importAddress: Guid(e749d8bac746d774f996b5115662cb3d) Importer(815301076,1909f56bfc062723c751e8b465ee728b)
Start importing Assets/PolygonFantasyKingdom/Models/SM_Bld_Castle_DestroyedWall_TopCap_01.fbx using Guid(e749d8bac746d774f996b5115662cb3d) Importer(815301076,1909f56bfc062723c751e8b465ee728b) (PreviewImporter) -> (Import Result ID: '56e3815f9dc27f2a5e2e484e201bd36a') in 0.0241885 seconds [static and dynamic dependencies]. Details - ImportResultOutputID=9f4b1521064aa00c18dd726d40cf8f14 DependenciesID=a79076a31350cd992cdef12031755a2e StaticDependenciesID=04bc82d141cec971862775c10298133c 
Number of updated asset objects reloaded before import = 0Number of asset objects unloaded after import = 7

========================================================================
Received Import Request.
  Time since last request: 0.000031 seconds.
  path: Assets/PolygonFantasyKingdom/Models/SM_Bld_Castle_Floor_Wood_02.fbx
  importAddress: Guid(25961942c7832314087a03aa611bf4bf) Importer(815301076,1909f56bfc062723c751e8b465ee728b)
Start importing Assets/PolygonFantasyKingdom/Models/SM_Bld_Castle_Floor_Wood_02.fbx using Guid(25961942c7832314087a03aa611bf4bf) Importer(815301076,1909f56bfc062723c751e8b465ee728b) (PreviewImporter) -> (Import Result ID: '118a8ef96a2b847de3294957e4a4625a') in 0.0182127 seconds [static and dynamic dependencies]. Details - ImportResultOutputID=5c7f377e3df051fc208ca3f74130d349 DependenciesID=da29c57f1bcad5e2ba35707051e9471b StaticDependenciesID=ddc72392e3950b6f6ff259910d87d68f 
Number of updated asset objects reloaded before import = 0Number of asset objects unloaded after import = 7

========================================================================
Received Import Request.
  Time since last request: 0.000033 seconds.
  path: Assets/PolygonFantasyKingdom/Models/SM_Bld_Castle_DestroyedWall_Middle_02.fbx
  importAddress: Guid(dc716fdef865d624ca63c438b000fd10) Importer(815301076,1909f56bfc062723c751e8b465ee728b)
Start importing Assets/PolygonFantasyKingdom/Models/SM_Bld_Castle_DestroyedWall_Middle_02.fbx using Guid(dc716fdef865d624ca63c438b000fd10) Importer(815301076,1909f56bfc062723c751e8b465ee728b) (PreviewImporter) -> (Import Result ID: '48c68fe6a2f6524a7b3687bbb1d72423') in 0.0239739 seconds [static and dynamic dependencies]. Details - ImportResultOutputID=0216daf3ac07459e4bf313d901e46ac2 DependenciesID=4dda81be72d7a39364de12aff857ab34 StaticDependenciesID=fb3233fe6738c8601f6f5be61a8d8759 
Number of updated asset objects reloaded before import = 0Number of asset objects unloaded after import = 7

========================================================================
Received Import Request.
  Time since last request: 0.000034 seconds.
  path: Assets/PolygonFantasyKingdom/Models/SM_Bld_Castle_DestroyedWall_Bottom_02.fbx
  importAddress: Guid(1bedc980bcd56d2408d7dde3bc269f42) Importer(815301076,1909f56bfc062723c751e8b465ee728b)
Start importing Assets/PolygonFantasyKingdom/Models/SM_Bld_Castle_DestroyedWall_Bottom_02.fbx using Guid(1bedc980bcd56d2408d7dde3bc269f42) Importer(815301076,1909f56bfc062723c751e8b465ee728b) (PreviewImporter) -> (Import Result ID: '6e4376419c01b0f958d457703e8be14a') in 0.0298986 seconds [static and dynamic dependencies]. Details - ImportResultOutputID=05ffefcb8e08c62fa885ea09416f78a1 DependenciesID=96ceb7bcb62bcb52fe3feafa33b2f05e StaticDependenciesID=ad51bf8df4ebaf9881ad11d632cb0034 
Number of updated asset objects reloaded before import = 0Number of asset objects unloaded after import = 7

========================================================================
Received Import Request.
  Time since last request: 0.000069 seconds.
  path: Assets/PolygonFantasyKingdom/Models/SM_Bld_Castle_Battlements_S_Corner_06.fbx
  importAddress: Guid(1736d759d51dadc44a4b3ec001175261) Importer(815301076,1909f56bfc062723c751e8b465ee728b)
Start importing Assets/PolygonFantasyKingdom/Models/SM_Bld_Castle_Battlements_S_Corner_06.fbx using Guid(1736d759d51dadc44a4b3ec001175261) Importer(815301076,1909f56bfc062723c751e8b465ee728b) (PreviewImporter) -> (Import Result ID: '4fdb7800c609c919daea044c6806bb81') in 0.024615 seconds [static and dynamic dependencies]. Details - ImportResultOutputID=0d7cdfaf185a880af7bf2ae60549a778 DependenciesID=ac2c16484004d046a7b1da4d2deb3076 StaticDependenciesID=4fb5bc3a2d52fe4ec39a3e81cbcfef14 
Number of updated asset objects reloaded before import = 0Number of asset objects unloaded after import = 7

========================================================================
Received Import Request.
  Time since last request: 0.000024 seconds.
  path: Assets/PolygonFantasyKingdom/Models/SM_Bld_Castle_DestroyedWall_Rubble_Middle_01.fbx
  importAddress: Guid(40168f4aaf382d145b1b26a34e08a0ea) Importer(815301076,1909f56bfc062723c751e8b465ee728b)
Start importing Assets/PolygonFantasyKingdom/Models/SM_Bld_Castle_DestroyedWall_Rubble_Middle_01.fbx using Guid(40168f4aaf382d145b1b26a34e08a0ea) Importer(815301076,1909f56bfc062723c751e8b465ee728b) (PreviewImporter) -> (Import Result ID: '25b945d215f3bc19c00fbb74d23ee5d9') in 0.0225402 seconds [static and dynamic dependencies]. Details - ImportResultOutputID=2d26ad31fb94a25e3747f6990eb87a91 DependenciesID=cf428e1a67c878f0b7be487b4bade516 StaticDependenciesID=2f617be582e72654ca86f5d394da261b 
Number of updated asset objects reloaded before import = 0Number of asset objects unloaded after import = 7

========================================================================
Received Import Request.
  Time since last request: 0.431894 seconds.
  path: Assets/PolygonFantasyKingdom/Models/SM_Bld_Castle_Battlements_M_Corner_04.fbx
  importAddress: Guid(96d6f9e4c7135de4f974c0318ffdace3) Importer(815301076,1909f56bfc062723c751e8b465ee728b)
Start importing Assets/PolygonFantasyKingdom/Models/SM_Bld_Castle_Battlements_M_Corner_04.fbx using Guid(96d6f9e4c7135de4f974c0318ffdace3) Importer(815301076,1909f56bfc062723c751e8b465ee728b) (PreviewImporter) -> (Import Result ID: 'ae852387295e973b9e5e6ad051446de1') in 0.0201812 seconds [static and dynamic dependencies]. Details - ImportResultOutputID=65d271a52701b287a5906510f0ffdd5c DependenciesID=0f331d0db5afba05290f8208de83bff9 StaticDependenciesID=d383f7b8ca45f982465373732af33359 
Number of updated asset objects reloaded before import = 0Number of asset objects unloaded after import = 7

========================================================================
Received Import Request.
  Time since last request: 0.000030 seconds.
  path: Assets/PolygonFantasyKingdom/Models/SM_Bld_Castle_Battlements_Pillar_02.fbx
  importAddress: Guid(14526d26e9885f740a3d2270c58d3b09) Importer(815301076,1909f56bfc062723c751e8b465ee728b)
Start importing Assets/PolygonFantasyKingdom/Models/SM_Bld_Castle_Battlements_Pillar_02.fbx using Guid(14526d26e9885f740a3d2270c58d3b09) Importer(815301076,1909f56bfc062723c751e8b465ee728b) (PreviewImporter) -> (Import Result ID: '4a3d93bcbee8f0b21d9f99e700271a29') in 0.0223583 seconds [static and dynamic dependencies]. Details - ImportResultOutputID=2265e269f8cddc44a0839eb8099d9b74 DependenciesID=3fc0035323bf8a01b5fc186eebe86f56 StaticDependenciesID=bd0dea6221fa25cc6f7ad898276e7cbe 
Number of updated asset objects reloaded before import = 0Number of asset objects unloaded after import = 7

========================================================================
Received Import Request.
  Time since last request: 0.076816 seconds.
  path: Assets/PolygonFantasyKingdom/Models/SM_Bld_Castle_Battlements_L_Corner_01.fbx
  importAddress: Guid(eb2a6198f57f9a246b9d74307217128c) Importer(815301076,1909f56bfc062723c751e8b465ee728b)
Start importing Assets/PolygonFantasyKingdom/Models/SM_Bld_Castle_Battlements_L_Corner_01.fbx using Guid(eb2a6198f57f9a246b9d74307217128c) Importer(815301076,1909f56bfc062723c751e8b465ee728b) (PreviewImporter) -> (Import Result ID: '03b051f39eb8a47798b7e5085243924f') in 0.0240195 seconds [static and dynamic dependencies]. Details - ImportResultOutputID=59639056bddf6aaf686591ec174a5329 DependenciesID=7a70729a5218c78ae674e1ba3bd46543 StaticDependenciesID=4bca0582ed5187b5b8ff8d421769cc20 
Number of updated asset objects reloaded before import = 0Number of asset objects unloaded after import = 7

========================================================================
Received Import Request.
  Time since last request: 0.000018 seconds.
  path: Assets/PolygonFantasyKingdom/Models/SM_Bld_Castle_Battlements_L_Corner_04.fbx
  importAddress: Guid(59251e8e8849b7642abad8add909de7d) Importer(815301076,1909f56bfc062723c751e8b465ee728b)
Start importing Assets/PolygonFantasyKingdom/Models/SM_Bld_Castle_Battlements_L_Corner_04.fbx using Guid(59251e8e8849b7642abad8add909de7d) Importer(815301076,1909f56bfc062723c751e8b465ee728b) (PreviewImporter) -> (Import Result ID: '53553418f86580b1ab029cf2c497f4bb') in 0.0247529 seconds [static and dynamic dependencies]. Details - ImportResultOutputID=a17e2a39ba9e21635c4dc0c2170674ab DependenciesID=a48c46fd71f3ed84873cedf3cff18602 StaticDependenciesID=baf1d3aed2d4eeb88119ebea80f9452f 
Number of updated asset objects reloaded before import = 0Number of asset objects unloaded after import = 7

========================================================================
Received Import Request.
  Time since last request: 0.315515 seconds.
  path: Assets/PolygonFantasyKingdom/Models/SM_Bld_Castle_Battlements_03.fbx
  importAddress: Guid(349467fdf78671841a6b00f4a3b69d39) Importer(815301076,1909f56bfc062723c751e8b465ee728b)
Start importing Assets/PolygonFantasyKingdom/Models/SM_Bld_Castle_Battlements_03.fbx using Guid(349467fdf78671841a6b00f4a3b69d39) Importer(815301076,1909f56bfc062723c751e8b465ee728b) (PreviewImporter) -> (Import Result ID: '0e5a6fd7e7d11df2c37f79a64487af61') in 0.0274806 seconds [static and dynamic dependencies]. Details - ImportResultOutputID=d6f55a9e2143bedf0bc64d49b33f7f10 DependenciesID=1f5ada15e73d9bac7d0ee5ce0662b446 StaticDependenciesID=e0ff05447d6f3da8d3ef039879ab79e2 
Number of updated asset objects reloaded before import = 0Number of asset objects unloaded after import = 7

========================================================================
Received Import Request.
  Time since last request: 0.000221 seconds.
  path: Assets/PolygonFantasyKingdom/Models/SM_Bld_Castle_Battlements_04_Half.fbx
  importAddress: Guid(1b03aa5c85bdbd240a31c19a9315b452) Importer(815301076,1909f56bfc062723c751e8b465ee728b)
Start importing Assets/PolygonFantasyKingdom/Models/SM_Bld_Castle_Battlements_04_Half.fbx using Guid(1b03aa5c85bdbd240a31c19a9315b452) Importer(815301076,1909f56bfc062723c751e8b465ee728b) (PreviewImporter) -> (Import Result ID: 'f206772e20052baaecdd9b993835f3a1') in 0.0314212 seconds [static and dynamic dependencies]. Details - ImportResultOutputID=f7c6a85cbf37ea44d8ccb5235b700d6f DependenciesID=23028fdcc875144adce4341104c96b6a StaticDependenciesID=c73db6ec091d31a6f704578b02e1cbdf 
Number of updated asset objects reloaded before import = 0Number of asset objects unloaded after import = 7

========================================================================
Received Import Request.
  Time since last request: 0.000092 seconds.
  path: Assets/PolygonFantasyKingdom/Models/SM_Bld_Castle_Battlements_01_Short.fbx
  importAddress: Guid(94fcf8763c636a3459b5611e33cfd087) Importer(815301076,1909f56bfc062723c751e8b465ee728b)
Start importing Assets/PolygonFantasyKingdom/Models/SM_Bld_Castle_Battlements_01_Short.fbx using Guid(94fcf8763c636a3459b5611e33cfd087) Importer(815301076,1909f56bfc062723c751e8b465ee728b) (PreviewImporter) -> (Import Result ID: 'b96521b7720601c4bdc11b7391c45e08') in 0.0332534 seconds [static and dynamic dependencies]. Details - ImportResultOutputID=1368a7c16ce6549c1766dbd4dfd5ff5d DependenciesID=57386c5b1bca16122463dc76ab058e26 StaticDependenciesID=dbe10531305c51bfc11a548bb35a8f5b 
Number of updated asset objects reloaded before import = 0Number of asset objects unloaded after import = 7

========================================================================
Received Import Request.
  Time since last request: 0.000209 seconds.
  path: Assets/PolygonFantasyKingdom/Models/SM_Bld_Castle_Battlements_01.fbx
  importAddress: Guid(923394e5e759b2c448cf16d9872a1c8f) Importer(815301076,1909f56bfc062723c751e8b465ee728b)
Start importing Assets/PolygonFantasyKingdom/Models/SM_Bld_Castle_Battlements_01.fbx using Guid(923394e5e759b2c448cf16d9872a1c8f) Importer(815301076,1909f56bfc062723c751e8b465ee728b) (PreviewImporter) -> (Import Result ID: 'edd6f08f3de140a0faae970f326c6ccf') in 0.0226593 seconds [static and dynamic dependencies]. Details - ImportResultOutputID=2f98abc0b6bb2f371ddab548ac0e40b4 DependenciesID=15dceee3a04f978a4c07f5b6c03cbbd8 StaticDependenciesID=844b650ec4c19d22914fa6641a78dd95 
Number of updated asset objects reloaded before import = 0Number of asset objects unloaded after import = 7

========================================================================
Received Import Request.
  Time since last request: 0.000272 seconds.
  path: Assets/PolygonFantasyKingdom/Models/FX_Prop_Chandelier_02.fbx
  importAddress: Guid(eb4028a68cf20f047bf02340212d3728) Importer(815301076,1909f56bfc062723c751e8b465ee728b)
Start importing Assets/PolygonFantasyKingdom/Models/FX_Prop_Chandelier_02.fbx using Guid(eb4028a68cf20f047bf02340212d3728) Importer(815301076,1909f56bfc062723c751e8b465ee728b) (PreviewImporter) -> (Import Result ID: 'd76a60f74fec1bc3e35ae76f18854945') in 0.0294611 seconds [static and dynamic dependencies]. Details - ImportResultOutputID=804bbe0db266c31d23cbde6567553211 DependenciesID=4a271508f3d3ecc37c998e713c0e6bc8 StaticDependenciesID=b5be6ab4c4205769c7500c303e3bf0eb 
Number of updated asset objects reloaded before import = 0Number of asset objects unloaded after import = 7

========================================================================
Received Import Request.
  Time since last request: 0.000108 seconds.
  path: Assets/PolygonFantasyKingdom/Models/FantasyKingdom_Capes.fbx
  importAddress: Guid(cef1a67a5bafdb34fa6dce98924fe4a9) Importer(815301076,1909f56bfc062723c751e8b465ee728b)
Start importing Assets/PolygonFantasyKingdom/Models/FantasyKingdom_Capes.fbx using Guid(cef1a67a5bafdb34fa6dce98924fe4a9) Importer(815301076,1909f56bfc062723c751e8b465ee728b) (PreviewImporter) -> (Import Result ID: 'aa9ed562261cd9ad718bf6603ad81a8f') in 0.0465572 seconds [static and dynamic dependencies]. Details - ImportResultOutputID=e8eb1da3b604dc0aea219666bd58193a DependenciesID=0aed729cec94710265305a68909ca9ee StaticDependenciesID=d8a96ba7b01cb12bfba45b6435f4744d 
Number of updated asset objects reloaded before import = 0Number of asset objects unloaded after import = 28

========================================================================
Received Import Request.
  Time since last request: 0.000036 seconds.
  path: Assets/PolygonFantasyKingdom/Models/FX_Prop_Chandelier_04.fbx
  importAddress: Guid(0bae7a97476e01e4080fdc886b013875) Importer(815301076,1909f56bfc062723c751e8b465ee728b)
Start importing Assets/PolygonFantasyKingdom/Models/FX_Prop_Chandelier_04.fbx using Guid(0bae7a97476e01e4080fdc886b013875) Importer(815301076,1909f56bfc062723c751e8b465ee728b) (PreviewImporter) -> (Import Result ID: '8467a7f10c7231261f9a47dec704e3ec') in 0.0249227 seconds [static and dynamic dependencies]. Details - ImportResultOutputID=6e5e106f09d21fa45e075068b5b2b8ab DependenciesID=0f90ff26f8a29fb29d1a50241bbb5eaa StaticDependenciesID=758e22ee161b60b3591ececca661478d 
Number of updated asset objects reloaded before import = 0Number of asset objects unloaded after import = 7

========================================================================
Received Import Request.
  Time since last request: 0.000039 seconds.
  path: Assets/PolygonFantasyKingdom/Models/FantasyKingdom_Characters.fbx
  importAddress: Guid(9d545e43681431348908eab98e78aa45) Importer(815301076,1909f56bfc062723c751e8b465ee728b)
Start importing Assets/PolygonFantasyKingdom/Models/FantasyKingdom_Characters.fbx using Guid(9d545e43681431348908eab98e78aa45) Importer(815301076,1909f56bfc062723c751e8b465ee728b) (PreviewImporter) -> (Import Result ID: '75deb627e3208d385f11a902a15ac4ba') in 0.346906 seconds [static and dynamic dependencies]. Details - ImportResultOutputID=08bae2bd9b0f08958fe8d77a7eaa11c7 DependenciesID=67fc1e0552cceed9d126149d824c9db9 StaticDependenciesID=fbd0ca513a1fa32a36e37df8e748b9eb 
Number of updated asset objects reloaded before import = 0Number of asset objects unloaded after import = 194

========================================================================
Received Import Request.
  Time since last request: 2.900530 seconds.
  path: Assets/PolygonFantasyKingdom/Models/SM_Bld_Castle_Wall_Arrowslit_01.fbx
  importAddress: Guid(efa1b83e6107d5d4e8f17488846e28c7) Importer(815301076,1909f56bfc062723c751e8b465ee728b)
Start importing Assets/PolygonFantasyKingdom/Models/SM_Bld_Castle_Wall_Arrowslit_01.fbx using Guid(efa1b83e6107d5d4e8f17488846e28c7) Importer(815301076,1909f56bfc062723c751e8b465ee728b) (PreviewImporter) -> (Import Result ID: 'b15f4d079f714bc38e38ad859a8c41b4') in 0.0290596 seconds [static and dynamic dependencies]. Details - ImportResultOutputID=8724d67e0554f5e6241608d774833739 DependenciesID=6e20c4ce6a7913ff9d2b69cc734e90be StaticDependenciesID=130a02c7d72802743cd86e709c3806c4 
Number of updated asset objects reloaded before import = 0Number of asset objects unloaded after import = 7

========================================================================
Received Import Request.
  Time since last request: 0.000017 seconds.
  path: Assets/PolygonFantasyKingdom/Models/SM_Bld_Castle_Wall_Corbels_Corner_01.fbx
  importAddress: Guid(a53e6dec71ea64f46a74bec20d1d3e18) Importer(815301076,1909f56bfc062723c751e8b465ee728b)
Start importing Assets/PolygonFantasyKingdom/Models/SM_Bld_Castle_Wall_Corbels_Corner_01.fbx using Guid(a53e6dec71ea64f46a74bec20d1d3e18) Importer(815301076,1909f56bfc062723c751e8b465ee728b) (PreviewImporter) -> (Import Result ID: 'ff3c5455903594f830dce5cbc6190b9f') in 0.0227772 seconds [static and dynamic dependencies]. Details - ImportResultOutputID=d32822192b84eaace02473492ca8bada DependenciesID=bf46e5f5a422b8e7a8bdc0a23b7ab6b6 StaticDependenciesID=24e3b52abaedf9fccb3c9dc87c8a1474 
Number of updated asset objects reloaded before import = 0Number of asset objects unloaded after import = 7

========================================================================
Received Import Request.
  Time since last request: 0.000023 seconds.
  path: Assets/PolygonFantasyKingdom/Models/SM_Bld_Castle_Wall_Corner_L_Base_Slope_Stairs_01.fbx
  importAddress: Guid(a41b2fa874e365e49989ba905931fcbe) Importer(815301076,1909f56bfc062723c751e8b465ee728b)
Start importing Assets/PolygonFantasyKingdom/Models/SM_Bld_Castle_Wall_Corner_L_Base_Slope_Stairs_01.fbx using Guid(a41b2fa874e365e49989ba905931fcbe) Importer(815301076,1909f56bfc062723c751e8b465ee728b) (PreviewImporter) -> (Import Result ID: 'b3140148cde12d15d790b1e54dac250e') in 0.0229674 seconds [static and dynamic dependencies]. Details - ImportResultOutputID=384bcc19f8c10a4801307990aba53d8a DependenciesID=683ae4b4fb3b22c6408d912d0c3148b5 StaticDependenciesID=d9b945ca33ba99a2b27fc30a21a231e3 
Number of updated asset objects reloaded before import = 0Number of asset objects unloaded after import = 7

========================================================================
Received Import Request.
  Time since last request: 0.000023 seconds.
  path: Assets/PolygonFantasyKingdom/Models/SM_Bld_Castle_Wall_Corner_S_01.fbx
  importAddress: Guid(a59ca6443a1411844b8f312d2cf35f1b) Importer(815301076,1909f56bfc062723c751e8b465ee728b)
Start importing Assets/PolygonFantasyKingdom/Models/SM_Bld_Castle_Wall_Corner_S_01.fbx using Guid(a59ca6443a1411844b8f312d2cf35f1b) Importer(815301076,1909f56bfc062723c751e8b465ee728b) (PreviewImporter) -> (Import Result ID: 'da77f78945297b73ed0b9f3a4c18399e') in 0.0254803 seconds [static and dynamic dependencies]. Details - ImportResultOutputID=f6a8d8a6d562fff75c3d71ced6ed719f DependenciesID=80b75d8ec1a4c45ab900c98d4cd48e00 StaticDependenciesID=0a1d168ea21a094bc46c67410b5b7c32 
Number of updated asset objects reloaded before import = 0Number of asset objects unloaded after import = 7

========================================================================
Received Import Request.
  Time since last request: 0.000023 seconds.
  path: Assets/PolygonFantasyKingdom/Models/SM_Bld_Castle_Wall_Corner_S_Base_01.fbx
  importAddress: Guid(331649e0338061e48b50072ae8a2272c) Importer(815301076,1909f56bfc062723c751e8b465ee728b)
Start importing Assets/PolygonFantasyKingdom/Models/SM_Bld_Castle_Wall_Corner_S_Base_01.fbx using Guid(331649e0338061e48b50072ae8a2272c) Importer(815301076,1909f56bfc062723c751e8b465ee728b) (PreviewImporter) -> (Import Result ID: '898bb16d1cd6596cd8de00f7f678136c') in 0.0238623 seconds [static and dynamic dependencies]. Details - ImportResultOutputID=9be318f381d7537949324bae2fbd38f7 DependenciesID=d224a3071584460bd92eda13163a6560 StaticDependenciesID=dd802d94150f56d14b26ae2b6229eb89 
Number of updated asset objects reloaded before import = 0Number of asset objects unloaded after import = 7

========================================================================
Received Import Request.
  Time since last request: 0.000031 seconds.
  path: Assets/PolygonFantasyKingdom/Models/SM_Bld_Castle_Wall_Corner_M_Base_Slope_01.fbx
  importAddress: Guid(66e2750e828f9204d9894d2731d79758) Importer(815301076,1909f56bfc062723c751e8b465ee728b)
Start importing Assets/PolygonFantasyKingdom/Models/SM_Bld_Castle_Wall_Corner_M_Base_Slope_01.fbx using Guid(66e2750e828f9204d9894d2731d79758) Importer(815301076,1909f56bfc062723c751e8b465ee728b) (PreviewImporter) -> (Import Result ID: '43457facd9c4598752c40bd153a72d5c') in 0.0201272 seconds [static and dynamic dependencies]. Details - ImportResultOutputID=602814ac5c66f6e0d7624728cf738ffc DependenciesID=fbfcf2049a973878c9a5247c29c3c37f StaticDependenciesID=4ea6079a206620f731a49773b5ce2c80 
Number of updated asset objects reloaded before import = 0Number of asset objects unloaded after import = 7

========================================================================
Received Import Request.
  Time since last request: 0.000016 seconds.
  path: Assets/PolygonFantasyKingdom/Models/SM_Bld_Castle_Wall_Corner_M_Arrowslit_01.fbx
  importAddress: Guid(2268bca5d8d1bb24bba396ff7265d875) Importer(815301076,1909f56bfc062723c751e8b465ee728b)
Start importing Assets/PolygonFantasyKingdom/Models/SM_Bld_Castle_Wall_Corner_M_Arrowslit_01.fbx using Guid(2268bca5d8d1bb24bba396ff7265d875) Importer(815301076,1909f56bfc062723c751e8b465ee728b) (PreviewImporter) -> (Import Result ID: '25da7f583e31c80b9edcad6a98a17bf2') in 0.0230274 seconds [static and dynamic dependencies]. Details - ImportResultOutputID=1e0f9d3935bd9395e544846178c6435a DependenciesID=99bb0d83ec94509f5d0db7c9beedae3d StaticDependenciesID=867a6db3d6d1a2c6f7e41f4b6e50bf9e 
Number of updated asset objects reloaded before import = 0Number of asset objects unloaded after import = 7

========================================================================
Received Import Request.
  Time since last request: 0.000031 seconds.
  path: Assets/PolygonFantasyKingdom/Models/SM_Bld_Castle_Wall_Corner_L_Arrowslit_01.fbx
  importAddress: Guid(e81583e670a188e4c80897339e190935) Importer(815301076,1909f56bfc062723c751e8b465ee728b)
Start importing Assets/PolygonFantasyKingdom/Models/SM_Bld_Castle_Wall_Corner_L_Arrowslit_01.fbx using Guid(e81583e670a188e4c80897339e190935) Importer(815301076,1909f56bfc062723c751e8b465ee728b) (PreviewImporter) -> (Import Result ID: '9c90bd227bfc36b7dfb3fe1801aaeaae') in 0.0251238 seconds [static and dynamic dependencies]. Details - ImportResultOutputID=df99267a5af1914ca67a3f7760fa428f DependenciesID=5e8461468dad0edb7def48fb1c91112e StaticDependenciesID=203d849ce4f3dc5cbcccad57dd01323a 
Number of updated asset objects reloaded before import = 0Number of asset objects unloaded after import = 7

========================================================================
Received Import Request.
  Time since last request: 0.000040 seconds.
  path: Assets/PolygonFantasyKingdom/Models/SM_Bld_Castle_Wall_Corner_M_Door_01.fbx
  importAddress: Guid(8b7ad8bc968a5e740a7223dd75dafe74) Importer(815301076,1909f56bfc062723c751e8b465ee728b)
Start importing Assets/PolygonFantasyKingdom/Models/SM_Bld_Castle_Wall_Corner_M_Door_01.fbx using Guid(8b7ad8bc968a5e740a7223dd75dafe74) Importer(815301076,1909f56bfc062723c751e8b465ee728b) (PreviewImporter) -> (Import Result ID: '4e098dc9a3bcbcd9f425cf684af41acc') in 0.0239173 seconds [static and dynamic dependencies]. Details - ImportResultOutputID=785bf66c215cbbbf96ef03585d87c6cc DependenciesID=4de081777e1bae5666b9a65ad51a3d86 StaticDependenciesID=aeb136931b09840b9d05dec6c05b7d2d 
Number of updated asset objects reloaded before import = 0Number of asset objects unloaded after import = 7

========================================================================
Received Import Request.
  Time since last request: 0.501885 seconds.
  path: Assets/PolygonFantasyKingdom/Models/SM_Bld_Castle_Wall_Cut_01.fbx
  importAddress: Guid(67c47df879588d64a8b01a2ed896d414) Importer(815301076,1909f56bfc062723c751e8b465ee728b)
Start importing Assets/PolygonFantasyKingdom/Models/SM_Bld_Castle_Wall_Cut_01.fbx using Guid(67c47df879588d64a8b01a2ed896d414) Importer(815301076,1909f56bfc062723c751e8b465ee728b) (PreviewImporter) -> (Import Result ID: '57f579954eec4d6a45c331c8c822e0bd') in 0.0206921 seconds [static and dynamic dependencies]. Details - ImportResultOutputID=83f94a7f11af1cca26406b6a02940cc6 DependenciesID=ca6f8cbea71f12f4f3b866fef7d6edb0 StaticDependenciesID=87553137886fd2f0197250783d19f2de 
Number of updated asset objects reloaded before import = 0Number of asset objects unloaded after import = 7

========================================================================
Received Import Request.
  Time since last request: 0.000021 seconds.
  path: Assets/PolygonFantasyKingdom/Models/SM_Bld_Castle_Wall_Cut_06.fbx
  importAddress: Guid(eba1483f26c20ec438a0d98b5cd2ba47) Importer(815301076,1909f56bfc062723c751e8b465ee728b)
Start importing Assets/PolygonFantasyKingdom/Models/SM_Bld_Castle_Wall_Cut_06.fbx using Guid(eba1483f26c20ec438a0d98b5cd2ba47) Importer(815301076,1909f56bfc062723c751e8b465ee728b) (PreviewImporter) -> (Import Result ID: '266b32f5767d4bfb10ca1da4e34879ba') in 0.0215667 seconds [static and dynamic dependencies]. Details - ImportResultOutputID=17ba6ed8fe0366c7523dc512a0a743ef DependenciesID=c83991f1ddd67cbd577727160ddc79e8 StaticDependenciesID=b5d4a8ccb7a9866f3e7de4fdfd3fc377 
Number of updated asset objects reloaded before import = 0Number of asset objects unloaded after import = 7

========================================================================
Received Import Request.
  Time since last request: 0.000024 seconds.
  path: Assets/PolygonFantasyKingdom/Models/SM_Bld_Castle_Wall_Half_Corner_L_01.fbx
  importAddress: Guid(c0231187c2ac996449f40d56eb0343bc) Importer(815301076,1909f56bfc062723c751e8b465ee728b)
Start importing Assets/PolygonFantasyKingdom/Models/SM_Bld_Castle_Wall_Half_Corner_L_01.fbx using Guid(c0231187c2ac996449f40d56eb0343bc) Importer(815301076,1909f56bfc062723c751e8b465ee728b) (PreviewImporter) -> (Import Result ID: 'e4dacfb2c9f1bb797f9bb22ca7f3be89') in 0.0239414 seconds [static and dynamic dependencies]. Details - ImportResultOutputID=e2eb149bbe0d093ef011c6d7498eeed2 DependenciesID=4ccd25c4673ba030e8bf3674d0882926 StaticDependenciesID=75f5825569cdba08fa2b6b234da2fc26 
Number of updated asset objects reloaded before import = 0Number of asset objects unloaded after import = 7

========================================================================
Received Import Request.
  Time since last request: 0.000029 seconds.
  path: Assets/PolygonFantasyKingdom/Models/SM_Bld_Castle_Wall_Gate_L_01.fbx
  importAddress: Guid(f8938770e15fc924c85e53f8ab1aeacf) Importer(815301076,1909f56bfc062723c751e8b465ee728b)
Start importing Assets/PolygonFantasyKingdom/Models/SM_Bld_Castle_Wall_Gate_L_01.fbx using Guid(f8938770e15fc924c85e53f8ab1aeacf) Importer(815301076,1909f56bfc062723c751e8b465ee728b) (PreviewImporter) -> (Import Result ID: '20464c4eabb3e2862a38206ae9a55a16') in 0.0626329 seconds [static and dynamic dependencies]. Details - ImportResultOutputID=87354295c68786868cb587313924cc19 DependenciesID=a18d5c3b4970040dc9d8bcb3042a752a StaticDependenciesID=b473fe4b0dcdbd0ecb224f6ca80c8b24 
Number of updated asset objects reloaded before import = 0Number of asset objects unloaded after import = 22

========================================================================
Received Import Request.
  Time since last request: 0.000034 seconds.
  path: Assets/PolygonFantasyKingdom/Models/SM_Bld_Castle_Wall_Pillars_Half_Corner_M_01.fbx
  importAddress: Guid(5ab5874fd443a21418da86394c5d4528) Importer(815301076,1909f56bfc062723c751e8b465ee728b)
Start importing Assets/PolygonFantasyKingdom/Models/SM_Bld_Castle_Wall_Pillars_Half_Corner_M_01.fbx using Guid(5ab5874fd443a21418da86394c5d4528) Importer(815301076,1909f56bfc062723c751e8b465ee728b) (PreviewImporter) -> (Import Result ID: 'cf004b623026d644057920a8c58b5847') in 0.022171 seconds [static and dynamic dependencies]. Details - ImportResultOutputID=81785ffe60a536fea5669a50569db90c DependenciesID=fb7cad76ac10c2b4ce0ad272b6a84094 StaticDependenciesID=f84ec737a5f4981a62a7ce63e55ed919 
Number of updated asset objects reloaded before import = 0Number of asset objects unloaded after import = 7

========================================================================
Received Import Request.
  Time since last request: 0.000042 seconds.
  path: Assets/PolygonFantasyKingdom/Models/SM_Bld_Castle_Wall_Tower_M_01.fbx
  importAddress: Guid(8fea6468ae5ea0e40a19401a74be1320) Importer(815301076,1909f56bfc062723c751e8b465ee728b)
Start importing Assets/PolygonFantasyKingdom/Models/SM_Bld_Castle_Wall_Tower_M_01.fbx using Guid(8fea6468ae5ea0e40a19401a74be1320) Importer(815301076,1909f56bfc062723c751e8b465ee728b) (PreviewImporter) -> (Import Result ID: '376bfaa0e228b8643b83e4e19c65961d') in 0.0231837 seconds [static and dynamic dependencies]. Details - ImportResultOutputID=89540e6bb0b0a414457d268aaf8b1526 DependenciesID=c0f3847ea23686f2a9a623d8cfe21423 StaticDependenciesID=844f6ca0cbb796547cd4e56df3156e1b 
Number of updated asset objects reloaded before import = 0Number of asset objects unloaded after import = 7

========================================================================
Received Import Request.
  Time since last request: 0.000023 seconds.
  path: Assets/PolygonFantasyKingdom/Models/SM_Bld_Castle_Wall_Pillars_Half_Corner_S_01.fbx
  importAddress: Guid(9fa027ff9f0a96041a07a5747df6c78b) Importer(815301076,1909f56bfc062723c751e8b465ee728b)
Start importing Assets/PolygonFantasyKingdom/Models/SM_Bld_Castle_Wall_Pillars_Half_Corner_S_01.fbx using Guid(9fa027ff9f0a96041a07a5747df6c78b) Importer(815301076,1909f56bfc062723c751e8b465ee728b) (PreviewImporter) -> (Import Result ID: 'fab6f68ee22534f52b151af1f332d07d') in 0.02137 seconds [static and dynamic dependencies]. Details - ImportResultOutputID=7d483e0bb9eed4b11fe3cb850211858c DependenciesID=7d2daa4829d0382bf108f8aee08e8032 StaticDependenciesID=f9a6fca072675a1af5b7b94e9b7bd2ac 
Number of updated asset objects reloaded before import = 0Number of asset objects unloaded after import = 7

========================================================================
Received Import Request.
  Time since last request: 0.000029 seconds.
  path: Assets/PolygonFantasyKingdom/Models/SM_Bld_Castle_Wall_Pillars_Half_Corner_L_01.fbx
  importAddress: Guid(6421dfe2ec587e94b9fd1939219a45d0) Importer(815301076,1909f56bfc062723c751e8b465ee728b)
Start importing Assets/PolygonFantasyKingdom/Models/SM_Bld_Castle_Wall_Pillars_Half_Corner_L_01.fbx using Guid(6421dfe2ec587e94b9fd1939219a45d0) Importer(815301076,1909f56bfc062723c751e8b465ee728b) (PreviewImporter) -> (Import Result ID: '74b28e87170bb1348406c7e5a0a0d3f3') in 0.020729 seconds [static and dynamic dependencies]. Details - ImportResultOutputID=7fe19ac5f61ca432e4a46ba880b8afdb DependenciesID=7348af07413aad55b670319749c7f907 StaticDependenciesID=7c331dd20c2325e0edda34291c576d24 
Number of updated asset objects reloaded before import = 0Number of asset objects unloaded after import = 7

========================================================================
Received Import Request.
  Time since last request: 0.217688 seconds.
  path: Assets/PolygonFantasyKingdom/Models/SM_Bld_Castle_Wall_Window_Big_01.fbx
  importAddress: Guid(a9a9b478e6694a24d975239104f805cf) Importer(815301076,1909f56bfc062723c751e8b465ee728b)
Start importing Assets/PolygonFantasyKingdom/Models/SM_Bld_Castle_Wall_Window_Big_01.fbx using Guid(a9a9b478e6694a24d975239104f805cf) Importer(815301076,1909f56bfc062723c751e8b465ee728b) (PreviewImporter) -> (Import Result ID: '99a6fd55b2b9b66f59adec5f76ddba4b') in 0.0332243 seconds [static and dynamic dependencies]. Details - ImportResultOutputID=67faa93bd14e4c63fbedf15b3aa18f0f DependenciesID=1db2398e784511b12db754f2a5cf514f StaticDependenciesID=709a77b5146d49ae28b4ce27b3c0e992 
Number of updated asset objects reloaded before import = 0Number of asset objects unloaded after import = 12

========================================================================
Received Import Request.
  Time since last request: 0.000017 seconds.
  path: Assets/PolygonFantasyKingdom/Models/SM_Bld_House_Chimney_04.fbx
  importAddress: Guid(9ce28b499f3c1ca42a39e51b29224647) Importer(815301076,1909f56bfc062723c751e8b465ee728b)
Start importing Assets/PolygonFantasyKingdom/Models/SM_Bld_House_Chimney_04.fbx using Guid(9ce28b499f3c1ca42a39e51b29224647) Importer(815301076,1909f56bfc062723c751e8b465ee728b) (PreviewImporter) -> (Import Result ID: 'ed2bdea07866d6828f732676ef3b424d') in 0.0233991 seconds [static and dynamic dependencies]. Details - ImportResultOutputID=81573997b0a1bad64ee4a0bcfd272f38 DependenciesID=a6a69fb4009c9af3766034c12f327fa3 StaticDependenciesID=b84dfc897f78658a024c5b05ad46124c 
Number of updated asset objects reloaded before import = 0Number of asset objects unloaded after import = 7

========================================================================
Received Import Request.
  Time since last request: 0.000029 seconds.
  path: Assets/PolygonFantasyKingdom/Models/SM_Bld_House_Chimney_06.fbx
  importAddress: Guid(7a6ef1447f1104245abfb54f5e57f7f7) Importer(815301076,1909f56bfc062723c751e8b465ee728b)
Start importing Assets/PolygonFantasyKingdom/Models/SM_Bld_House_Chimney_06.fbx using Guid(7a6ef1447f1104245abfb54f5e57f7f7) Importer(815301076,1909f56bfc062723c751e8b465ee728b) (PreviewImporter) -> (Import Result ID: 'fd89e03bf7210f2c65f0f29bbe08d5c0') in 0.0214271 seconds [static and dynamic dependencies]. Details - ImportResultOutputID=413806bb61ff9b692c24d6208723513d DependenciesID=3bf41213bfb55b860abd7da84eec723b StaticDependenciesID=9e39683aa033bc2518d5be99fa804563 
Number of updated asset objects reloaded before import = 0Number of asset objects unloaded after import = 7

========================================================================
Received Import Request.
  Time since last request: 0.000021 seconds.
  path: Assets/PolygonFantasyKingdom/Models/SM_Bld_House_Chimney_Base_02.fbx
  importAddress: Guid(0824247b5531789429387d819b565d6e) Importer(815301076,1909f56bfc062723c751e8b465ee728b)
Start importing Assets/PolygonFantasyKingdom/Models/SM_Bld_House_Chimney_Base_02.fbx using Guid(0824247b5531789429387d819b565d6e) Importer(815301076,1909f56bfc062723c751e8b465ee728b) (PreviewImporter) -> (Import Result ID: '1aa18556d7f84b5f41935764126610ac') in 0.0201868 seconds [static and dynamic dependencies]. Details - ImportResultOutputID=9e3aecb485813e455fe567702bd19c97 DependenciesID=ee7bcc614bb2610629a36c4b03fb7625 StaticDependenciesID=025d9f9049794dcc3df48ed684f26c2a 
Number of updated asset objects reloaded before import = 0Number of asset objects unloaded after import = 7

========================================================================
Received Import Request.
  Time since last request: 0.000025 seconds.
  path: Assets/PolygonFantasyKingdom/Models/SM_Bld_House_Chimney_Stone_Base_03.fbx
  importAddress: Guid(760f2a758fc6a404f9d22d29284e3769) Importer(815301076,1909f56bfc062723c751e8b465ee728b)
Start importing Assets/PolygonFantasyKingdom/Models/SM_Bld_House_Chimney_Stone_Base_03.fbx using Guid(760f2a758fc6a404f9d22d29284e3769) Importer(815301076,1909f56bfc062723c751e8b465ee728b) (PreviewImporter) -> (Import Result ID: 'd1ea1d3018666b04ce43db6affb82265') in 0.0234025 seconds [static and dynamic dependencies]. Details - ImportResultOutputID=3e81233a736db4c0b0bc53d2233070a3 DependenciesID=6eacff8545e8820ab453e635d112cb0f StaticDependenciesID=7e79a896d1cd5248942865f59fdfef32 
Number of updated asset objects reloaded before import = 0Number of asset objects unloaded after import = 7

========================================================================
Received Import Request.
  Time since last request: 0.000076 seconds.
  path: Assets/PolygonFantasyKingdom/Models/SM_Bld_House_Chimney_Stone_Base_01.fbx
  importAddress: Guid(bded980eaf812e940900b33a4bd2add7) Importer(815301076,1909f56bfc062723c751e8b465ee728b)
Start importing Assets/PolygonFantasyKingdom/Models/SM_Bld_House_Chimney_Stone_Base_01.fbx using Guid(bded980eaf812e940900b33a4bd2add7) Importer(815301076,1909f56bfc062723c751e8b465ee728b) (PreviewImporter) -> (Import Result ID: '4922eae51b171d6eb099739783813784') in 0.018726 seconds [static and dynamic dependencies]. Details - ImportResultOutputID=c23bca8bb4f02d014953d8d03fb25845 DependenciesID=ec2d445914f67eabe55430b47b43cf15 StaticDependenciesID=3db71f108a3937f56615861c4a8f0cad 
Number of updated asset objects reloaded before import = 0Number of asset objects unloaded after import = 7

========================================================================
Received Import Request.
  Time since last request: 0.000020 seconds.
  path: Assets/PolygonFantasyKingdom/Models/SM_Bld_House_Chimney_01.fbx
  importAddress: Guid(42bd3ec214192034d8b74ef4e8e7f59a) Importer(815301076,1909f56bfc062723c751e8b465ee728b)
Start importing Assets/PolygonFantasyKingdom/Models/SM_Bld_House_Chimney_01.fbx using Guid(42bd3ec214192034d8b74ef4e8e7f59a) Importer(815301076,1909f56bfc062723c751e8b465ee728b) (PreviewImporter) -> (Import Result ID: '3931328b9b16dacc21e4bf8144a05a81') in 0.0203555 seconds [static and dynamic dependencies]. Details - ImportResultOutputID=7fc4b03b7a8c9f998083cfbcc53a8b0b DependenciesID=d27a8559f7ba699d9387fcd6f0b7efd5 StaticDependenciesID=8bc24ab4815766b8ac15a363e97fe3e0 
Number of updated asset objects reloaded before import = 0Number of asset objects unloaded after import = 7

========================================================================
Received Import Request.
  Time since last request: 0.000020 seconds.
  path: Assets/PolygonFantasyKingdom/Models/SM_Bld_House_Base_Wall_Half_02.fbx
  importAddress: Guid(89738b8489a02aa47a848ca0fd20e061) Importer(815301076,1909f56bfc062723c751e8b465ee728b)
Start importing Assets/PolygonFantasyKingdom/Models/SM_Bld_House_Base_Wall_Half_02.fbx using Guid(89738b8489a02aa47a848ca0fd20e061) Importer(815301076,1909f56bfc062723c751e8b465ee728b) (PreviewImporter) -> (Import Result ID: 'e9de93ac673cd6ed4604a424955d6ae9') in 0.0243945 seconds [static and dynamic dependencies]. Details - ImportResultOutputID=51c3ad368fb033741663cc506f2f6793 DependenciesID=5ebc2f83ae864b12219e7e73c86d922f StaticDependenciesID=a105194c490ce6eb7e3b005c486bdcee 
Number of updated asset objects reloaded before import = 0Number of asset objects unloaded after import = 7

========================================================================
Received Import Request.
  Time since last request: 0.000030 seconds.
  path: Assets/PolygonFantasyKingdom/Models/SM_Bld_House_Chimney_Stone_01.fbx
  importAddress: Guid(2052a486e881f4946bc5813c81657709) Importer(815301076,1909f56bfc062723c751e8b465ee728b)
Start importing Assets/PolygonFantasyKingdom/Models/SM_Bld_House_Chimney_Stone_01.fbx using Guid(2052a486e881f4946bc5813c81657709) Importer(815301076,1909f56bfc062723c751e8b465ee728b) (PreviewImporter) -> (Import Result ID: '59f1874248618d9dabec2f1f6978975c') in 0.020445 seconds [static and dynamic dependencies]. Details - ImportResultOutputID=2dd519111676d6dceba06796bc38dfc9 DependenciesID=43a004a8744de1bc513dd7811a5b8ecc StaticDependenciesID=60f8cf86b9d259ed5036cf05c2f48454 
Number of updated asset objects reloaded before import = 0Number of asset objects unloaded after import = 7

========================================================================
Received Import Request.
  Time since last request: 0.221589 seconds.
  path: Assets/PolygonFantasyKingdom/Models/SM_Bld_House_Floor_Wood_05.fbx
  importAddress: Guid(e63b6c3588da11040a39a9162d292214) Importer(815301076,1909f56bfc062723c751e8b465ee728b)
Start importing Assets/PolygonFantasyKingdom/Models/SM_Bld_House_Floor_Wood_05.fbx using Guid(e63b6c3588da11040a39a9162d292214) Importer(815301076,1909f56bfc062723c751e8b465ee728b) (PreviewImporter) -> (Import Result ID: '3ae0d32e85c04bdbd3863fdf9a2e5ea6') in 0.0231125 seconds [static and dynamic dependencies]. Details - ImportResultOutputID=45712c9b67ff624fec6f8f2f386315dd DependenciesID=55d1a160b70291e78c0b5288a9799b30 StaticDependenciesID=1d04ab0cd228e5f2438ae6b09744468f 
Number of updated asset objects reloaded before import = 0Number of asset objects unloaded after import = 7

========================================================================
Received Import Request.
  Time since last request: 0.000021 seconds.
  path: Assets/PolygonFantasyKingdom/Models/SM_Bld_House_Railing_01.fbx
  importAddress: Guid(52bd97577aaac2847bbcdf52060e599d) Importer(815301076,1909f56bfc062723c751e8b465ee728b)
Start importing Assets/PolygonFantasyKingdom/Models/SM_Bld_House_Railing_01.fbx using Guid(52bd97577aaac2847bbcdf52060e599d) Importer(815301076,1909f56bfc062723c751e8b465ee728b) (PreviewImporter) -> (Import Result ID: 'ad36d91bc8131561cb0faffd5fa39b29') in 0.0244602 seconds [static and dynamic dependencies]. Details - ImportResultOutputID=fde037525a3922e82a4fe9d98f863610 DependenciesID=cc5a9b0e3d6c98dd5dc748d2d50f4ff2 StaticDependenciesID=0c707150ec940d1f04e48c4fbff6e842 
Number of updated asset objects reloaded before import = 0Number of asset objects unloaded after import = 7

========================================================================
Received Import Request.
  Time since last request: 0.000021 seconds.
  path: Assets/PolygonFantasyKingdom/Models/SM_Bld_House_Roof_Beam_01.fbx
  importAddress: Guid(027a553e6905768408cf0ac066fa74fd) Importer(815301076,1909f56bfc062723c751e8b465ee728b)
Start importing Assets/PolygonFantasyKingdom/Models/SM_Bld_House_Roof_Beam_01.fbx using Guid(027a553e6905768408cf0ac066fa74fd) Importer(815301076,1909f56bfc062723c751e8b465ee728b) (PreviewImporter) -> (Import Result ID: 'f05d48e8414bc560186ddf46985fb47c') in 0.0222308 seconds [static and dynamic dependencies]. Details - ImportResultOutputID=3012427a4e8c6ea3c1a48709794ea54f DependenciesID=d754b3aefee898ed1d219deb79264c87 StaticDependenciesID=913c2848819eb1c991215055196f5886 
Number of updated asset objects reloaded before import = 0Number of asset objects unloaded after import = 7

========================================================================
Received Import Request.
  Time since last request: 0.000023 seconds.
  path: Assets/PolygonFantasyKingdom/Models/SM_Bld_House_Roof_Thatch_01.fbx
  importAddress: Guid(5d75f9a97aa0651429e835f8430afb2f) Importer(815301076,1909f56bfc062723c751e8b465ee728b)
Start importing Assets/PolygonFantasyKingdom/Models/SM_Bld_House_Roof_Thatch_01.fbx using Guid(5d75f9a97aa0651429e835f8430afb2f) Importer(815301076,1909f56bfc062723c751e8b465ee728b) (PreviewImporter) -> (Import Result ID: '8a1e3d93827156df3955990c2425a789') in 0.0239235 seconds [static and dynamic dependencies]. Details - ImportResultOutputID=a6df2edfa17394b18a462a41153b1f1b DependenciesID=c7165f2d0e77dc66dd6b7a7378694624 StaticDependenciesID=b0ea4272c77c50cd5b80aa2f7e66510c 
Number of updated asset objects reloaded before import = 0Number of asset objects unloaded after import = 7

========================================================================
Received Import Request.
  Time since last request: 0.013359 seconds.
  path: Assets/PolygonFantasyKingdom/Models/SM_Bld_House_Roof_Thatch_Angled_02.fbx
  importAddress: Guid(9f10394357a86c94fbe830db8676de90) Importer(815301076,1909f56bfc062723c751e8b465ee728b)
Start importing Assets/PolygonFantasyKingdom/Models/SM_Bld_House_Roof_Thatch_Angled_02.fbx using Guid(9f10394357a86c94fbe830db8676de90) Importer(815301076,1909f56bfc062723c751e8b465ee728b) (PreviewImporter) -> (Import Result ID: '9879b9504cfe0868835daec14a809993') in 0.02402 seconds [static and dynamic dependencies]. Details - ImportResultOutputID=9b8d37763c9dc417f1e88535b64491ca DependenciesID=54edfe63e566ff67ad2cb11994dd8af2 StaticDependenciesID=a7fffaa84e9738cbd1a84b10c982d626 
Number of updated asset objects reloaded before import = 0Number of asset objects unloaded after import = 7

========================================================================
Received Import Request.
  Time since last request: 0.000022 seconds.
  path: Assets/PolygonFantasyKingdom/Models/SM_Bld_House_Roof_Thatch_Cover_Corner_04.fbx
  importAddress: Guid(b1210b2c83ff489489e3b623c6b5498d) Importer(815301076,1909f56bfc062723c751e8b465ee728b)
Start importing Assets/PolygonFantasyKingdom/Models/SM_Bld_House_Roof_Thatch_Cover_Corner_04.fbx using Guid(b1210b2c83ff489489e3b623c6b5498d) Importer(815301076,1909f56bfc062723c751e8b465ee728b) (PreviewImporter) -> (Import Result ID: '26d37382850f65670e830e952ebcad10') in 0.0294998 seconds [static and dynamic dependencies]. Details - ImportResultOutputID=fab06693f2aa5d49ac3b205178b70ff8 DependenciesID=b46a8a43dfc08b33bebad84582f91bb4 StaticDependenciesID=5c87782af114608ebc9328e4a1e0efd0 
Number of updated asset objects reloaded before import = 0Number of asset objects unloaded after import = 7

========================================================================
Received Import Request.
  Time since last request: 0.000721 seconds.
  path: Assets/PolygonFantasyKingdom/Models/SM_Bld_House_Roof_Thatch_Cover_02.fbx
  importAddress: Guid(423ff902d69087347bc7e9635f45e9d5) Importer(815301076,1909f56bfc062723c751e8b465ee728b)
Start importing Assets/PolygonFantasyKingdom/Models/SM_Bld_House_Roof_Thatch_Cover_02.fbx using Guid(423ff902d69087347bc7e9635f45e9d5) Importer(815301076,1909f56bfc062723c751e8b465ee728b) (PreviewImporter) -> (Import Result ID: 'd62c80eb232d58f1816d31c95c3eb9cc') in 0.0224505 seconds [static and dynamic dependencies]. Details - ImportResultOutputID=6dd49c503f54f8c87875066b5b78f8b3 DependenciesID=e1a80458342b01ffc394634ada2ced57 StaticDependenciesID=1e4029bd0ed0d40b5048b3e961cbf4ba 
Number of updated asset objects reloaded before import = 0Number of asset objects unloaded after import = 7

========================================================================
Received Import Request.
  Time since last request: 0.000040 seconds.
  path: Assets/PolygonFantasyKingdom/Models/SM_Bld_House_Roof_Thatch_Cover_01.fbx
  importAddress: Guid(c6f85b8cdb43b534ab980c61a6370d20) Importer(815301076,1909f56bfc062723c751e8b465ee728b)
Start importing Assets/PolygonFantasyKingdom/Models/SM_Bld_House_Roof_Thatch_Cover_01.fbx using Guid(c6f85b8cdb43b534ab980c61a6370d20) Importer(815301076,1909f56bfc062723c751e8b465ee728b) (PreviewImporter) -> (Import Result ID: 'fc1cbe278e8a5d248b35d0f5ee770b0c') in 0.0190719 seconds [static and dynamic dependencies]. Details - ImportResultOutputID=9ae8126fa97c6bdcb9a98b41ee792666 DependenciesID=e51d3d07b7fe4fc7e8db17881c645a10 StaticDependenciesID=40765b94c35b09c07f9222f8d1f71b3d 
Number of updated asset objects reloaded before import = 0Number of asset objects unloaded after import = 7

========================================================================
Received Import Request.
  Time since last request: 0.000026 seconds.
  path: Assets/PolygonFantasyKingdom/Models/SM_Bld_House_Roof_Thatch_Cover_Corner_03.fbx
  importAddress: Guid(e3d4acbb63a5c28459491d95200bba47) Importer(815301076,1909f56bfc062723c751e8b465ee728b)
Start importing Assets/PolygonFantasyKingdom/Models/SM_Bld_House_Roof_Thatch_Cover_Corner_03.fbx using Guid(e3d4acbb63a5c28459491d95200bba47) Importer(815301076,1909f56bfc062723c751e8b465ee728b) (PreviewImporter) -> (Import Result ID: '0d8915d1ecedd76a75e1a69b44caa8de') in 0.020931 seconds [static and dynamic dependencies]. Details - ImportResultOutputID=76508c5e9ab79ffb4d9bc864c6d7ad1d DependenciesID=fe3ef38fee4976bfcd464d2310d608e2 StaticDependenciesID=f3a34f0152f4e70a39aa0b4b9622cb93 
Number of updated asset objects reloaded before import = 0Number of asset objects unloaded after import = 7

========================================================================
Received Import Request.
  Time since last request: 0.193407 seconds.
  path: Assets/PolygonFantasyKingdom/Models/SM_Bld_House_Roof_Thatch_Edge_02.fbx
  importAddress: Guid(2cb1481aae95015478d328c36ad7a245) Importer(815301076,1909f56bfc062723c751e8b465ee728b)
Start importing Assets/PolygonFantasyKingdom/Models/SM_Bld_House_Roof_Thatch_Edge_02.fbx using Guid(2cb1481aae95015478d328c36ad7a245) Importer(815301076,1909f56bfc062723c751e8b465ee728b) (PreviewImporter) -> (Import Result ID: '22a51da80fa00b169f8225504a62f226') in 0.0259391 seconds [static and dynamic dependencies]. Details - ImportResultOutputID=985c36c3c1b96522e4f24b1c55f80c91 DependenciesID=d96b9b3d78bfb0d6b82d99b3bad565d9 StaticDependenciesID=0942b3998cb5466482e545047fd7e848 
Number of updated asset objects reloaded before import = 0Number of asset objects unloaded after import = 7

========================================================================
Received Import Request.
  Time since last request: 0.000116 seconds.
  path: Assets/PolygonFantasyKingdom/Models/SM_Bld_House_Roof_Thatch_End_Half_01.fbx
  importAddress: Guid(251b242aa494906488cccb457b94312e) Importer(815301076,1909f56bfc062723c751e8b465ee728b)
Start importing Assets/PolygonFantasyKingdom/Models/SM_Bld_House_Roof_Thatch_End_Half_01.fbx using Guid(251b242aa494906488cccb457b94312e) Importer(815301076,1909f56bfc062723c751e8b465ee728b) (PreviewImporter) -> (Import Result ID: '2b917abfbc0b05f189771f415476cb99') in 0.0270548 seconds [static and dynamic dependencies]. Details - ImportResultOutputID=11ddf6ba5e6f30a26a1d82873db360af DependenciesID=a13a9010774fde13921c27f12a57611e StaticDependenciesID=b2c6f04b66da0d95a506e635d8127acc 
Number of updated asset objects reloaded before import = 0Number of asset objects unloaded after import = 7

========================================================================
Received Import Request.
  Time since last request: 0.000023 seconds.
  path: Assets/PolygonFantasyKingdom/Models/SM_Bld_House_Roof_Thatch_Peak_Cap_Edge_02.fbx
  importAddress: Guid(f543b1acf5482374a97c8856b8e37763) Importer(815301076,1909f56bfc062723c751e8b465ee728b)
Start importing Assets/PolygonFantasyKingdom/Models/SM_Bld_House_Roof_Thatch_Peak_Cap_Edge_02.fbx using Guid(f543b1acf5482374a97c8856b8e37763) Importer(815301076,1909f56bfc062723c751e8b465ee728b) (PreviewImporter) -> (Import Result ID: '326778988c8a855314098e8a9e63da79') in 0.0355144 seconds [static and dynamic dependencies]. Details - ImportResultOutputID=f600c129fe8a5ae53b9357258af967af DependenciesID=94668658206fd79393426069f3d664a0 StaticDependenciesID=c21591d84c6d01dfd892bf8ebbf671ce 
Number of updated asset objects reloaded before import = 0Number of asset objects unloaded after import = 7

========================================================================
Received Import Request.
  Time since last request: 0.000553 seconds.
  path: Assets/PolygonFantasyKingdom/Models/SM_Bld_House_Roof_Thatch_TowerGap_02.fbx
  importAddress: Guid(56b2357b54906ac499af16788eae888e) Importer(815301076,1909f56bfc062723c751e8b465ee728b)
Start importing Assets/PolygonFantasyKingdom/Models/SM_Bld_House_Roof_Thatch_TowerGap_02.fbx using Guid(56b2357b54906ac499af16788eae888e) Importer(815301076,1909f56bfc062723c751e8b465ee728b) (PreviewImporter) -> (Import Result ID: 'd75c1f9b21f2c8bde084e18f9e77e6be') in 0.0316607 seconds [static and dynamic dependencies]. Details - ImportResultOutputID=3c68715f3423a61343089308bd63343e DependenciesID=6181b34d313498f69048a33f22dcb0f5 StaticDependenciesID=ce2d8e9955c21ed5c0e92dcf155fa7f2 
Number of updated asset objects reloaded before import = 0Number of asset objects unloaded after import = 7

========================================================================
Received Import Request.
  Time since last request: 0.000055 seconds.
  path: Assets/PolygonFantasyKingdom/Models/SM_Bld_House_Roof_Tile_Angled_01.fbx
  importAddress: Guid(9c49f1345789c1646a694799dc6eded0) Importer(815301076,1909f56bfc062723c751e8b465ee728b)
Start importing Assets/PolygonFantasyKingdom/Models/SM_Bld_House_Roof_Tile_Angled_01.fbx using Guid(9c49f1345789c1646a694799dc6eded0) Importer(815301076,1909f56bfc062723c751e8b465ee728b) (PreviewImporter) -> (Import Result ID: 'b4a051d3e75d1be7f8dc8cec57026a1e') in 0.0388177 seconds [static and dynamic dependencies]. Details - ImportResultOutputID=100ca43cd7b51cb824fd45ed922dc03a DependenciesID=1cb54f4a0585b2b00babdc5e3fd6e2be StaticDependenciesID=31336da25f7a8aa404aba530e004a136 
Number of updated asset objects reloaded before import = 0Number of asset objects unloaded after import = 7

========================================================================
Received Import Request.
  Time since last request: 0.000029 seconds.
  path: Assets/PolygonFantasyKingdom/Models/SM_Bld_House_Roof_Thatch_Peak_Cap_Half_01.fbx
  importAddress: Guid(19827e305880df24f87f715207dde532) Importer(815301076,1909f56bfc062723c751e8b465ee728b)
Start importing Assets/PolygonFantasyKingdom/Models/SM_Bld_House_Roof_Thatch_Peak_Cap_Half_01.fbx using Guid(19827e305880df24f87f715207dde532) Importer(815301076,1909f56bfc062723c751e8b465ee728b) (PreviewImporter) -> (Import Result ID: '86b78ceb5254641f7df76a539c44bf20') in 0.0272414 seconds [static and dynamic dependencies]. Details - ImportResultOutputID=0322798b5a8b3dfd883b88ced978a2fc DependenciesID=d38bbdd3c5a83906f2bac065af018007 StaticDependenciesID=4c3a708f969918a72095a29d54d933aa 
Number of updated asset objects reloaded before import = 0Number of asset objects unloaded after import = 7

========================================================================
Received Import Request.
  Time since last request: 0.000056 seconds.
  path: Assets/PolygonFantasyKingdom/Models/SM_Bld_House_Roof_Thatch_Peak_Cap_Beams_02.fbx
  importAddress: Guid(558420d1bd71518428e55ffa51846c3d) Importer(815301076,1909f56bfc062723c751e8b465ee728b)
Start importing Assets/PolygonFantasyKingdom/Models/SM_Bld_House_Roof_Thatch_Peak_Cap_Beams_02.fbx using Guid(558420d1bd71518428e55ffa51846c3d) Importer(815301076,1909f56bfc062723c751e8b465ee728b) (PreviewImporter) -> (Import Result ID: '1ca9f17f7271e34f2a87d8c813c4b0ba') in 0.0415025 seconds [static and dynamic dependencies]. Details - ImportResultOutputID=9b6cc8fba9fdd14e5b397a4a99d048aa DependenciesID=00856eebeec4e53d0c1113a901568b56 StaticDependenciesID=4000414c0a10d2553b1cf0a2c09019d0 
Number of updated asset objects reloaded before import = 0Number of asset objects unloaded after import = 7

========================================================================
Received Import Request.
  Time since last request: 0.000052 seconds.
  path: Assets/PolygonFantasyKingdom/Models/SM_Bld_House_Roof_Thatch_Stick_01.fbx
  importAddress: Guid(00f9cba91801fff4ab99f1d81443b48e) Importer(815301076,1909f56bfc062723c751e8b465ee728b)
Start importing Assets/PolygonFantasyKingdom/Models/SM_Bld_House_Roof_Thatch_Stick_01.fbx using Guid(00f9cba91801fff4ab99f1d81443b48e) Importer(815301076,1909f56bfc062723c751e8b465ee728b) (PreviewImporter) -> (Import Result ID: '250043323ed84d59942e5ce9f01b7ab9') in 0.0243748 seconds [static and dynamic dependencies]. Details - ImportResultOutputID=bb21b14bcb1b4fd0db1521d33f927454 DependenciesID=93b1b2df87ef9c905529edbf6b0640fc StaticDependenciesID=c4c0eb14b0231aa229c2d60e36e57077 
Number of updated asset objects reloaded before import = 0Number of asset objects unloaded after import = 7

========================================================================
Received Import Request.
  Time since last request: 0.000423 seconds.
  path: Assets/PolygonFantasyKingdom/Models/SM_Bld_House_Roof_Thatch_Peak_Cap_03.fbx
  importAddress: Guid(b96d0813fa571954e947056a351576b5) Importer(815301076,1909f56bfc062723c751e8b465ee728b)
Start importing Assets/PolygonFantasyKingdom/Models/SM_Bld_House_Roof_Thatch_Peak_Cap_03.fbx using Guid(b96d0813fa571954e947056a351576b5) Importer(815301076,1909f56bfc062723c751e8b465ee728b) (PreviewImporter) -> (Import Result ID: '36f621ad88d10d7b1113297a01d6a33d') in 0.0257118 seconds [static and dynamic dependencies]. Details - ImportResultOutputID=23dd9c8d497008cd2d2c9456f38217ef DependenciesID=4c76ae20637a34c97643aaca0e32a49e StaticDependenciesID=46a54ed1767ab4fa39087848088dcf7c 
Number of updated asset objects reloaded before import = 0Number of asset objects unloaded after import = 7

========================================================================
Received Import Request.
  Time since last request: 0.093598 seconds.
  path: Assets/PolygonFantasyKingdom/Models/SM_Bld_House_Roof_Tile_Corner_01.fbx
  importAddress: Guid(4b4e660df16c05d429b52f34b168d626) Importer(815301076,1909f56bfc062723c751e8b465ee728b)
Start importing Assets/PolygonFantasyKingdom/Models/SM_Bld_House_Roof_Tile_Corner_01.fbx using Guid(4b4e660df16c05d429b52f34b168d626) Importer(815301076,1909f56bfc062723c751e8b465ee728b) (PreviewImporter) -> (Import Result ID: 'e7cdb955c0a397a71d1b4ef07e0f1bc0') in 0.0278161 seconds [static and dynamic dependencies]. Details - ImportResultOutputID=feb76eca9d0a4ea8a6944e46f4be8fcf DependenciesID=6f59a32156075a3cafcb97a7a798e103 StaticDependenciesID=fa8b8cf985be9bcf85498bb5c7eb216b 
Number of updated asset objects reloaded before import = 0Number of asset objects unloaded after import = 7

========================================================================
Received Import Request.
  Time since last request: 0.000029 seconds.
  path: Assets/PolygonFantasyKingdom/Models/SM_Bld_House_Roof_Tile_Cover_03.fbx
  importAddress: Guid(d39035af5e54fde448fdbeb249c34185) Importer(815301076,1909f56bfc062723c751e8b465ee728b)
Start importing Assets/PolygonFantasyKingdom/Models/SM_Bld_House_Roof_Tile_Cover_03.fbx using Guid(d39035af5e54fde448fdbeb249c34185) Importer(815301076,1909f56bfc062723c751e8b465ee728b) (PreviewImporter) -> (Import Result ID: 'b6896c17e89253b92313e549b495ae74') in 0.0290656 seconds [static and dynamic dependencies]. Details - ImportResultOutputID=f5bfd635711da4c241602e1eca0c7cc1 DependenciesID=874b2b7b2937095ca4fd7a97da1a1ee3 StaticDependenciesID=fd20ee69e323aae34ce3e9a1e8b5ab60 
Number of updated asset objects reloaded before import = 0Number of asset objects unloaded after import = 7

========================================================================
Received Import Request.
  Time since last request: 0.000166 seconds.
  path: Assets/PolygonFantasyKingdom/Models/SM_Bld_House_Roof_Tile_Peak_Cap_Edge_02.fbx
  importAddress: Guid(716d316bf4dcd3c46afc48d3fbcc05ed) Importer(815301076,1909f56bfc062723c751e8b465ee728b)
Start importing Assets/PolygonFantasyKingdom/Models/SM_Bld_House_Roof_Tile_Peak_Cap_Edge_02.fbx using Guid(716d316bf4dcd3c46afc48d3fbcc05ed) Importer(815301076,1909f56bfc062723c751e8b465ee728b) (PreviewImporter) -> (Import Result ID: 'bfdfc19ffaabced1e83be5547803f9fa') in 0.0352812 seconds [static and dynamic dependencies]. Details - ImportResultOutputID=6cfbf874a0a6a55d9df3acf5ecac753d DependenciesID=f38601c0812adb4a47df8bbfb8a4dd98 StaticDependenciesID=54c3c5c2b56aff2b12191221fed9849d 
Number of updated asset objects reloaded before import = 0Number of asset objects unloaded after import = 7

========================================================================
Received Import Request.
  Time since last request: 0.000033 seconds.
  path: Assets/PolygonFantasyKingdom/Models/SM_Bld_House_Roof_Tile_Cover_Corner_01.fbx
  importAddress: Guid(d2d62128563967c409b2d3edf938417e) Importer(815301076,1909f56bfc062723c751e8b465ee728b)
Start importing Assets/PolygonFantasyKingdom/Models/SM_Bld_House_Roof_Tile_Cover_Corner_01.fbx using Guid(d2d62128563967c409b2d3edf938417e) Importer(815301076,1909f56bfc062723c751e8b465ee728b) (PreviewImporter) -> (Import Result ID: '94f1c3fdad5ca79ab94952793c4871d4') in 0.0289786 seconds [static and dynamic dependencies]. Details - ImportResultOutputID=6531cb5ab31f364abcb2abafaf96f06a DependenciesID=31a2aa3788baac2f9284c3495c5c797d StaticDependenciesID=94ec658301cb96b8b952943d8098b91d 
Number of updated asset objects reloaded before import = 0Number of asset objects unloaded after import = 7

========================================================================
Received Import Request.
  Time since last request: 0.000170 seconds.
  path: Assets/PolygonFantasyKingdom/Models/SM_Bld_House_Roof_Tile_Peak_Cap_Half_01.fbx
  importAddress: Guid(8fc57d2bc65629942961475f5e22ea79) Importer(815301076,1909f56bfc062723c751e8b465ee728b)
Start importing Assets/PolygonFantasyKingdom/Models/SM_Bld_House_Roof_Tile_Peak_Cap_Half_01.fbx using Guid(8fc57d2bc65629942961475f5e22ea79) Importer(815301076,1909f56bfc062723c751e8b465ee728b) (PreviewImporter) -> (Import Result ID: '6a4efb801bc838f192b043b453b4346e') in 0.0261795 seconds [static and dynamic dependencies]. Details - ImportResultOutputID=60ec020defb54e67308ea99d131fa7ed DependenciesID=04560c3ada54f0b7ade0b3999f5b4ccc StaticDependenciesID=0577248c24b892378d86e08827ac2ff8 
Number of updated asset objects reloaded before import = 0Number of asset objects unloaded after import = 7

========================================================================
Received Import Request.
  Time since last request: 0.000137 seconds.
  path: Assets/PolygonFantasyKingdom/Models/SM_Bld_House_Roof_Tile_Cover_Corner_03.fbx
  importAddress: Guid(c4e2daf0c6818fc43b0efb3483550662) Importer(815301076,1909f56bfc062723c751e8b465ee728b)
Start importing Assets/PolygonFantasyKingdom/Models/SM_Bld_House_Roof_Tile_Cover_Corner_03.fbx using Guid(c4e2daf0c6818fc43b0efb3483550662) Importer(815301076,1909f56bfc062723c751e8b465ee728b) (PreviewImporter) -> (Import Result ID: '8c9daa14f61952e1af2444e4415fc1a1') in 0.0248034 seconds [static and dynamic dependencies]. Details - ImportResultOutputID=3a602d3bb3a7ed7584c683a008430c85 DependenciesID=8862dceba52c320ebb18abe84b517022 StaticDependenciesID=8147520aacb4b9c1b6b9ebf2803bfdf1 
Number of updated asset objects reloaded before import = 0Number of asset objects unloaded after import = 7

========================================================================
Received Import Request.
  Time since last request: 0.000036 seconds.
  path: Assets/PolygonFantasyKingdom/Models/SM_Bld_House_Roof_Tile_Edge_01.fbx
  importAddress: Guid(03f3e5849305c7740a229a61160d795b) Importer(815301076,1909f56bfc062723c751e8b465ee728b)
Start importing Assets/PolygonFantasyKingdom/Models/SM_Bld_House_Roof_Tile_Edge_01.fbx using Guid(03f3e5849305c7740a229a61160d795b) Importer(815301076,1909f56bfc062723c751e8b465ee728b) (PreviewImporter) -> (Import Result ID: '5a3f76ed0da6fcdade3a6520351640dd') in 0.0815371 seconds [static and dynamic dependencies]. Details - ImportResultOutputID=aeed17febcb270aa5abfe71bb185ee3d DependenciesID=69efc848eb177587900ecc541819536f StaticDependenciesID=fbba04c145cdccc132000c13f87371ad 
Number of updated asset objects reloaded before import = 0Number of asset objects unloaded after import = 7

========================================================================
Received Import Request.
  Time since last request: 0.000055 seconds.
  path: Assets/PolygonFantasyKingdom/Models/SM_Bld_House_Roof_Tile_Half_01.fbx
  importAddress: Guid(9e591f354e52e154f93d8d2081e2d5c7) Importer(815301076,1909f56bfc062723c751e8b465ee728b)
Start importing Assets/PolygonFantasyKingdom/Models/SM_Bld_House_Roof_Tile_Half_01.fbx using Guid(9e591f354e52e154f93d8d2081e2d5c7) Importer(815301076,1909f56bfc062723c751e8b465ee728b) (PreviewImporter) -> (Import Result ID: '0a9019de799e5b9cb0c14104665d0936') in 0.0275791 seconds [static and dynamic dependencies]. Details - ImportResultOutputID=42614d2d3b05f8bbf85928438d06d90c DependenciesID=164a43e21233cc4aadcc3379bb7bddb4 StaticDependenciesID=fdd401378dfd13a6578c7beb7f97bd3b 
Number of updated asset objects reloaded before import = 0Number of asset objects unloaded after import = 7

========================================================================
Received Import Request.
  Time since last request: 0.000028 seconds.
  path: Assets/PolygonFantasyKingdom/Models/SM_Bld_House_Roof_Tile_Cover_Corner_06.fbx
  importAddress: Guid(a384d9a9e4c4b6840a1670e3f68bccaf) Importer(815301076,1909f56bfc062723c751e8b465ee728b)
Start importing Assets/PolygonFantasyKingdom/Models/SM_Bld_House_Roof_Tile_Cover_Corner_06.fbx using Guid(a384d9a9e4c4b6840a1670e3f68bccaf) Importer(815301076,1909f56bfc062723c751e8b465ee728b) (PreviewImporter) -> (Import Result ID: 'b99625531a8ea650a3fcb9524baa281d') in 0.023275 seconds [static and dynamic dependencies]. Details - ImportResultOutputID=21d4099d935aba845006ca73454f27fa DependenciesID=f4c5be1b16376d541b16c527e9c07c10 StaticDependenciesID=587a240c0aa7b3ed8752f9c88a9f25ff 
Number of updated asset objects reloaded before import = 0Number of asset objects unloaded after import = 7

========================================================================
Received Import Request.
  Time since last request: 0.473352 seconds.
  path: Assets/PolygonFantasyKingdom/Models/SM_Bld_House_Roof_Tile_Window_02.fbx
  importAddress: Guid(a605c276a42675e4486e63aca29ee5d4) Importer(815301076,1909f56bfc062723c751e8b465ee728b)
Start importing Assets/PolygonFantasyKingdom/Models/SM_Bld_House_Roof_Tile_Window_02.fbx using Guid(a605c276a42675e4486e63aca29ee5d4) Importer(815301076,1909f56bfc062723c751e8b465ee728b) (PreviewImporter) -> (Import Result ID: '06c0cfc020986ff066846a845c80c8d2') in 0.0415555 seconds [static and dynamic dependencies]. Details - ImportResultOutputID=b2c5a15bda6faddcf0361eddf1573101 DependenciesID=335b5520a24d4f1f9540bea2327e1303 StaticDependenciesID=39866aada39e4789487b3f0caea5ea0c 
Number of updated asset objects reloaded before import = 0Number of asset objects unloaded after import = 12

========================================================================
Received Import Request.
  Time since last request: 0.000022 seconds.
  path: Assets/PolygonFantasyKingdom/Models/SM_Bld_House_Stairs_Railing_01.fbx
  importAddress: Guid(48ba45594f45c994e8d4a07254afb949) Importer(815301076,1909f56bfc062723c751e8b465ee728b)
Start importing Assets/PolygonFantasyKingdom/Models/SM_Bld_House_Stairs_Railing_01.fbx using Guid(48ba45594f45c994e8d4a07254afb949) Importer(815301076,1909f56bfc062723c751e8b465ee728b) (PreviewImporter) -> (Import Result ID: 'ae24ab6437add1d20047d8c844a26d1f') in 0.026099 seconds [static and dynamic dependencies]. Details - ImportResultOutputID=e581ab832c47d49d42874a709f5a277a DependenciesID=62cf1a48670731ef45ed79ebd089e954 StaticDependenciesID=6d1c355b2ffe223338a3d870c181937d 
Number of updated asset objects reloaded before import = 0Number of asset objects unloaded after import = 7

========================================================================
Received Import Request.
  Time since last request: 0.000188 seconds.
  path: Assets/PolygonFantasyKingdom/Models/SM_Bld_House_Tower_Angle_Door_01.fbx
  importAddress: Guid(85d1524d61e42d8438da2a1e3723c5a7) Importer(815301076,1909f56bfc062723c751e8b465ee728b)
Start importing Assets/PolygonFantasyKingdom/Models/SM_Bld_House_Tower_Angle_Door_01.fbx using Guid(85d1524d61e42d8438da2a1e3723c5a7) Importer(815301076,1909f56bfc062723c751e8b465ee728b) (PreviewImporter) -> (Import Result ID: 'fa5fc477d006224fc3cb0cf5a4cad31f') in 0.0459248 seconds [static and dynamic dependencies]. Details - ImportResultOutputID=c360fa330fb067a9a508283efb498b7d DependenciesID=331b791cfd6b0cd966f40703c56207b5 StaticDependenciesID=d9aa60c077cab373d287928c23bf5749 
Number of updated asset objects reloaded before import = 0Number of asset objects unloaded after import = 12

========================================================================
Received Import Request.
  Time since last request: 0.000021 seconds.
  path: Assets/PolygonFantasyKingdom/Models/SM_Bld_House_Stairs_Tall_Railing_02.fbx
  importAddress: Guid(c3eedc3dbfc71534394e49c0fe7150ce) Importer(815301076,1909f56bfc062723c751e8b465ee728b)
Start importing Assets/PolygonFantasyKingdom/Models/SM_Bld_House_Stairs_Tall_Railing_02.fbx using Guid(c3eedc3dbfc71534394e49c0fe7150ce) Importer(815301076,1909f56bfc062723c751e8b465ee728b) (PreviewImporter) -> (Import Result ID: '53e25ae8a9aa203a6b3fa2361ea244f0') in 0.0239688 seconds [static and dynamic dependencies]. Details - ImportResultOutputID=b4410bf3662317bdfd45d78105fa52ae DependenciesID=2a6c6449dd06b6227c2e6fd9114ef080 StaticDependenciesID=8f71216e0b5e81dc3d031f63581fde00 
Number of updated asset objects reloaded before import = 0Number of asset objects unloaded after import = 7

========================================================================
Received Import Request.
  Time since last request: 0.000023 seconds.
  path: Assets/PolygonFantasyKingdom/Models/SM_Bld_House_StoneArch_01.fbx
  importAddress: Guid(bcdc9ee947d81f04798562dda3960acf) Importer(815301076,1909f56bfc062723c751e8b465ee728b)
Start importing Assets/PolygonFantasyKingdom/Models/SM_Bld_House_StoneArch_01.fbx using Guid(bcdc9ee947d81f04798562dda3960acf) Importer(815301076,1909f56bfc062723c751e8b465ee728b) (PreviewImporter) -> (Import Result ID: 'f0b4007739281783b1b59966ce6e69cc') in 0.0225483 seconds [static and dynamic dependencies]. Details - ImportResultOutputID=d3ffdfb7bd0c7590be427ef4a24231ef DependenciesID=046d722de70cec5d534af9da503aa4f6 StaticDependenciesID=e2264b81ec3586a2b820379b67b56e72 
Number of updated asset objects reloaded before import = 0Number of asset objects unloaded after import = 7

========================================================================
Received Import Request.
  Time since last request: 0.000025 seconds.
  path: Assets/PolygonFantasyKingdom/Models/SM_Bld_House_Tower_01.fbx
  importAddress: Guid(86b2359d761b2214cabe02e23e1f90e4) Importer(815301076,1909f56bfc062723c751e8b465ee728b)
Start importing Assets/PolygonFantasyKingdom/Models/SM_Bld_House_Tower_01.fbx using Guid(86b2359d761b2214cabe02e23e1f90e4) Importer(815301076,1909f56bfc062723c751e8b465ee728b) (PreviewImporter) -> (Import Result ID: '3f6f7294276a0cc3a152c471ed885aab') in 0.0212853 seconds [static and dynamic dependencies]. Details - ImportResultOutputID=5238622288464ac363c17db1e2408320 DependenciesID=5dbbeeb5f27dda7626028b96b47b96d5 StaticDependenciesID=e46c73757acd2f3ffcd1b8f2274c616e 
Number of updated asset objects reloaded before import = 0Number of asset objects unloaded after import = 7

========================================================================
Received Import Request.
  Time since last request: 0.000039 seconds.
  path: Assets/PolygonFantasyKingdom/Models/SM_Bld_House_Stairs_Railing_02.fbx
  importAddress: Guid(c71dbc274f675b64294cbb33256dd482) Importer(815301076,1909f56bfc062723c751e8b465ee728b)
Start importing Assets/PolygonFantasyKingdom/Models/SM_Bld_House_Stairs_Railing_02.fbx using Guid(c71dbc274f675b64294cbb33256dd482) Importer(815301076,1909f56bfc062723c751e8b465ee728b) (PreviewImporter) -> (Import Result ID: 'eda3f9cf98cf01f420da80d723f561f1') in 0.0300698 seconds [static and dynamic dependencies]. Details - ImportResultOutputID=49260db5d7e2a17f25cc9656c69eedf0 DependenciesID=123efe4319188c6f2bebdc2588e2633f StaticDependenciesID=9f3b55e2f2378a16856f0dc760026fa1 
Number of updated asset objects reloaded before import = 0Number of asset objects unloaded after import = 7

========================================================================
Received Import Request.
  Time since last request: 0.000091 seconds.
  path: Assets/PolygonFantasyKingdom/Models/SM_Bld_House_Stairs_Stone_02.fbx
  importAddress: Guid(bd5a404e6704cd1468566c3f40083225) Importer(815301076,1909f56bfc062723c751e8b465ee728b)
Start importing Assets/PolygonFantasyKingdom/Models/SM_Bld_House_Stairs_Stone_02.fbx using Guid(bd5a404e6704cd1468566c3f40083225) Importer(815301076,1909f56bfc062723c751e8b465ee728b) (PreviewImporter) -> (Import Result ID: '0c9db65462615228530c709f89064bdd') in 0.0239075 seconds [static and dynamic dependencies]. Details - ImportResultOutputID=4387f64c9e6cc9205f38af083a89dd56 DependenciesID=f7fd43c0696f9aa73ec7dd722e46a108 StaticDependenciesID=ee506c707ab606c7bd73f429bf3e1349 
Number of updated asset objects reloaded before import = 0Number of asset objects unloaded after import = 7

========================================================================
Received Import Request.
  Time since last request: 0.000027 seconds.
  path: Assets/PolygonFantasyKingdom/Models/SM_Bld_House_Tower_Angle_01.fbx
  importAddress: Guid(e673093288ff37a45af02f10be8fe679) Importer(815301076,1909f56bfc062723c751e8b465ee728b)
Start importing Assets/PolygonFantasyKingdom/Models/SM_Bld_House_Tower_Angle_01.fbx using Guid(e673093288ff37a45af02f10be8fe679) Importer(815301076,1909f56bfc062723c751e8b465ee728b) (PreviewImporter) -> (Import Result ID: 'b55d740ef205290b5e023fe2fa0e3bf7') in 0.0228244 seconds [static and dynamic dependencies]. Details - ImportResultOutputID=b2f9f11d474990d4d5ab6a1770a1739d DependenciesID=71da4f6e6b6dd9b41dc61e3b1c61e0b8 StaticDependenciesID=da881e28040eba48d1a17f997f527108 
Number of updated asset objects reloaded before import = 0Number of asset objects unloaded after import = 7

========================================================================
Received Import Request.
  Time since last request: 0.000027 seconds.
  path: Assets/PolygonFantasyKingdom/Models/SM_Bld_House_Stairs_04_Railing_01.fbx
  importAddress: Guid(01643af8d26952e4983b48d24c42cddd) Importer(815301076,1909f56bfc062723c751e8b465ee728b)
Start importing Assets/PolygonFantasyKingdom/Models/SM_Bld_House_Stairs_04_Railing_01.fbx using Guid(01643af8d26952e4983b48d24c42cddd) Importer(815301076,1909f56bfc062723c751e8b465ee728b) (PreviewImporter) -> (Import Result ID: '0207f57dde1e0220602a7d0150c383f7') in 0.0226955 seconds [static and dynamic dependencies]. Details - ImportResultOutputID=4d144dd08cce21726a576e7c11a8ff62 DependenciesID=805022f2c81a6d24b515801f78ea4aa5 StaticDependenciesID=d2954dc13da761b3f9dc944669923d4f 
Number of updated asset objects reloaded before import = 0Number of asset objects unloaded after import = 7

========================================================================
Received Import Request.
  Time since last request: 0.000027 seconds.
  path: Assets/PolygonFantasyKingdom/Models/SM_Bld_House_Tower_HeightCap_01.fbx
  importAddress: Guid(73fab27455d4b19498ec59b3e1cb4019) Importer(815301076,1909f56bfc062723c751e8b465ee728b)
Start importing Assets/PolygonFantasyKingdom/Models/SM_Bld_House_Tower_HeightCap_01.fbx using Guid(73fab27455d4b19498ec59b3e1cb4019) Importer(815301076,1909f56bfc062723c751e8b465ee728b) (PreviewImporter) -> (Import Result ID: '81d9249a92687dc15307e70d77c12b6a') in 0.0254459 seconds [static and dynamic dependencies]. Details - ImportResultOutputID=b3b64303e7bddfaf817f5d31b3e6da4e DependenciesID=c6551146b633634f044b21c926ff5106 StaticDependenciesID=68bd1f9e1909c09fa5cd22798d80fb74 
Number of updated asset objects reloaded before import = 0Number of asset objects unloaded after import = 7

========================================================================
Received Import Request.
  Time since last request: 0.000029 seconds.
  path: Assets/PolygonFantasyKingdom/Models/SM_Bld_House_Tower_Angle_Window_01.fbx
  importAddress: Guid(45667057bb5f1d34c938151c126c7b89) Importer(815301076,1909f56bfc062723c751e8b465ee728b)
Start importing Assets/PolygonFantasyKingdom/Models/SM_Bld_House_Tower_Angle_Window_01.fbx using Guid(45667057bb5f1d34c938151c126c7b89) Importer(815301076,1909f56bfc062723c751e8b465ee728b) (PreviewImporter) -> (Import Result ID: '21dc48c99fd9daea5545df302fbaf3e3') in 0.0313605 seconds [static and dynamic dependencies]. Details - ImportResultOutputID=4f0403ba6e8fd33bf72471a61e235a0b DependenciesID=85cd061bee1de8953de1a9a609950e5b StaticDependenciesID=c0a13fc83872048d1bdba77220bcab9e 
Number of updated asset objects reloaded before import = 0Number of asset objects unloaded after import = 12

========================================================================
Received Import Request.
  Time since last request: 0.034843 seconds.
  path: Assets/PolygonFantasyKingdom/Models/SM_Bld_House_Tower_Stone_Small_01.fbx
  importAddress: Guid(2d29732ca72473044bf21b8d897105a8) Importer(815301076,1909f56bfc062723c751e8b465ee728b)
Start importing Assets/PolygonFantasyKingdom/Models/SM_Bld_House_Tower_Stone_Small_01.fbx using Guid(2d29732ca72473044bf21b8d897105a8) Importer(815301076,1909f56bfc062723c751e8b465ee728b) (PreviewImporter) -> (Import Result ID: 'ddb44cbe6735eebf501fa146b3c98308') in 0.0222493 seconds [static and dynamic dependencies]. Details - ImportResultOutputID=7656e39f607916581498b82afb6eb855 DependenciesID=5250819239ef1ee3eaf2864a2f404be3 StaticDependenciesID=8c2c2818e695578d14b4fe946af68e72 
Number of updated asset objects reloaded before import = 0Number of asset objects unloaded after import = 7

========================================================================
Received Import Request.
  Time since last request: 0.000024 seconds.
  path: Assets/PolygonFantasyKingdom/Models/SM_Bld_House_Tower_Window_02.fbx
  importAddress: Guid(5d4abda1eb13c97478c68df1eade1bd7) Importer(815301076,1909f56bfc062723c751e8b465ee728b)
Start importing Assets/PolygonFantasyKingdom/Models/SM_Bld_House_Tower_Window_02.fbx using Guid(5d4abda1eb13c97478c68df1eade1bd7) Importer(815301076,1909f56bfc062723c751e8b465ee728b) (PreviewImporter) -> (Import Result ID: '925dfff076539d5ef73e243f049fb53f') in 0.0376766 seconds [static and dynamic dependencies]. Details - ImportResultOutputID=ac514e07e98fb16b6d0ae754075ca07b DependenciesID=365e3d8e52cb157681b56d7a1727a0bd StaticDependenciesID=43af46d9f5530ab9942e09c3ba68f0d3 
Number of updated asset objects reloaded before import = 0Number of asset objects unloaded after import = 12

========================================================================
Received Import Request.
  Time since last request: 0.000041 seconds.
  path: Assets/PolygonFantasyKingdom/Models/SM_Bld_House_Wall_Door_03.fbx
  importAddress: Guid(b46a8a5d58aea51418de5f9db7b82d69) Importer(815301076,1909f56bfc062723c751e8b465ee728b)
Start importing Assets/PolygonFantasyKingdom/Models/SM_Bld_House_Wall_Door_03.fbx using Guid(b46a8a5d58aea51418de5f9db7b82d69) Importer(815301076,1909f56bfc062723c751e8b465ee728b) (PreviewImporter) -> (Import Result ID: '0b9784821dda637a334044912f1a7737') in 0.043717 seconds [static and dynamic dependencies]. Details - ImportResultOutputID=2b30e18169b4546ac5f2792508f9858c DependenciesID=c7ceb19a2d37ad5b5524b2ef8c864a2b StaticDependenciesID=ad015ff9a6da15ff27f85d7d554d735c 
Number of updated asset objects reloaded before import = 0Number of asset objects unloaded after import = 12

========================================================================
Received Import Request.
  Time since last request: 0.000024 seconds.
  path: Assets/PolygonFantasyKingdom/Models/SM_Bld_House_Wall_Peak_02.fbx
  importAddress: Guid(9825efa87d3efd54f8adeb2285b6fe75) Importer(815301076,1909f56bfc062723c751e8b465ee728b)
Start importing Assets/PolygonFantasyKingdom/Models/SM_Bld_House_Wall_Peak_02.fbx using Guid(9825efa87d3efd54f8adeb2285b6fe75) Importer(815301076,1909f56bfc062723c751e8b465ee728b) (PreviewImporter) -> (Import Result ID: '496a166219b38d773d1bc5003edb5d83') in 0.021338 seconds [static and dynamic dependencies]. Details - ImportResultOutputID=f256935b8d1bccb01311f57ed5e85f55 DependenciesID=ebf48c53f277803e6df2adad93d79f71 StaticDependenciesID=10eaee5d3fe56ee50d2f1bf98b6fa997 
Number of updated asset objects reloaded before import = 0Number of asset objects unloaded after import = 7

========================================================================
Received Import Request.
  Time since last request: 0.000021 seconds.
  path: Assets/PolygonFantasyKingdom/Models/SM_Bld_House_Wall_Door_02.fbx
  importAddress: Guid(3f59cfe778dd99f47a432f57290f3b4c) Importer(815301076,1909f56bfc062723c751e8b465ee728b)
Start importing Assets/PolygonFantasyKingdom/Models/SM_Bld_House_Wall_Door_02.fbx using Guid(3f59cfe778dd99f47a432f57290f3b4c) Importer(815301076,1909f56bfc062723c751e8b465ee728b) (PreviewImporter) -> (Import Result ID: 'c6abf0d7dcd62c2aaf39dc5544aba34e') in 0.037391 seconds [static and dynamic dependencies]. Details - ImportResultOutputID=e95c618a74048b7bc7da45bc607c7b4b DependenciesID=2e700f457e1b0322d75b67ff7af3224d StaticDependenciesID=e2bec507a7f826fae8dd231d7de4b19e 
Number of updated asset objects reloaded before import = 0Number of asset objects unloaded after import = 12

========================================================================
Received Import Request.
  Time since last request: 0.000022 seconds.
  path: Assets/PolygonFantasyKingdom/Models/SM_Bld_House_Wall_Half_Height_01.fbx
  importAddress: Guid(ca2dd95b5bf8e6b40bc0fd1588157e35) Importer(815301076,1909f56bfc062723c751e8b465ee728b)
Start importing Assets/PolygonFantasyKingdom/Models/SM_Bld_House_Wall_Half_Height_01.fbx using Guid(ca2dd95b5bf8e6b40bc0fd1588157e35) Importer(815301076,1909f56bfc062723c751e8b465ee728b) (PreviewImporter) -> (Import Result ID: '0f09861fa1df8a2a1752f1944136ac18') in 0.0216195 seconds [static and dynamic dependencies]. Details - ImportResultOutputID=33eeba4d5700ae85a84f60b5ad455c79 DependenciesID=898f1d05c6d0ad1f72b8f2632d0732a1 StaticDependenciesID=260b435373e09307889172a9cbb4fd6b 
Number of updated asset objects reloaded before import = 0Number of asset objects unloaded after import = 7

========================================================================
Received Import Request.
  Time since last request: 0.000022 seconds.
  path: Assets/PolygonFantasyKingdom/Models/SM_Bld_House_Wall_Cut_03.fbx
  importAddress: Guid(f5e4522c976cd7e45b85a80f4b792f4c) Importer(815301076,1909f56bfc062723c751e8b465ee728b)
Start importing Assets/PolygonFantasyKingdom/Models/SM_Bld_House_Wall_Cut_03.fbx using Guid(f5e4522c976cd7e45b85a80f4b792f4c) Importer(815301076,1909f56bfc062723c751e8b465ee728b) (PreviewImporter) -> (Import Result ID: 'eb18abbad9a588f2ccc36724da888a02') in 0.0227491 seconds [static and dynamic dependencies]. Details - ImportResultOutputID=d5c866a51cd842abd4dc82116431a882 DependenciesID=08ce43a789ce949c8ef95e00276cded7 StaticDependenciesID=37e2054fecde2ee601bcbcf9918be10b 
Number of updated asset objects reloaded before import = 0Number of asset objects unloaded after import = 7

========================================================================
Received Import Request.
  Time since last request: 0.000023 seconds.
  path: Assets/PolygonFantasyKingdom/Models/SM_Bld_House_Wall_Door_01.fbx
  importAddress: Guid(dbeb2620ab330a349acfac3a6a850916) Importer(815301076,1909f56bfc062723c751e8b465ee728b)
Start importing Assets/PolygonFantasyKingdom/Models/SM_Bld_House_Wall_Door_01.fbx using Guid(dbeb2620ab330a349acfac3a6a850916) Importer(815301076,1909f56bfc062723c751e8b465ee728b) (PreviewImporter) -> (Import Result ID: 'ce7152f4c91d4bd6a799e415b0d7750c') in 0.040461 seconds [static and dynamic dependencies]. Details - ImportResultOutputID=55704625ca717decc8cd12da83595e20 DependenciesID=52d1076fa31e0e8ad42772ce056f256c StaticDependenciesID=c0696a1e8f4823e7de2f3646a01d627f 
Number of updated asset objects reloaded before import = 0Number of asset objects unloaded after import = 12

========================================================================
Received Import Request.
  Time since last request: 0.000026 seconds.
  path: Assets/PolygonFantasyKingdom/Models/SM_Bld_House_Wall_Cut_Window_02.fbx
  importAddress: Guid(c8d6b86eeb5bd09448f801f1103a15bb) Importer(815301076,1909f56bfc062723c751e8b465ee728b)
Start importing Assets/PolygonFantasyKingdom/Models/SM_Bld_House_Wall_Cut_Window_02.fbx using Guid(c8d6b86eeb5bd09448f801f1103a15bb) Importer(815301076,1909f56bfc062723c751e8b465ee728b) (PreviewImporter) -> (Import Result ID: '6ea0904ee5da6001920f9a0de8c598e4') in 0.0361057 seconds [static and dynamic dependencies]. Details - ImportResultOutputID=8e5698bcd29ae0d84a7b2c4134a0af97 DependenciesID=c21dd26a96ad3a65dec7abbf929dfbf4 StaticDependenciesID=5154f4421e777d16f15895f9dcab8cc5 
Number of updated asset objects reloaded before import = 0Number of asset objects unloaded after import = 12

========================================================================
Received Import Request.
  Time since last request: 0.000029 seconds.
  path: Assets/PolygonFantasyKingdom/Models/SM_Bld_House_Wall_Half_Height_02.fbx
  importAddress: Guid(5c29fcad14251e84bae7fe1c2c899822) Importer(815301076,1909f56bfc062723c751e8b465ee728b)
Start importing Assets/PolygonFantasyKingdom/Models/SM_Bld_House_Wall_Half_Height_02.fbx using Guid(5c29fcad14251e84bae7fe1c2c899822) Importer(815301076,1909f56bfc062723c751e8b465ee728b) (PreviewImporter) -> (Import Result ID: 'bad6fc37828809392588b83e7832ac89') in 0.0231358 seconds [static and dynamic dependencies]. Details - ImportResultOutputID=42a47a9b980217597115bd23129fddfc DependenciesID=1698ba0b7875109e98d3b226f70e6b81 StaticDependenciesID=6fb0b7773bb56df00d2b94eb9b78f4b0 
Number of updated asset objects reloaded before import = 0Number of asset objects unloaded after import = 7

========================================================================
Received Import Request.
  Time since last request: 0.535872 seconds.
  path: Assets/PolygonFantasyKingdom/Models/SM_Bld_House_Wall_Window_01.fbx
  importAddress: Guid(1ae6f7bf44f09104eadcbdeb73a9c06b) Importer(815301076,1909f56bfc062723c751e8b465ee728b)
Start importing Assets/PolygonFantasyKingdom/Models/SM_Bld_House_Wall_Window_01.fbx using Guid(1ae6f7bf44f09104eadcbdeb73a9c06b) Importer(815301076,1909f56bfc062723c751e8b465ee728b) (PreviewImporter) -> (Import Result ID: '0df50745553f59b854a0eb3f36a1e587') in 0.0604336 seconds [static and dynamic dependencies]. Details - ImportResultOutputID=f5e6b0274b4c80e2bc3467e430870dbb DependenciesID=91d775f6c7bd6678860981091359d87a StaticDependenciesID=8128442087e66539b101bb979c3f2129 
Number of updated asset objects reloaded before import = 0Number of asset objects unloaded after import = 22

========================================================================
Received Import Request.
  Time since last request: 0.000027 seconds.
  path: Assets/PolygonFantasyKingdom/Models/SM_Bld_House_WoodBeam_05.fbx
  importAddress: Guid(4e0412985deade74ea355f9356194acd) Importer(815301076,1909f56bfc062723c751e8b465ee728b)
Start importing Assets/PolygonFantasyKingdom/Models/SM_Bld_House_WoodBeam_05.fbx using Guid(4e0412985deade74ea355f9356194acd) Importer(815301076,1909f56bfc062723c751e8b465ee728b) (PreviewImporter) -> (Import Result ID: 'a7073f6ac6a2cba044c952ccdf362e64') in 0.0219241 seconds [static and dynamic dependencies]. Details - ImportResultOutputID=0eb2e24e17a951d675c63ee45550c488 DependenciesID=118c194c904ce2c18c7b9a55075866dd StaticDependenciesID=b51a112b30408f3642a169f0a532f769 
Number of updated asset objects reloaded before import = 0Number of asset objects unloaded after import = 7

========================================================================
Received Import Request.
  Time since last request: 0.000030 seconds.
  path: Assets/PolygonFantasyKingdom/Models/SM_Bld_House_WoodBeam_01.fbx
  importAddress: Guid(82f1488a984443b4db9feb70c748ab60) Importer(815301076,1909f56bfc062723c751e8b465ee728b)
Start importing Assets/PolygonFantasyKingdom/Models/SM_Bld_House_WoodBeam_01.fbx using Guid(82f1488a984443b4db9feb70c748ab60) Importer(815301076,1909f56bfc062723c751e8b465ee728b) (PreviewImporter) -> (Import Result ID: '42c850ddb9b24c2aabab861a3ae3e334') in 0.0216224 seconds [static and dynamic dependencies]. Details - ImportResultOutputID=0e16993f1d9b4011be15a34a69e06d62 DependenciesID=317cba940d56eb6b08e79c4a5f6b3156 StaticDependenciesID=bac73e8efd9afa8adba52aed72174caf 
Number of updated asset objects reloaded before import = 0Number of asset objects unloaded after import = 7

========================================================================
Received Import Request.
  Time since last request: 0.000038 seconds.
  path: Assets/PolygonFantasyKingdom/Models/SM_Bld_Preset_House_05_Optimized.fbx
  importAddress: Guid(a5dd37afefd165a4d8e0c1084b71d8f3) Importer(815301076,1909f56bfc062723c751e8b465ee728b)
Start importing Assets/PolygonFantasyKingdom/Models/SM_Bld_Preset_House_05_Optimized.fbx using Guid(a5dd37afefd165a4d8e0c1084b71d8f3) Importer(815301076,1909f56bfc062723c751e8b465ee728b) (PreviewImporter) -> (Import Result ID: 'd582208291896ed5965640b36983f3e6') in 0.0336307 seconds [static and dynamic dependencies]. Details - ImportResultOutputID=1a25b673ed08b22b85696fe2353e95b8 DependenciesID=8fcc7298c0ce544a2fc373359fa5e481 StaticDependenciesID=83045d4ba71abc9759da9e232f8609b4 
Number of updated asset objects reloaded before import = 0Number of asset objects unloaded after import = 12

========================================================================
Received Import Request.
  Time since last request: 0.000028 seconds.
  path: Assets/PolygonFantasyKingdom/Models/SM_Bld_Preset_House_03_Optimized.fbx
  importAddress: Guid(87cc8c0832836144e9ac4d454b0c730e) Importer(815301076,1909f56bfc062723c751e8b465ee728b)
Start importing Assets/PolygonFantasyKingdom/Models/SM_Bld_Preset_House_03_Optimized.fbx using Guid(87cc8c0832836144e9ac4d454b0c730e) Importer(815301076,1909f56bfc062723c751e8b465ee728b) (PreviewImporter) -> (Import Result ID: '9036279b62e50177b14916968df614eb') in 0.0351252 seconds [static and dynamic dependencies]. Details - ImportResultOutputID=2977c21aaaec903ebdf3319287aa0f14 DependenciesID=64a83372f8eda9b8eb2c8984aaa1c74b StaticDependenciesID=f410b5191205a3e75d5d35812ff6d40d 
Number of updated asset objects reloaded before import = 0Number of asset objects unloaded after import = 12

========================================================================
Received Import Request.
  Time since last request: 0.000026 seconds.
  path: Assets/PolygonFantasyKingdom/Models/SM_Bld_Preset_Shelter_01_Optimized.fbx
  importAddress: Guid(bbb20c54fe79df044990e4bd934fe6d5) Importer(815301076,1909f56bfc062723c751e8b465ee728b)
Start importing Assets/PolygonFantasyKingdom/Models/SM_Bld_Preset_Shelter_01_Optimized.fbx using Guid(bbb20c54fe79df044990e4bd934fe6d5) Importer(815301076,1909f56bfc062723c751e8b465ee728b) (PreviewImporter) -> (Import Result ID: '6bb683be25ea3658250bf315f9bf0c29') in 0.0380033 seconds [static and dynamic dependencies]. Details - ImportResultOutputID=683e328acbedc987afc733a8ff015ea9 DependenciesID=3a45b8e9e031d3c6852df302f9af91b2 StaticDependenciesID=5e03d3ea50547deda29c3c5c74556013 
Number of updated asset objects reloaded before import = 0Number of asset objects unloaded after import = 12

========================================================================
Received Import Request.
  Time since last request: 0.000028 seconds.
  path: Assets/PolygonFantasyKingdom/Models/SM_Bld_Keep_Pillar_01.fbx
  importAddress: Guid(c144940f27217ff4aafa754663a43358) Importer(815301076,1909f56bfc062723c751e8b465ee728b)
Start importing Assets/PolygonFantasyKingdom/Models/SM_Bld_Keep_Pillar_01.fbx using Guid(c144940f27217ff4aafa754663a43358) Importer(815301076,1909f56bfc062723c751e8b465ee728b) (PreviewImporter) -> (Import Result ID: '2a434b0929ebcd4ee6ff6736a25db815') in 0.0211488 seconds [static and dynamic dependencies]. Details - ImportResultOutputID=3a4b89da7ca9c182983d3c90d2bd11dc DependenciesID=9fe344b50ed76437f323b4ce588adbed StaticDependenciesID=006069bc2eb6332d7a3ec6f596638c72 
Number of updated asset objects reloaded before import = 0Number of asset objects unloaded after import = 7

========================================================================
Received Import Request.
  Time since last request: 0.000020 seconds.
  path: Assets/PolygonFantasyKingdom/Models/SM_Bld_House_WoodBeam_03.fbx
  importAddress: Guid(319b9be47a44e9b45901b6a3bdc30fd6) Importer(815301076,1909f56bfc062723c751e8b465ee728b)
Start importing Assets/PolygonFantasyKingdom/Models/SM_Bld_House_WoodBeam_03.fbx using Guid(319b9be47a44e9b45901b6a3bdc30fd6) Importer(815301076,1909f56bfc062723c751e8b465ee728b) (PreviewImporter) -> (Import Result ID: '3a6aec01aa4f3c8889eec1aaa765a39e') in 0.0200183 seconds [static and dynamic dependencies]. Details - ImportResultOutputID=5794a8a21d352dd72debc3dfe79ee0aa DependenciesID=1c501464b30695ed333ace80e5bd9d6e StaticDependenciesID=469382d7475024465a316c43b090ef33 
Number of updated asset objects reloaded before import = 0Number of asset objects unloaded after import = 7

========================================================================
Received Import Request.
  Time since last request: 0.000024 seconds.
  path: Assets/PolygonFantasyKingdom/Models/SM_Bld_House_WoodArch_01.fbx
  importAddress: Guid(e4cc7a1d2dd890c4282fb9a445db52e5) Importer(815301076,1909f56bfc062723c751e8b465ee728b)
Start importing Assets/PolygonFantasyKingdom/Models/SM_Bld_House_WoodArch_01.fbx using Guid(e4cc7a1d2dd890c4282fb9a445db52e5) Importer(815301076,1909f56bfc062723c751e8b465ee728b) (PreviewImporter) -> (Import Result ID: '73fd634c1a66afab9382e911c23b9b84') in 0.0244319 seconds [static and dynamic dependencies]. Details - ImportResultOutputID=2181919c005943fcb34d5b15574fe08f DependenciesID=eebd7f42297c7d195406342ef0a9ede3 StaticDependenciesID=f0fee69bb04d222ff6ac742da80aa9d5 
Number of updated asset objects reloaded before import = 0Number of asset objects unloaded after import = 7

========================================================================
Received Import Request.
  Time since last request: 0.000020 seconds.
  path: Assets/PolygonFantasyKingdom/Models/SM_Bld_Preset_House_Windmill_01_Optimized.fbx
  importAddress: Guid(96870697e086e644d90d0de068f0a438) Importer(815301076,1909f56bfc062723c751e8b465ee728b)
Start importing Assets/PolygonFantasyKingdom/Models/SM_Bld_Preset_House_Windmill_01_Optimized.fbx using Guid(96870697e086e644d90d0de068f0a438) Importer(815301076,1909f56bfc062723c751e8b465ee728b) (PreviewImporter) -> (Import Result ID: '56e6e3a500e85fe52f4bc4b930433e1d') in 0.0641075 seconds [static and dynamic dependencies]. Details - ImportResultOutputID=b93deb5afd235fb1c96828899d74848f DependenciesID=92d03e38609f2ec3ba857f889d93274c StaticDependenciesID=5673b8c4531715e77be5984227285562 
Number of updated asset objects reloaded before import = 0Number of asset objects unloaded after import = 22

========================================================================
Received Import Request.
  Time since last request: 0.000026 seconds.
  path: Assets/PolygonFantasyKingdom/Models/SM_Bld_Preset_Tavern_01_Optimized.fbx
  importAddress: Guid(c1a43d6b7182a44488f1de1e3fb067ff) Importer(815301076,1909f56bfc062723c751e8b465ee728b)
Start importing Assets/PolygonFantasyKingdom/Models/SM_Bld_Preset_Tavern_01_Optimized.fbx using Guid(c1a43d6b7182a44488f1de1e3fb067ff) Importer(815301076,1909f56bfc062723c751e8b465ee728b) (PreviewImporter) -> (Import Result ID: '9a37c0df2ad849b1825dea36094b534d') in 0.0647736 seconds [static and dynamic dependencies]. Details - ImportResultOutputID=013cd7e42b63e0ee560cab4c62a0f389 DependenciesID=ba3403b47f134fa6f2a6390ec3d4704f StaticDependenciesID=9c74582f40a69944e106c981af37d457 
Number of updated asset objects reloaded before import = 0Number of asset objects unloaded after import = 22

========================================================================
Received Import Request.
  Time since last request: 0.000032 seconds.
  path: Assets/PolygonFantasyKingdom/Models/SM_Bld_House_WoodArch_02.fbx
  importAddress: Guid(9f6486825c93b4e40b46d821898adfd8) Importer(815301076,1909f56bfc062723c751e8b465ee728b)
Start importing Assets/PolygonFantasyKingdom/Models/SM_Bld_House_WoodArch_02.fbx using Guid(9f6486825c93b4e40b46d821898adfd8) Importer(815301076,1909f56bfc062723c751e8b465ee728b) (PreviewImporter) -> (Import Result ID: '7ff06d02aeb14b410fdef10a9b5c00b8') in 0.0198969 seconds [static and dynamic dependencies]. Details - ImportResultOutputID=e290b90a06db79d6b01f11c9c4ae2677 DependenciesID=0f361a341d949895a11c706efa6d0cb5 StaticDependenciesID=2c4ada506dd97b9e696f8d57fbb09789 
Number of updated asset objects reloaded before import = 0Number of asset objects unloaded after import = 7

========================================================================
Received Import Request.
  Time since last request: 0.000027 seconds.
  path: Assets/PolygonFantasyKingdom/Models/SM_Bld_Preset_House_Archway_02_Optimized.fbx
  importAddress: Guid(fe5feb8a2f24af44cac67aa4fa96629f) Importer(815301076,1909f56bfc062723c751e8b465ee728b)
Start importing Assets/PolygonFantasyKingdom/Models/SM_Bld_Preset_House_Archway_02_Optimized.fbx using Guid(fe5feb8a2f24af44cac67aa4fa96629f) Importer(815301076,1909f56bfc062723c751e8b465ee728b) (PreviewImporter) -> (Import Result ID: '0ee68d661ac6daddf90261881006f855') in 0.042813 seconds [static and dynamic dependencies]. Details - ImportResultOutputID=e771ed6ea1863548e1bcd37291aa7ac3 DependenciesID=9e413736ed5fabff80713e63d713c4d6 StaticDependenciesID=93fad37a315edd7a30e007dff0da1454 
Number of updated asset objects reloaded before import = 0Number of asset objects unloaded after import = 12

========================================================================
Received Import Request.
  Time since last request: 7.118116 seconds.
  path: Assets/PolygonFantasyKingdom/Prefabs/Environments/SM_Env_Big_Tree_Base_Paving_01.prefab
  importAddress: Guid(f9a20f388239bd949a0511ddf0de3481) Importer(815301076,1909f56bfc062723c751e8b465ee728b)
Start importing Assets/PolygonFantasyKingdom/Prefabs/Environments/SM_Env_Big_Tree_Base_Paving_01.prefab using Guid(f9a20f388239bd949a0511ddf0de3481) Importer(815301076,1909f56bfc062723c751e8b465ee728b) (PreviewImporter) -> (Import Result ID: '19f6aca36864a41e6958ed759f39637c') in 0.2793067 seconds [static and dynamic dependencies]. Details - ImportResultOutputID=34bd679c608722c9ff5fc1aeb93ce998 DependenciesID=f7f09ba5221440b0b7aebb2aacf2213e StaticDependenciesID=898715cd4ad28f99c56514b8fe0cb32e 
Number of updated asset objects reloaded before import = 0Number of asset objects unloaded after import = 11

========================================================================
Received Import Request.
  Time since last request: 0.000060 seconds.
  path: Assets/PolygonFantasyKingdom/Prefabs/Environments/SM_Env_Flowers_11.prefab
  importAddress: Guid(6d999824fd17dae41af24ea33945caa9) Importer(815301076,1909f56bfc062723c751e8b465ee728b)
Start importing Assets/PolygonFantasyKingdom/Prefabs/Environments/SM_Env_Flowers_11.prefab using Guid(6d999824fd17dae41af24ea33945caa9) Importer(815301076,1909f56bfc062723c751e8b465ee728b) (PreviewImporter) -> (Import Result ID: '7e67034393b8060f0c8902f1b7d6bdd3') in 0.0648133 seconds [static and dynamic dependencies]. Details - ImportResultOutputID=9cb64068e20c9ef5756eec0e751400f9 DependenciesID=90bf3e519db37a8077196d2611b56402 StaticDependenciesID=b53f781b4a6ce95665516eb40b2e7f68 
Number of updated asset objects reloaded before import = 0Number of asset objects unloaded after import = 11

========================================================================
Received Import Request.
  Time since last request: 0.000059 seconds.
  path: Assets/PolygonFantasyKingdom/Prefabs/Environments/SM_Env_Flowers_05.prefab
  importAddress: Guid(75c71fcdf9bcee142b6ae1dae85fd394) Importer(815301076,1909f56bfc062723c751e8b465ee728b)
Start importing Assets/PolygonFantasyKingdom/Prefabs/Environments/SM_Env_Flowers_05.prefab using Guid(75c71fcdf9bcee142b6ae1dae85fd394) Importer(815301076,1909f56bfc062723c751e8b465ee728b) (PreviewImporter) -> (Import Result ID: 'f68c7c87b5ac3fdd388a28afc3fd90b2') in 0.057092 seconds [static and dynamic dependencies]. Details - ImportResultOutputID=9a66a4299ed7bfb798612888036942d7 DependenciesID=8dcbb4677eb82f34e97d10ce3951d07d StaticDependenciesID=f4ad00395c0e6aef5ce9219035d8dbd5 
Number of updated asset objects reloaded before import = 0Number of asset objects unloaded after import = 11

========================================================================
Received Import Request.
  Time since last request: 0.000050 seconds.
  path: Assets/PolygonFantasyKingdom/Prefabs/Environments/SM_Env_Bush_Cluster_02.prefab
  importAddress: Guid(c7a2afb2fc4d57f44b94c1e96814b5a4) Importer(815301076,1909f56bfc062723c751e8b465ee728b)
Start importing Assets/PolygonFantasyKingdom/Prefabs/Environments/SM_Env_Bush_Cluster_02.prefab using Guid(c7a2afb2fc4d57f44b94c1e96814b5a4) Importer(815301076,1909f56bfc062723c751e8b465ee728b) (PreviewImporter) -> (Import Result ID: '59bd7413559de653b74b55e23718cf9a') in 0.0623436 seconds [static and dynamic dependencies]. Details - ImportResultOutputID=c2c4c5da7f5bf53e1cbd01fc2e0707c3 DependenciesID=331bd27d30465d70e4278d554cd06e8e StaticDependenciesID=162f36567ce35dd660ff07cffaf99938 
Number of updated asset objects reloaded before import = 0Number of asset objects unloaded after import = 13

========================================================================
Received Import Request.
  Time since last request: 0.000029 seconds.
  path: Assets/PolygonFantasyKingdom/Prefabs/Environments/SM_Env_Flowers_17.prefab
  importAddress: Guid(e424c2171c55e3c47b4e7a08fbd286e5) Importer(815301076,1909f56bfc062723c751e8b465ee728b)
Start importing Assets/PolygonFantasyKingdom/Prefabs/Environments/SM_Env_Flowers_17.prefab using Guid(e424c2171c55e3c47b4e7a08fbd286e5) Importer(815301076,1909f56bfc062723c751e8b465ee728b) (PreviewImporter) -> (Import Result ID: '08dc5b03a6d3a9663e89d06d05c2795f') in 0.0654393 seconds [static and dynamic dependencies]. Details - ImportResultOutputID=d327f39d0126bb60cb9a2380bb134218 DependenciesID=66cbf0729521f49de4c23bedba355c58 StaticDependenciesID=c2c8526b4209706de3f100be73488a07 
Number of updated asset objects reloaded before import = 0Number of asset objects unloaded after import = 11

========================================================================
Received Import Request.
  Time since last request: 0.000032 seconds.
  path: Assets/PolygonFantasyKingdom/Prefabs/Environments/SM_Env_Ivy_06.prefab
  importAddress: Guid(66bcdb50618fa284bad63e1eb9ca3c0a) Importer(815301076,1909f56bfc062723c751e8b465ee728b)
Start importing Assets/PolygonFantasyKingdom/Prefabs/Environments/SM_Env_Ivy_06.prefab using Guid(66bcdb50618fa284bad63e1eb9ca3c0a) Importer(815301076,1909f56bfc062723c751e8b465ee728b) (PreviewImporter) -> (Import Result ID: '81106cb9cf751006c5a9c80bcb5abd05') in 0.0614359 seconds [static and dynamic dependencies]. Details - ImportResultOutputID=4c4f37b8dcc4614bd9c3bd1d89c22cdf DependenciesID=ce5ea16313505fc6bbf097b856366ba0 StaticDependenciesID=fb587940d04c7f11519f53dfef4f689e 
Number of updated asset objects reloaded before import = 0Number of asset objects unloaded after import = 11

========================================================================
Received Import Request.
  Time since last request: 0.000039 seconds.
  path: Assets/PolygonFantasyKingdom/Prefabs/Environments/SM_Env_Bush_02.prefab
  importAddress: Guid(8fdf76bb00590644187149f7a1e30ae9) Importer(815301076,1909f56bfc062723c751e8b465ee728b)
Start importing Assets/PolygonFantasyKingdom/Prefabs/Environments/SM_Env_Bush_02.prefab using Guid(8fdf76bb00590644187149f7a1e30ae9) Importer(815301076,1909f56bfc062723c751e8b465ee728b) (PreviewImporter) -> (Import Result ID: 'dee93d6f088e4fa78e9b1489dc6ad0fa') in 0.0597595 seconds [static and dynamic dependencies]. Details - ImportResultOutputID=e67b68ecc17175ff1c5a3a8701020d35 DependenciesID=9415e4461802dc19b4de77c8efb9a5d7 StaticDependenciesID=4f36afaf950fea4fcced4aa1e8590336 
Number of updated asset objects reloaded before import = 0Number of asset objects unloaded after import = 13

========================================================================
Received Import Request.
  Time since last request: 0.000024 seconds.
  path: Assets/PolygonFantasyKingdom/Prefabs/Environments/SM_Env_Ground_Flat_01.prefab
  importAddress: Guid(f39a87f00698b7f4b951eb1246c05f73) Importer(815301076,1909f56bfc062723c751e8b465ee728b)
Start importing Assets/PolygonFantasyKingdom/Prefabs/Environments/SM_Env_Ground_Flat_01.prefab using Guid(f39a87f00698b7f4b951eb1246c05f73) Importer(815301076,1909f56bfc062723c751e8b465ee728b) (PreviewImporter) -> (Import Result ID: '4c71e3af7502205982dcbe223bea3a8d') in 0.17201 seconds [static and dynamic dependencies]. Details - ImportResultOutputID=94092edc0a12d49336e10153c80af183 DependenciesID=6e60511e45193b368816ed8755baa48c StaticDependenciesID=996b5aa1f9d4803db42ba4bbee1fbe61 
Number of updated asset objects reloaded before import = 0Number of asset objects unloaded after import = 11

========================================================================
Received Import Request.
  Time since last request: 0.000050 seconds.
  path: Assets/PolygonFantasyKingdom/Prefabs/Environments/SM_Env_Ground_Flat_Dirt_01.prefab
  importAddress: Guid(a191aaa06ae9bb044be515a674fd12dd) Importer(815301076,1909f56bfc062723c751e8b465ee728b)
Start importing Assets/PolygonFantasyKingdom/Prefabs/Environments/SM_Env_Ground_Flat_Dirt_01.prefab using Guid(a191aaa06ae9bb044be515a674fd12dd) Importer(815301076,1909f56bfc062723c751e8b465ee728b) (PreviewImporter) -> (Import Result ID: '27ba9afd0e4491c39bbd3b0749d83336') in 0.0630745 seconds [static and dynamic dependencies]. Details - ImportResultOutputID=c1ea24173e0f7846c7ef82be0dac96f9 DependenciesID=3912bbb0b1c38810c3acb6d9917961b1 StaticDependenciesID=a27dad7b2a77fa66d3a73ee7dee95fe9 
Number of updated asset objects reloaded before import = 0Number of asset objects unloaded after import = 12

========================================================================
Received Import Request.
  Time since last request: 0.000074 seconds.
  path: Assets/PolygonFantasyKingdom/Prefabs/Environments/SM_Env_Bush_04.prefab
  importAddress: Guid(5bb911c7a3c3adb43ab25808fc465829) Importer(815301076,1909f56bfc062723c751e8b465ee728b)
Start importing Assets/PolygonFantasyKingdom/Prefabs/Environments/SM_Env_Bush_04.prefab using Guid(5bb911c7a3c3adb43ab25808fc465829) Importer(815301076,1909f56bfc062723c751e8b465ee728b) (PreviewImporter) -> (Import Result ID: '2d4ecc2e542c7da26e5969bf4d026313') in 0.0690301 seconds [static and dynamic dependencies]. Details - ImportResultOutputID=c049c96d62d982f8707f7c4e9cddf654 DependenciesID=c08cef6e6782fc27dc1df8768924f2c5 StaticDependenciesID=632fd3e90935e8a908a8f5be34c260f3 
Number of updated asset objects reloaded before import = 0Number of asset objects unloaded after import = 13

========================================================================
Received Import Request.
  Time since last request: 0.000034 seconds.
  path: Assets/PolygonFantasyKingdom/Prefabs/Environments/SM_Env_Bush_Cluster_05.prefab
  importAddress: Guid(8b673535973dac74b8336e98ce262b24) Importer(815301076,1909f56bfc062723c751e8b465ee728b)
Start importing Assets/PolygonFantasyKingdom/Prefabs/Environments/SM_Env_Bush_Cluster_05.prefab using Guid(8b673535973dac74b8336e98ce262b24) Importer(815301076,1909f56bfc062723c751e8b465ee728b) (PreviewImporter) -> (Import Result ID: '35abc6c0fdb0fea41263b96dde1c285a') in 0.0674682 seconds [static and dynamic dependencies]. Details - ImportResultOutputID=ea2ca2e08796180f9903f8f09782a9f8 DependenciesID=8fbeb8dbb6ac1859f15234538ebd9843 StaticDependenciesID=461770b826a91c831c88cdcc02dd2d6e 
Number of updated asset objects reloaded before import = 0Number of asset objects unloaded after import = 13

========================================================================
Received Import Request.
  Time since last request: 0.000033 seconds.
  path: Assets/PolygonFantasyKingdom/Prefabs/Environments/SM_Env_Flowers_19.prefab
  importAddress: Guid(3e26a597c53162442865d4d32b59cf23) Importer(815301076,1909f56bfc062723c751e8b465ee728b)
Start importing Assets/PolygonFantasyKingdom/Prefabs/Environments/SM_Env_Flowers_19.prefab using Guid(3e26a597c53162442865d4d32b59cf23) Importer(815301076,1909f56bfc062723c751e8b465ee728b) (PreviewImporter) -> (Import Result ID: '69efdc3c2b1cc2add6d4f333f4c1b2d0') in 0.0637051 seconds [static and dynamic dependencies]. Details - ImportResultOutputID=32e355ea4c0535f03b6ad2f0ff452647 DependenciesID=bf9035d8ae4a371e9df0e9c0838d5fda StaticDependenciesID=f7d1454aff780bc6200d1cd3fa5bd3b3 
Number of updated asset objects reloaded before import = 0Number of asset objects unloaded after import = 11

========================================================================
Received Import Request.
  Time since last request: 0.000030 seconds.
  path: Assets/PolygonFantasyKingdom/Prefabs/Environments/SM_Env_Hedge_01.prefab
  importAddress: Guid(b19fad002d048c74c8540978be2e6ad9) Importer(815301076,1909f56bfc062723c751e8b465ee728b)
Start importing Assets/PolygonFantasyKingdom/Prefabs/Environments/SM_Env_Hedge_01.prefab using Guid(b19fad002d048c74c8540978be2e6ad9) Importer(815301076,1909f56bfc062723c751e8b465ee728b) (PreviewImporter) -> (Import Result ID: '1fcf453805422e824b8d6121390a52b6') in 0.0598643 seconds [static and dynamic dependencies]. Details - ImportResultOutputID=adc60c40bf574f9774ff808c6dcb74f2 DependenciesID=1f10d3a34bcd98ea55a8f29d283921b5 StaticDependenciesID=c74906e1ce1a1a5525476e89b4076707 
Number of updated asset objects reloaded before import = 0Number of asset objects unloaded after import = 11

========================================================================
Received Import Request.
  Time since last request: 0.000070 seconds.
  path: Assets/PolygonFantasyKingdom/Prefabs/Environments/SM_Env_Grass_WallEdge_02.prefab
  importAddress: Guid(f2540e15210564f46a08858722f88025) Importer(815301076,1909f56bfc062723c751e8b465ee728b)
Start importing Assets/PolygonFantasyKingdom/Prefabs/Environments/SM_Env_Grass_WallEdge_02.prefab using Guid(f2540e15210564f46a08858722f88025) Importer(815301076,1909f56bfc062723c751e8b465ee728b) (PreviewImporter) -> (Import Result ID: 'b9bc307edc4b685a1002f6455159e3c9') in 0.0670934 seconds [static and dynamic dependencies]. Details - ImportResultOutputID=71e90a4fa26683df2f86567817fc1fc7 DependenciesID=f1059467dc2dd2f344bb094d45f3e2c7 StaticDependenciesID=57e185b01cf3229f5bdd0963dda11f8d 
Number of updated asset objects reloaded before import = 0Number of asset objects unloaded after import = 12

========================================================================
Received Import Request.
  Time since last request: 0.000032 seconds.
  path: Assets/PolygonFantasyKingdom/Prefabs/Environments/SM_Env_Flowers_03.prefab
  importAddress: Guid(758092bbbc117b040b6342372a2140c5) Importer(815301076,1909f56bfc062723c751e8b465ee728b)
Start importing Assets/PolygonFantasyKingdom/Prefabs/Environments/SM_Env_Flowers_03.prefab using Guid(758092bbbc117b040b6342372a2140c5) Importer(815301076,1909f56bfc062723c751e8b465ee728b) (PreviewImporter) -> (Import Result ID: '4e0e77e3194b084fd8b526f974bd54d7') in 0.0682367 seconds [static and dynamic dependencies]. Details - ImportResultOutputID=af32e08ba8b140c42a63afcc334aabce DependenciesID=dfc275bfb6ff1cca32d931ad6f9808a0 StaticDependenciesID=2e4ad3a03bc33c98cc177185bbe8f927 
Number of updated asset objects reloaded before import = 0Number of asset objects unloaded after import = 11

========================================================================
Received Import Request.
  Time since last request: 0.000038 seconds.
  path: Assets/PolygonFantasyKingdom/Prefabs/Environments/SM_Env_Flowers_23.prefab
  importAddress: Guid(d61b6f7d2f319114da6fb3c00149fcee) Importer(815301076,1909f56bfc062723c751e8b465ee728b)
Start importing Assets/PolygonFantasyKingdom/Prefabs/Environments/SM_Env_Flowers_23.prefab using Guid(d61b6f7d2f319114da6fb3c00149fcee) Importer(815301076,1909f56bfc062723c751e8b465ee728b) (PreviewImporter) -> (Import Result ID: 'f78d705175d8d798f4de41a52e7d7dc2') in 0.0658294 seconds [static and dynamic dependencies]. Details - ImportResultOutputID=4f3e44fa00838b7323a50786a0a25260 DependenciesID=80b6aa90150dabf138f2afe32e6ca91f StaticDependenciesID=9e8bad4f089ee7f17a967633097d08b6 
Number of updated asset objects reloaded before import = 0Number of asset objects unloaded after import = 11

========================================================================
Received Import Request.
  Time since last request: 0.000036 seconds.
  path: Assets/PolygonFantasyKingdom/Prefabs/Environments/SM_Env_Flowers_13.prefab
  importAddress: Guid(7107590036870204a833cfcbcfff84b8) Importer(815301076,1909f56bfc062723c751e8b465ee728b)
Start importing Assets/PolygonFantasyKingdom/Prefabs/Environments/SM_Env_Flowers_13.prefab using Guid(7107590036870204a833cfcbcfff84b8) Importer(815301076,1909f56bfc062723c751e8b465ee728b) (PreviewImporter) -> (Import Result ID: '8d5d3703035a746c849f16382ff66108') in 0.0586758 seconds [static and dynamic dependencies]. Details - ImportResultOutputID=705fc6ff268cb5764870d752448c0165 DependenciesID=a73a4e3b8f711840264711aa256f842d StaticDependenciesID=5577b051aed3f7abb797b9375085dc74 
Number of updated asset objects reloaded before import = 0Number of asset objects unloaded after import = 11

========================================================================
Received Import Request.
  Time since last request: 0.000043 seconds.
  path: Assets/PolygonFantasyKingdom/Prefabs/Environments/SM_Env_Bush_Cluster_01.prefab
  importAddress: Guid(973cc009eb9459f4b9cc5fa91f3a2a79) Importer(815301076,1909f56bfc062723c751e8b465ee728b)
Start importing Assets/PolygonFantasyKingdom/Prefabs/Environments/SM_Env_Bush_Cluster_01.prefab using Guid(973cc009eb9459f4b9cc5fa91f3a2a79) Importer(815301076,1909f56bfc062723c751e8b465ee728b) (PreviewImporter) -> (Import Result ID: 'b7a2d0fe86681a56572dea7a40e95629') in 0.0641724 seconds [static and dynamic dependencies]. Details - ImportResultOutputID=40a22b359e68b05d68b84ad0685780a4 DependenciesID=027484decdbc55027f020bc338de1538 StaticDependenciesID=2ebc41841b1657d7228f05003623fe83 
Number of updated asset objects reloaded before import = 0Number of asset objects unloaded after import = 13

========================================================================
Received Import Request.
  Time since last request: 0.000039 seconds.
  path: Assets/PolygonFantasyKingdom/Prefabs/Environments/SM_Env_Flowers_01.prefab
  importAddress: Guid(8987043dc8eb1c24a84b9bf9dd364f31) Importer(815301076,1909f56bfc062723c751e8b465ee728b)
Start importing Assets/PolygonFantasyKingdom/Prefabs/Environments/SM_Env_Flowers_01.prefab using Guid(8987043dc8eb1c24a84b9bf9dd364f31) Importer(815301076,1909f56bfc062723c751e8b465ee728b) (PreviewImporter) -> (Import Result ID: '1584fdd91c0e601f3b3ba0be499913d4') in 0.0610552 seconds [static and dynamic dependencies]. Details - ImportResultOutputID=3233141be855ad1ba94a5958b3bb7bad DependenciesID=b0b0da99e4c362565e796041caf74375 StaticDependenciesID=59265d8acaf8f05ea00e62cf69a9c4a6 
Number of updated asset objects reloaded before import = 0Number of asset objects unloaded after import = 11

========================================================================
Received Import Request.
  Time since last request: 0.000039 seconds.
  path: Assets/PolygonFantasyKingdom/Prefabs/Environments/SM_Env_Fern_04.prefab
  importAddress: Guid(1618cc105bd08384b92f3c0ab3567972) Importer(815301076,1909f56bfc062723c751e8b465ee728b)
Start importing Assets/PolygonFantasyKingdom/Prefabs/Environments/SM_Env_Fern_04.prefab using Guid(1618cc105bd08384b92f3c0ab3567972) Importer(815301076,1909f56bfc062723c751e8b465ee728b) (PreviewImporter) -> (Import Result ID: '9a7dca3450e76d6a38d21d6f1ec859cb') in 0.0600894 seconds [static and dynamic dependencies]. Details - ImportResultOutputID=cb411e9b20c044b030abe8f83ca06574 DependenciesID=5d603d8f3845efb15fd762d3d0063517 StaticDependenciesID=335dc57ef6a600e537a8c65353acac73 
Number of updated asset objects reloaded before import = 0Number of asset objects unloaded after import = 11

========================================================================
Received Import Request.
  Time since last request: 0.000041 seconds.
  path: Assets/PolygonFantasyKingdom/Prefabs/Environments/SM_Env_Flowers_16.prefab
  importAddress: Guid(10cd485e7ffbd334c94f03440b94c06a) Importer(815301076,1909f56bfc062723c751e8b465ee728b)
Start importing Assets/PolygonFantasyKingdom/Prefabs/Environments/SM_Env_Flowers_16.prefab using Guid(10cd485e7ffbd334c94f03440b94c06a) Importer(815301076,1909f56bfc062723c751e8b465ee728b) (PreviewImporter) -> (Import Result ID: '78628fd1cc7670540478da5397274da4') in 0.0677652 seconds [static and dynamic dependencies]. Details - ImportResultOutputID=cb0e0c0fb66fb44c050d7cea57ba1d8c DependenciesID=28f7e385d15b1269f559725d6802a362 StaticDependenciesID=d80ee88ac7017353045445456be62ff5 
Number of updated asset objects reloaded before import = 0Number of asset objects unloaded after import = 11

========================================================================
Received Import Request.
  Time since last request: 0.000047 seconds.
  path: Assets/PolygonFantasyKingdom/Prefabs/Environments/SM_Env_Ivy_02.prefab
  importAddress: Guid(6ed24b647029f6747a653fd6d5295eff) Importer(815301076,1909f56bfc062723c751e8b465ee728b)
Start importing Assets/PolygonFantasyKingdom/Prefabs/Environments/SM_Env_Ivy_02.prefab using Guid(6ed24b647029f6747a653fd6d5295eff) Importer(815301076,1909f56bfc062723c751e8b465ee728b) (PreviewImporter) -> (Import Result ID: 'd0144e1fa80dc64d7d6bc785bb163301') in 0.0622136 seconds [static and dynamic dependencies]. Details - ImportResultOutputID=18fb3270cb5d86bda66d9e59a5edc33b DependenciesID=7a45255d141802e4d15254c10e3d3f93 StaticDependenciesID=72b00dd8cd620b3a8820b67fd75ec3b2 
Number of updated asset objects reloaded before import = 0Number of asset objects unloaded after import = 11

========================================================================
Received Import Request.
  Time since last request: 0.000031 seconds.
  path: Assets/PolygonFantasyKingdom/Prefabs/Environments/SM_Env_Ivy_01.prefab
  importAddress: Guid(5a19f2a78c64ff546a2818764e86f291) Importer(815301076,1909f56bfc062723c751e8b465ee728b)
Start importing Assets/PolygonFantasyKingdom/Prefabs/Environments/SM_Env_Ivy_01.prefab using Guid(5a19f2a78c64ff546a2818764e86f291) Importer(815301076,1909f56bfc062723c751e8b465ee728b) (PreviewImporter) -> (Import Result ID: '750c9d9e76f5ec54c8161a9f777d55ad') in 0.0812487 seconds [static and dynamic dependencies]. Details - ImportResultOutputID=be8af50b71b25e2ea18d31d0c696d0f2 DependenciesID=cbbe17ceca8ffb3b1910f432b00bc294 StaticDependenciesID=6b8e64fceb2afacf9b5d869cc3987ae8 
Number of updated asset objects reloaded before import = 0Number of asset objects unloaded after import = 11

========================================================================
Received Import Request.
  Time since last request: 0.000031 seconds.
  path: Assets/PolygonFantasyKingdom/Prefabs/Environments/SM_Env_Leaves_01.prefab
  importAddress: Guid(505a7d1aca78f23419a13b34088133d3) Importer(815301076,1909f56bfc062723c751e8b465ee728b)
Start importing Assets/PolygonFantasyKingdom/Prefabs/Environments/SM_Env_Leaves_01.prefab using Guid(505a7d1aca78f23419a13b34088133d3) Importer(815301076,1909f56bfc062723c751e8b465ee728b) (PreviewImporter) -> (Import Result ID: '5b45a77f030a349a8308e6f7f8138e42') in 0.0722008 seconds [static and dynamic dependencies]. Details - ImportResultOutputID=09b6482edc76446fd9889c8729463e13 DependenciesID=7727f4ccf4b7b92ac25c6410771b7809 StaticDependenciesID=d3f7411283619c7b48c60109ce931514 
Number of updated asset objects reloaded before import = 0Number of asset objects unloaded after import = 11

========================================================================
Received Import Request.
  Time since last request: 0.000037 seconds.
  path: Assets/PolygonFantasyKingdom/Prefabs/Environments/SM_Env_Ivy_Corner_02.prefab
  importAddress: Guid(34f77bd12f3e45b4bb7fb5c0b317644d) Importer(815301076,1909f56bfc062723c751e8b465ee728b)
Start importing Assets/PolygonFantasyKingdom/Prefabs/Environments/SM_Env_Ivy_Corner_02.prefab using Guid(34f77bd12f3e45b4bb7fb5c0b317644d) Importer(815301076,1909f56bfc062723c751e8b465ee728b) (PreviewImporter) -> (Import Result ID: '7084abba0eb0d552741fce3eb96a1cef') in 0.0495336 seconds [static and dynamic dependencies]. Details - ImportResultOutputID=2f966203ce2a94bf8ac97add8b5ed81d DependenciesID=534987db02f3baf0096ec042b1d8b0cc StaticDependenciesID=91089d4139d109c1d02d410852b3b2fc 
Number of updated asset objects reloaded before import = 0Number of asset objects unloaded after import = 11

========================================================================
Received Import Request.
  Time since last request: 0.068825 seconds.
  path: Assets/PolygonFantasyKingdom/Prefabs/Environments/SM_Env_Path_03.prefab
  importAddress: Guid(73b2f680083c13740bb62dcaca1ef9b4) Importer(815301076,1909f56bfc062723c751e8b465ee728b)
Start importing Assets/PolygonFantasyKingdom/Prefabs/Environments/SM_Env_Path_03.prefab using Guid(73b2f680083c13740bb62dcaca1ef9b4) Importer(815301076,1909f56bfc062723c751e8b465ee728b) (PreviewImporter) -> (Import Result ID: 'b4d7cd2e57054bb631dc7bc62fef2519') in 0.074411 seconds [static and dynamic dependencies]. Details - ImportResultOutputID=d54a8ea75adfe411948ecba5cac0983a DependenciesID=7d6f2c6cbc97a1d08fe3c0ed41b8111c StaticDependenciesID=8214bf11fb5de5848cdf78205745cd93 
Number of updated asset objects reloaded before import = 0Number of asset objects unloaded after import = 12

========================================================================
Received Import Request.
  Time since last request: 0.000036 seconds.
  path: Assets/PolygonFantasyKingdom/Prefabs/Environments/SM_Env_Path_Brick_Group_07.prefab
  importAddress: Guid(06aa60cc7af4dc24d8bf332f1cc96655) Importer(815301076,1909f56bfc062723c751e8b465ee728b)
Start importing Assets/PolygonFantasyKingdom/Prefabs/Environments/SM_Env_Path_Brick_Group_07.prefab using Guid(06aa60cc7af4dc24d8bf332f1cc96655) Importer(815301076,1909f56bfc062723c751e8b465ee728b) (PreviewImporter) -> (Import Result ID: '7e0345d87d42f0330b324cb130b00509') in 0.075596 seconds [static and dynamic dependencies]. Details - ImportResultOutputID=bfb22d2b6e2b84ee4ab90ab301e5a16d DependenciesID=6ddf0aa2bf4e9878f0e4c9d8579f6ba9 StaticDependenciesID=f355011182cc70068c9e432cd53714c1 
Number of updated asset objects reloaded before import = 0Number of asset objects unloaded after import = 12

========================================================================
Received Import Request.
  Time since last request: 0.000037 seconds.
  path: Assets/PolygonFantasyKingdom/Prefabs/Environments/SM_Env_Planter_Pot_03.prefab
  importAddress: Guid(57f2b1142e209ea4685786f0d5a9a867) Importer(815301076,1909f56bfc062723c751e8b465ee728b)
Start importing Assets/PolygonFantasyKingdom/Prefabs/Environments/SM_Env_Planter_Pot_03.prefab using Guid(57f2b1142e209ea4685786f0d5a9a867) Importer(815301076,1909f56bfc062723c751e8b465ee728b) (PreviewImporter) -> (Import Result ID: '3086ed082f5222e7edde4ee127623e61') in 0.1086543 seconds [static and dynamic dependencies]. Details - ImportResultOutputID=052525c3647947685694450780051c85 DependenciesID=521392266592fb66f182f179d007b70c StaticDependenciesID=71a93129c1fcbcf7032ef1f6bab65d2d 
Number of updated asset objects reloaded before import = 0Number of asset objects unloaded after import = 13

========================================================================
Received Import Request.
  Time since last request: 0.000066 seconds.
  path: Assets/PolygonFantasyKingdom/Prefabs/Environments/SM_Env_Path_Brick_Group_06.prefab
  importAddress: Guid(61dec9ef4e7b7714997c18437830f38f) Importer(815301076,1909f56bfc062723c751e8b465ee728b)
Start importing Assets/PolygonFantasyKingdom/Prefabs/Environments/SM_Env_Path_Brick_Group_06.prefab using Guid(61dec9ef4e7b7714997c18437830f38f) Importer(815301076,1909f56bfc062723c751e8b465ee728b) (PreviewImporter) -> (Import Result ID: 'ec5bc4c2982f12d5a5eb3d2fb7267097') in 0.1475112 seconds [static and dynamic dependencies]. Details - ImportResultOutputID=b6f295ba3f9baea0bebcc19c644186f6 DependenciesID=df9f87c065385e82b6ffb1093a0b31c5 StaticDependenciesID=b208fac9042b1624fa69eb1313e74384 
Number of updated asset objects reloaded before import = 0Number of asset objects unloaded after import = 12

========================================================================
Received Import Request.
  Time since last request: 0.000062 seconds.
  path: Assets/PolygonFantasyKingdom/Prefabs/Environments/SM_Env_Planter_Box_02.prefab
  importAddress: Guid(941b9610935d70348b825b791c402f2b) Importer(815301076,1909f56bfc062723c751e8b465ee728b)
Start importing Assets/PolygonFantasyKingdom/Prefabs/Environments/SM_Env_Planter_Box_02.prefab using Guid(941b9610935d70348b825b791c402f2b) Importer(815301076,1909f56bfc062723c751e8b465ee728b) (PreviewImporter) -> (Import Result ID: 'c0e85a103bfbbf50569db099a922cf53') in 0.0917311 seconds [static and dynamic dependencies]. Details - ImportResultOutputID=b07c08bd2a69506e4ab77f05b2c7613b DependenciesID=ae40898eccde4ae827f7b150a4b8d899 StaticDependenciesID=aea301b9559c87c8c5299cf9585b3fd2 
Number of updated asset objects reloaded before import = 0Number of asset objects unloaded after import = 13

========================================================================
Received Import Request.
  Time since last request: 0.000036 seconds.
  path: Assets/PolygonFantasyKingdom/Prefabs/Environments/SM_Env_Planter_Pedestal_01_Preset_05.prefab
  importAddress: Guid(0f1c3e8a754b6de44a2d1e7771343a86) Importer(815301076,1909f56bfc062723c751e8b465ee728b)
Start importing Assets/PolygonFantasyKingdom/Prefabs/Environments/SM_Env_Planter_Pedestal_01_Preset_05.prefab using Guid(0f1c3e8a754b6de44a2d1e7771343a86) Importer(815301076,1909f56bfc062723c751e8b465ee728b) (PreviewImporter) -> (Import Result ID: '334a46e64c791a1afe416faa0fae1dc2') in 0.0859079 seconds [static and dynamic dependencies]. Details - ImportResultOutputID=40607213ac760f2363f5582e2f144ef9 DependenciesID=6fc5f2fa8f81b7359a70c3d1cde916c7 StaticDependenciesID=ee0bc7e57f85a2070f2e4032ecde9fd7 
Number of updated asset objects reloaded before import = 0Number of asset objects unloaded after import = 13

========================================================================
Received Import Request.
  Time since last request: 0.000044 seconds.
  path: Assets/PolygonFantasyKingdom/Prefabs/Environments/SM_Env_Planter_Pot_04.prefab
  importAddress: Guid(032c06a650015ba43bcf61fe30a6b307) Importer(815301076,1909f56bfc062723c751e8b465ee728b)
Start importing Assets/PolygonFantasyKingdom/Prefabs/Environments/SM_Env_Planter_Pot_04.prefab using Guid(032c06a650015ba43bcf61fe30a6b307) Importer(815301076,1909f56bfc062723c751e8b465ee728b) (PreviewImporter) -> (Import Result ID: '34fba631988b9783255d8b037f7c34da') in 0.0771089 seconds [static and dynamic dependencies]. Details - ImportResultOutputID=3a69ef753b6e6344f4eca788c6000431 DependenciesID=b8fb37f80634548b877d46768354cab6 StaticDependenciesID=c2f08d9edba467bb2b92553003cda91d 
Number of updated asset objects reloaded before import = 0Number of asset objects unloaded after import = 13

========================================================================
Received Import Request.
  Time since last request: 0.000030 seconds.
  path: Assets/PolygonFantasyKingdom/Prefabs/Environments/SM_Env_Path_Brick_Group_01.prefab
  importAddress: Guid(5e4ec47aa6d9b0d4bb155e143efb196c) Importer(815301076,1909f56bfc062723c751e8b465ee728b)
Start importing Assets/PolygonFantasyKingdom/Prefabs/Environments/SM_Env_Path_Brick_Group_01.prefab using Guid(5e4ec47aa6d9b0d4bb155e143efb196c) Importer(815301076,1909f56bfc062723c751e8b465ee728b) (PreviewImporter) -> (Import Result ID: '558d3fc2509c9423d71f33ec649806fc') in 0.0860515 seconds [static and dynamic dependencies]. Details - ImportResultOutputID=1538e2ec6748618cc7f9ef287a0a4977 DependenciesID=1e8a6554ec4ad464788676079c5e8ea5 StaticDependenciesID=bd3780bfb98087b2ff72458e50061fff 
Number of updated asset objects reloaded before import = 0Number of asset objects unloaded after import = 12

========================================================================
Received Import Request.
  Time since last request: 0.000048 seconds.
  path: Assets/PolygonFantasyKingdom/Prefabs/Environments/SM_Env_Planter_Plinth_02.prefab
  importAddress: Guid(f75d954b50cd690449c1b7426d3aea2f) Importer(815301076,1909f56bfc062723c751e8b465ee728b)
Start importing Assets/PolygonFantasyKingdom/Prefabs/Environments/SM_Env_Planter_Plinth_02.prefab using Guid(f75d954b50cd690449c1b7426d3aea2f) Importer(815301076,1909f56bfc062723c751e8b465ee728b) (PreviewImporter) -> (Import Result ID: '65fa19b3e30dd707b9080be031b62523') in 0.0767899 seconds [static and dynamic dependencies]. Details - ImportResultOutputID=c6f96b05247d9973c6c830316ad5691a DependenciesID=b0d58d7ae4f9759bb3366c777d1c7854 StaticDependenciesID=f7722e25042e76f35c4535868c562ae3 
Number of updated asset objects reloaded before import = 0Number of asset objects unloaded after import = 13

========================================================================
Received Import Request.
  Time since last request: 0.000035 seconds.
  path: Assets/PolygonFantasyKingdom/Prefabs/Environments/SM_Env_Rock_Cliff_03.prefab
  importAddress: Guid(d85d0b2a487406846a4e6c18d8317316) Importer(815301076,1909f56bfc062723c751e8b465ee728b)
Start importing Assets/PolygonFantasyKingdom/Prefabs/Environments/SM_Env_Rock_Cliff_03.prefab using Guid(d85d0b2a487406846a4e6c18d8317316) Importer(815301076,1909f56bfc062723c751e8b465ee728b) (PreviewImporter) -> (Import Result ID: '6b962faf028bb496aeb315eb5b33c393') in 0.0697713 seconds [static and dynamic dependencies]. Details - ImportResultOutputID=a45c688dfcbc5db7c4c4089c4b44fd3a DependenciesID=90237adaeffd7f79580b6c0dc1215851 StaticDependenciesID=3c4baf5052153df0fc3963e09c1b62b8 
Number of updated asset objects reloaded before import = 0Number of asset objects unloaded after import = 12

========================================================================
Received Import Request.
  Time since last request: 0.000052 seconds.
  path: Assets/PolygonFantasyKingdom/Prefabs/Environments/SM_Env_Structure_01.prefab
  importAddress: Guid(2ca42f0c2027e5f439b3914288d6aa88) Importer(815301076,1909f56bfc062723c751e8b465ee728b)
Start importing Assets/PolygonFantasyKingdom/Prefabs/Environments/SM_Env_Structure_01.prefab using Guid(2ca42f0c2027e5f439b3914288d6aa88) Importer(815301076,1909f56bfc062723c751e8b465ee728b) (PreviewImporter) -> (Import Result ID: '84acc34527c132573d9106da8b5b8a3f') in 0.0729946 seconds [static and dynamic dependencies]. Details - ImportResultOutputID=67b1b77b5bfbb083fdb95db6c2a2f1bc DependenciesID=4f9ad060ea9e75147e02307ebbb83989 StaticDependenciesID=7033ba8acd10204e2374872991d6c746 
Number of updated asset objects reloaded before import = 0Number of asset objects unloaded after import = 12

========================================================================
Received Import Request.
  Time since last request: 0.000033 seconds.
  path: Assets/PolygonFantasyKingdom/Prefabs/Environments/SM_Env_Tree_Dead_02.prefab
  importAddress: Guid(ef619b5970133f2458367dda94962cd1) Importer(815301076,1909f56bfc062723c751e8b465ee728b)
Start importing Assets/PolygonFantasyKingdom/Prefabs/Environments/SM_Env_Tree_Dead_02.prefab using Guid(ef619b5970133f2458367dda94962cd1) Importer(815301076,1909f56bfc062723c751e8b465ee728b) (PreviewImporter) -> (Import Result ID: 'd117b61301d6e93c9c7e4a92a35a415f') in 0.0781245 seconds [static and dynamic dependencies]. Details - ImportResultOutputID=507f138556d75b5dc29c167602f7b72c DependenciesID=1069281a7a97d9ed25f368f75bd3dee3 StaticDependenciesID=a4f2d43a214a45300429d66fe585c7b5 
Number of updated asset objects reloaded before import = 0Number of asset objects unloaded after import = 12

========================================================================
Received Import Request.
  Time since last request: 0.000041 seconds.
  path: Assets/PolygonFantasyKingdom/Prefabs/Environments/SM_Env_Tree_Large_02.prefab
  importAddress: Guid(abdd014ec4473fb4f8c8584b6cef940e) Importer(815301076,1909f56bfc062723c751e8b465ee728b)
Start importing Assets/PolygonFantasyKingdom/Prefabs/Environments/SM_Env_Tree_Large_02.prefab using Guid(abdd014ec4473fb4f8c8584b6cef940e) Importer(815301076,1909f56bfc062723c751e8b465ee728b) (PreviewImporter) -> (Import Result ID: '1dc10df263bdffbd0623674f6a114fa4') in 0.068924 seconds [static and dynamic dependencies]. Details - ImportResultOutputID=c4308f2778352898ebbc16c5bfd264b5 DependenciesID=3594d9f81e37e92803d7ff4be7d4df9b StaticDependenciesID=8a9ffba74d3cc6a4f5329c3a4c983a13 
Number of updated asset objects reloaded before import = 0Number of asset objects unloaded after import = 17

========================================================================
Received Import Request.
  Time since last request: 0.000166 seconds.
  path: Assets/PolygonFantasyKingdom/Prefabs/Environments/SM_Env_Structure_Stairs_01.prefab
  importAddress: Guid(a4304b9ab69a0754ba1dc3f63a8c0e1c) Importer(815301076,1909f56bfc062723c751e8b465ee728b)
Start importing Assets/PolygonFantasyKingdom/Prefabs/Environments/SM_Env_Structure_Stairs_01.prefab using Guid(a4304b9ab69a0754ba1dc3f63a8c0e1c) Importer(815301076,1909f56bfc062723c751e8b465ee728b) (PreviewImporter) -> (Import Result ID: 'b2783ede851597fd43d059b153933785') in 0.0832792 seconds [static and dynamic dependencies]. Details - ImportResultOutputID=dcbcb772d0614db1131e142001b4bda5 DependenciesID=7f6c6468d41986ee940275504d809ba7 StaticDependenciesID=853f042287a5d4ed8a3988031d6e1a71 
Number of updated asset objects reloaded before import = 0Number of asset objects unloaded after import = 12

========================================================================
Received Import Request.
  Time since last request: 0.000053 seconds.
  path: Assets/PolygonFantasyKingdom/Prefabs/Environments/SM_Env_Sunflower_03.prefab
  importAddress: Guid(3afc18436889b854ab9a548ee3e323c8) Importer(815301076,1909f56bfc062723c751e8b465ee728b)
Start importing Assets/PolygonFantasyKingdom/Prefabs/Environments/SM_Env_Sunflower_03.prefab using Guid(3afc18436889b854ab9a548ee3e323c8) Importer(815301076,1909f56bfc062723c751e8b465ee728b) (PreviewImporter) -> (Import Result ID: '7cffc4a2ae4c8aab2aa471e680bdbe39') in 0.0753532 seconds [static and dynamic dependencies]. Details - ImportResultOutputID=403e41d743287ccb8cc3f73b95406718 DependenciesID=602f85bf3e87d1c657f8f253cc91e07f StaticDependenciesID=14b51d4daef20be0ecd51794bf7dfdc2 
Number of updated asset objects reloaded before import = 0Number of asset objects unloaded after import = 11

========================================================================
Received Import Request.
  Time since last request: 0.000057 seconds.
  path: Assets/PolygonFantasyKingdom/Prefabs/Environments/SM_Env_Tree_Thin_04.prefab
  importAddress: Guid(a68c5a3e609292840a73915dfba3f230) Importer(815301076,1909f56bfc062723c751e8b465ee728b)
Start importing Assets/PolygonFantasyKingdom/Prefabs/Environments/SM_Env_Tree_Thin_04.prefab using Guid(a68c5a3e609292840a73915dfba3f230) Importer(815301076,1909f56bfc062723c751e8b465ee728b) (PreviewImporter) -> (Import Result ID: 'f089c9e0dca9689bb4598a3ad04cca90') in 0.0667239 seconds [static and dynamic dependencies]. Details - ImportResultOutputID=970d3009901f01862caa6e6704f4c1a5 DependenciesID=da564f8abb2936c55385c71eb6a49aac StaticDependenciesID=95781ecd519fdd681e3061e700fc8d11 
Number of updated asset objects reloaded before import = 0Number of asset objects unloaded after import = 13

========================================================================
Received Import Request.
  Time since last request: 0.000041 seconds.
  path: Assets/PolygonFantasyKingdom/Prefabs/Environments/SM_Env_Tree_Thin_02.prefab
  importAddress: Guid(c9409a97af2dcc54a930bc02b81b4cda) Importer(815301076,1909f56bfc062723c751e8b465ee728b)
Start importing Assets/PolygonFantasyKingdom/Prefabs/Environments/SM_Env_Tree_Thin_02.prefab using Guid(c9409a97af2dcc54a930bc02b81b4cda) Importer(815301076,1909f56bfc062723c751e8b465ee728b) (PreviewImporter) -> (Import Result ID: '2bb7c799ff801242c32fb761a1c4214b') in 0.069545 seconds [static and dynamic dependencies]. Details - ImportResultOutputID=6c5acd7cbccb4fc5cd6a614410d43ad9 DependenciesID=5c65effe1f1c9aae7f504dc21a987af5 StaticDependenciesID=cfb2d3efd073f9e603a09d54e2eac7b1 
Number of updated asset objects reloaded before import = 0Number of asset objects unloaded after import = 13

========================================================================
Received Import Request.
  Time since last request: 0.000023 seconds.
  path: Assets/PolygonFantasyKingdom/Prefabs/Environments/SM_Env_Tree_Dead_04.prefab
  importAddress: Guid(2f9f7196dbd6f6846bba6eaa7cb39096) Importer(815301076,1909f56bfc062723c751e8b465ee728b)
Start importing Assets/PolygonFantasyKingdom/Prefabs/Environments/SM_Env_Tree_Dead_04.prefab using Guid(2f9f7196dbd6f6846bba6eaa7cb39096) Importer(815301076,1909f56bfc062723c751e8b465ee728b) (PreviewImporter) -> (Import Result ID: '1372ceead5ca9ad828dea57730ebef63') in 0.0794895 seconds [static and dynamic dependencies]. Details - ImportResultOutputID=c5f5787f0a1b45f6890984cee1c15610 DependenciesID=936c0630d2002dee336f60603b62d3cf StaticDependenciesID=ac3b26a8a7882365b4366f5431f1ccf3 
Number of updated asset objects reloaded before import = 0Number of asset objects unloaded after import = 21

========================================================================
Received Import Request.
  Time since last request: 0.000071 seconds.
  path: Assets/PolygonFantasyKingdom/Prefabs/Environments/SM_Env_StoneWall_03.prefab
  importAddress: Guid(203d7388ddc2d344384e25a642792f7d) Importer(815301076,1909f56bfc062723c751e8b465ee728b)
Start importing Assets/PolygonFantasyKingdom/Prefabs/Environments/SM_Env_StoneWall_03.prefab using Guid(203d7388ddc2d344384e25a642792f7d) Importer(815301076,1909f56bfc062723c751e8b465ee728b) (PreviewImporter) -> (Import Result ID: '3346530768c8d859f266e2d6f45f5ec5') in 0.0723853 seconds [static and dynamic dependencies]. Details - ImportResultOutputID=1f167ab4e310a43949a8decd03429e90 DependenciesID=61a13edce15584022d265e0164614e95 StaticDependenciesID=b3c23581e970a796d1959c07d38a9acb 
Number of updated asset objects reloaded before import = 0Number of asset objects unloaded after import = 12

========================================================================
Received Import Request.
  Time since last request: 0.000029 seconds.
  path: Assets/PolygonFantasyKingdom/Prefabs/Environments/SM_Env_Rock_Chunk_02.prefab
  importAddress: Guid(23e06cc63cc3eb74791ede84dc942e66) Importer(815301076,1909f56bfc062723c751e8b465ee728b)
Start importing Assets/PolygonFantasyKingdom/Prefabs/Environments/SM_Env_Rock_Chunk_02.prefab using Guid(23e06cc63cc3eb74791ede84dc942e66) Importer(815301076,1909f56bfc062723c751e8b465ee728b) (PreviewImporter) -> (Import Result ID: 'ece912d0f91b5639d9ed2a235f019196') in 0.0706352 seconds [static and dynamic dependencies]. Details - ImportResultOutputID=77aa4ccb39cefbda418c567d228f402a DependenciesID=a6bd7f358a683d6d1a3fd33699d8bb25 StaticDependenciesID=ac072fbd55817698980140dd29e9f502 
Number of updated asset objects reloaded before import = 0Number of asset objects unloaded after import = 12

========================================================================
Received Import Request.
  Time since last request: 0.000029 seconds.
  path: Assets/PolygonFantasyKingdom/Prefabs/Environments/SM_Env_Tree_Thin_01.prefab
  importAddress: Guid(af8a3b23c35a0794ebbde20b219374b1) Importer(815301076,1909f56bfc062723c751e8b465ee728b)
Start importing Assets/PolygonFantasyKingdom/Prefabs/Environments/SM_Env_Tree_Thin_01.prefab using Guid(af8a3b23c35a0794ebbde20b219374b1) Importer(815301076,1909f56bfc062723c751e8b465ee728b) (PreviewImporter) -> (Import Result ID: '9fcc98f1843d8912aca03e16b245e053') in 0.0764809 seconds [static and dynamic dependencies]. Details - ImportResultOutputID=6fb1240fae29cf9e4f1e03d76e82d11a DependenciesID=72c761f0f8880fd7647ff7a4ffccd680 StaticDependenciesID=c718c1efd69d9b77c0f58c7f18c62a99 
Number of updated asset objects reloaded before import = 0Number of asset objects unloaded after import = 13

========================================================================
Received Import Request.
  Time since last request: 0.000069 seconds.
  path: Assets/PolygonFantasyKingdom/Prefabs/Environments/SM_Env_Water_Plane_01.prefab
  importAddress: Guid(a8a870d55b0a06b4db17cf9263c6ad9d) Importer(815301076,1909f56bfc062723c751e8b465ee728b)
Start importing Assets/PolygonFantasyKingdom/Prefabs/Environments/SM_Env_Water_Plane_01.prefab using Guid(a8a870d55b0a06b4db17cf9263c6ad9d) Importer(815301076,1909f56bfc062723c751e8b465ee728b) (PreviewImporter) -> (Import Result ID: 'f2223efd56832dc1904b697c9e3e1bbe') in 0.2516069 seconds [static and dynamic dependencies]. Details - ImportResultOutputID=74e9db89f783cb2a34c659ad08505926 DependenciesID=d41b3c066ac068ae6c77df5e11747009 StaticDependenciesID=83b8a38a231859adcc0e5ecae7d8d2ad 
Number of updated asset objects reloaded before import = 0Number of asset objects unloaded after import = 8

========================================================================
Received Import Request.
  Time since last request: 12.647359 seconds.
  path: Assets/PolygonFantasyKingdom/Prefabs/Items/SM_Item_Bird_Skull_01.prefab
  importAddress: Guid(8c89531008235d242b4377d7af9361fe) Importer(815301076,1909f56bfc062723c751e8b465ee728b)
Start importing Assets/PolygonFantasyKingdom/Prefabs/Items/SM_Item_Bird_Skull_01.prefab using Guid(8c89531008235d242b4377d7af9361fe) Importer(815301076,1909f56bfc062723c751e8b465ee728b) (PreviewImporter) -> (Import Result ID: '67ad323f863feadfea71fa25ab53f64a') in 0.0693973 seconds [static and dynamic dependencies]. Details - ImportResultOutputID=1f13394a775b673fe365bf0ee9433e06 DependenciesID=b3739c9cd5ce11c85fb56bb7b140ccbe StaticDependenciesID=24526a96c7c8f08ce42ee558b3a1ac64 
Number of updated asset objects reloaded before import = 0Number of asset objects unloaded after import = 13

========================================================================
Received Import Request.
  Time since last request: 0.000025 seconds.
  path: Assets/PolygonFantasyKingdom/Prefabs/Items/SM_Item_Feather_02.prefab
  importAddress: Guid(add97d1bff74e2d459ac9018699c2c76) Importer(815301076,1909f56bfc062723c751e8b465ee728b)
Start importing Assets/PolygonFantasyKingdom/Prefabs/Items/SM_Item_Feather_02.prefab using Guid(add97d1bff74e2d459ac9018699c2c76) Importer(815301076,1909f56bfc062723c751e8b465ee728b) (PreviewImporter) -> (Import Result ID: 'b0f83ecb66e9009dd404a2fa876d5437') in 0.0698028 seconds [static and dynamic dependencies]. Details - ImportResultOutputID=3cd00d9e9d7800eda0fe6cb5461faa12 DependenciesID=cbfeba49bd2a5291d22afbe1996e1bc5 StaticDependenciesID=ecbfdfe88ce7641c8f87e8b1a0457404 
Number of updated asset objects reloaded before import = 0Number of asset objects unloaded after import = 13

========================================================================
Received Import Request.
  Time since last request: 0.000025 seconds.
  path: Assets/PolygonFantasyKingdom/Prefabs/Items/SM_Item_Bowl_01.prefab
  importAddress: Guid(13457bba34e7e0f44b21467400fa6f00) Importer(815301076,1909f56bfc062723c751e8b465ee728b)
Start importing Assets/PolygonFantasyKingdom/Prefabs/Items/SM_Item_Bowl_01.prefab using Guid(13457bba34e7e0f44b21467400fa6f00) Importer(815301076,1909f56bfc062723c751e8b465ee728b) (PreviewImporter) -> (Import Result ID: '75568e97f2ff95e720f15a69172a5648') in 0.0704548 seconds [static and dynamic dependencies]. Details - ImportResultOutputID=36087ba9c373929c91c2f52effcd01a8 DependenciesID=86de184f132e561573269091e5cace73 StaticDependenciesID=57b5bc52e98594a2c1f505f1fa12018f 
Number of updated asset objects reloaded before import = 0Number of asset objects unloaded after import = 13

========================================================================
Received Import Request.
  Time since last request: 0.000057 seconds.
  path: Assets/PolygonFantasyKingdom/Prefabs/Items/SM_Item_Cup_01.prefab
  importAddress: Guid(4e32d754d965b85458985b592fb1bb7c) Importer(815301076,1909f56bfc062723c751e8b465ee728b)
Start importing Assets/PolygonFantasyKingdom/Prefabs/Items/SM_Item_Cup_01.prefab using Guid(4e32d754d965b85458985b592fb1bb7c) Importer(815301076,1909f56bfc062723c751e8b465ee728b) (PreviewImporter) -> (Import Result ID: '2e5c9c7102155bf625b1f003cde99329') in 0.0718817 seconds [static and dynamic dependencies]. Details - ImportResultOutputID=55868c29d7d287445a3a252c4782cacb DependenciesID=0f03f54d939ae2dfb111cab8b81f3022 StaticDependenciesID=9fcdb6c27d5a5f81fe1c8f01d07c7c64 
Number of updated asset objects reloaded before import = 0Number of asset objects unloaded after import = 13

========================================================================
Received Import Request.
  Time since last request: 0.000032 seconds.
  path: Assets/PolygonFantasyKingdom/Prefabs/Items/SM_Item_Bottle_Clear_Labelled_03.prefab
  importAddress: Guid(e6acffed64f3c8f4a99d49faceb9a464) Importer(815301076,1909f56bfc062723c751e8b465ee728b)
Start importing Assets/PolygonFantasyKingdom/Prefabs/Items/SM_Item_Bottle_Clear_Labelled_03.prefab using Guid(e6acffed64f3c8f4a99d49faceb9a464) Importer(815301076,1909f56bfc062723c751e8b465ee728b) (PreviewImporter) -> (Import Result ID: '72eb5c432cddcc92b661b1559f3c6c0f') in 0.0722307 seconds [static and dynamic dependencies]. Details - ImportResultOutputID=d308e10709f838046af41cf5aa36dcc8 DependenciesID=5779de840ab0d0ecd6d4ab286d751cd1 StaticDependenciesID=e60ea6beefa702fc756eba401e1a3921 
Number of updated asset objects reloaded before import = 0Number of asset objects unloaded after import = 19

========================================================================
Received Import Request.
  Time since last request: 0.000038 seconds.
  path: Assets/PolygonFantasyKingdom/Prefabs/Items/SM_Item_Feather_01.prefab
  importAddress: Guid(0ba06f884c42ef44792dd48d0d22c42f) Importer(815301076,1909f56bfc062723c751e8b465ee728b)
Start importing Assets/PolygonFantasyKingdom/Prefabs/Items/SM_Item_Feather_01.prefab using Guid(0ba06f884c42ef44792dd48d0d22c42f) Importer(815301076,1909f56bfc062723c751e8b465ee728b) (PreviewImporter) -> (Import Result ID: 'ebc9cf4484db13bdaac027777a212035') in 0.066956 seconds [static and dynamic dependencies]. Details - ImportResultOutputID=1f9850797fb27dabeaaa3fed2268aaa9 DependenciesID=293ef99996d48d6eda66c5b0e044b235 StaticDependenciesID=1e5c20ae47f8ada070fd31078cf3f8af 
Number of updated asset objects reloaded before import = 0Number of asset objects unloaded after import = 13

========================================================================
Received Import Request.
  Time since last request: 0.000032 seconds.
  path: Assets/PolygonFantasyKingdom/Prefabs/Items/SM_Item_Crystal_03.prefab
  importAddress: Guid(3a84d9e1d10df3f46bda6e135b9f2ba9) Importer(815301076,1909f56bfc062723c751e8b465ee728b)
Start importing Assets/PolygonFantasyKingdom/Prefabs/Items/SM_Item_Crystal_03.prefab using Guid(3a84d9e1d10df3f46bda6e135b9f2ba9) Importer(815301076,1909f56bfc062723c751e8b465ee728b) (PreviewImporter) -> (Import Result ID: 'ca8ef4db75d9a0813f53436c9ad5b958') in 0.0636442 seconds [static and dynamic dependencies]. Details - ImportResultOutputID=1bcb368ef25ac7e8a3862460e1f9feb3 DependenciesID=523432684fb2866398937ae58c03e164 StaticDependenciesID=a0562d27fffd76982f2b8f8a19824acb 
Number of updated asset objects reloaded before import = 0Number of asset objects unloaded after import = 13

========================================================================
Received Import Request.
  Time since last request: 0.000034 seconds.
  path: Assets/PolygonFantasyKingdom/Prefabs/Items/SM_Item_Gem_01.prefab
  importAddress: Guid(deb812e76c4026d46a465bd368137a7c) Importer(815301076,1909f56bfc062723c751e8b465ee728b)
Start importing Assets/PolygonFantasyKingdom/Prefabs/Items/SM_Item_Gem_01.prefab using Guid(deb812e76c4026d46a465bd368137a7c) Importer(815301076,1909f56bfc062723c751e8b465ee728b) (PreviewImporter) -> (Import Result ID: '0df9ea886e3462a829ac3b04a1ff124d') in 0.0627593 seconds [static and dynamic dependencies]. Details - ImportResultOutputID=2b955db8d796c555b89d2bc2d4a98e37 DependenciesID=ecddc14f92eff9fd878e93d4a84d1e6f StaticDependenciesID=a192fe0aac28ee0713392c5c2fce93f2 
Number of updated asset objects reloaded before import = 0Number of asset objects unloaded after import = 13

========================================================================
Received Import Request.
  Time since last request: 0.000024 seconds.
  path: Assets/PolygonFantasyKingdom/Prefabs/Items/SM_Item_Compass_01.prefab
  importAddress: Guid(41719a98b1c78b441beb270886145496) Importer(815301076,1909f56bfc062723c751e8b465ee728b)
Start importing Assets/PolygonFantasyKingdom/Prefabs/Items/SM_Item_Compass_01.prefab using Guid(41719a98b1c78b441beb270886145496) Importer(815301076,1909f56bfc062723c751e8b465ee728b) (PreviewImporter) -> (Import Result ID: '7616570d6f170305e04e2ae4802ad0e5') in 0.1275886 seconds [static and dynamic dependencies]. Details - ImportResultOutputID=a07cb554c7cef78023e5b02dfb6134e8 DependenciesID=131d7ba68c7bc204e87f0d8e5b71485d StaticDependenciesID=cd706924c2c070dc90525ad3ece1ec55 
Number of updated asset objects reloaded before import = 0Number of asset objects unloaded after import = 13

========================================================================
Received Import Request.
  Time since last request: 0.000039 seconds.
  path: Assets/PolygonFantasyKingdom/Prefabs/Items/SM_Item_Cauldron_01.prefab
  importAddress: Guid(91be741fc58ce0746ad56d17a1404e59) Importer(815301076,1909f56bfc062723c751e8b465ee728b)
Start importing Assets/PolygonFantasyKingdom/Prefabs/Items/SM_Item_Cauldron_01.prefab using Guid(91be741fc58ce0746ad56d17a1404e59) Importer(815301076,1909f56bfc062723c751e8b465ee728b) (PreviewImporter) -> (Import Result ID: 'fe9c79e0468125d60bd37d30d906d55c') in 0.0891904 seconds [static and dynamic dependencies]. Details - ImportResultOutputID=3f1c39dfb9b43d1420b72b043c13724e DependenciesID=67e1e31167479c338305cb097c143d54 StaticDependenciesID=72476502f06495c47455126bd7c6a7a5 
Number of updated asset objects reloaded before import = 0Number of asset objects unloaded after import = 18

========================================================================
Received Import Request.
  Time since last request: 0.000054 seconds.
  path: Assets/PolygonFantasyKingdom/Prefabs/Items/SM_Item_Bracelet_06.prefab
  importAddress: Guid(be4c1fc82c7a232449e4ebae16abc1cc) Importer(815301076,1909f56bfc062723c751e8b465ee728b)
Start importing Assets/PolygonFantasyKingdom/Prefabs/Items/SM_Item_Bracelet_06.prefab using Guid(be4c1fc82c7a232449e4ebae16abc1cc) Importer(815301076,1909f56bfc062723c751e8b465ee728b) (PreviewImporter) -> (Import Result ID: 'ff552a3d8598068e56af17b8a8b3de3b') in 0.0599178 seconds [static and dynamic dependencies]. Details - ImportResultOutputID=dcbb3b20c5d1c3dcb6901d607997ea39 DependenciesID=e846870da48d19005832aac582a53068 StaticDependenciesID=706eff2c5e9ebab2ae59ec34a597c8ee 
Number of updated asset objects reloaded before import = 0Number of asset objects unloaded after import = 13

========================================================================
Received Import Request.
  Time since last request: 0.000034 seconds.
  path: Assets/PolygonFantasyKingdom/Prefabs/Items/SM_Item_Book_05.prefab
  importAddress: Guid(c6503af5b57ac2744962b2b79a1e25aa) Importer(815301076,1909f56bfc062723c751e8b465ee728b)
Start importing Assets/PolygonFantasyKingdom/Prefabs/Items/SM_Item_Book_05.prefab using Guid(c6503af5b57ac2744962b2b79a1e25aa) Importer(815301076,1909f56bfc062723c751e8b465ee728b) (PreviewImporter) -> (Import Result ID: 'dd0edf288e9309b3e09689bf795ef586') in 0.0660654 seconds [static and dynamic dependencies]. Details - ImportResultOutputID=fb4bd4b1ecb3a4ce0d3352790ec6d8bd DependenciesID=8c1824f87d248abc1aedfb1567a77aca StaticDependenciesID=0da649f530655635d54edf92245c81d9 
Number of updated asset objects reloaded before import = 0Number of asset objects unloaded after import = 13

========================================================================
Received Import Request.
  Time since last request: 0.000033 seconds.
  path: Assets/PolygonFantasyKingdom/Prefabs/Items/SM_Item_Cutlery_Fork_01.prefab
  importAddress: Guid(ffd7d3bbf0558ee42b8e20239d005c20) Importer(815301076,1909f56bfc062723c751e8b465ee728b)
Start importing Assets/PolygonFantasyKingdom/Prefabs/Items/SM_Item_Cutlery_Fork_01.prefab using Guid(ffd7d3bbf0558ee42b8e20239d005c20) Importer(815301076,1909f56bfc062723c751e8b465ee728b) (PreviewImporter) -> (Import Result ID: 'c655512cabacd2cdec1ee967343fd9c2') in 0.0701503 seconds [static and dynamic dependencies]. Details - ImportResultOutputID=23e27563af6f6043c9b0171d1927aa65 DependenciesID=ebc5385d1119db1681ef4d7f388a3c7d StaticDependenciesID=7448d663ead309802340b501307f31aa 
Number of updated asset objects reloaded before import = 0Number of asset objects unloaded after import = 13

========================================================================
Received Import Request.
  Time since last request: 0.000045 seconds.
  path: Assets/PolygonFantasyKingdom/Prefabs/Items/SM_Item_Candlestick_01.prefab
  importAddress: Guid(5958c7a4aa8dfb94ca1f80fae0ed78ec) Importer(815301076,1909f56bfc062723c751e8b465ee728b)
Start importing Assets/PolygonFantasyKingdom/Prefabs/Items/SM_Item_Candlestick_01.prefab using Guid(5958c7a4aa8dfb94ca1f80fae0ed78ec) Importer(815301076,1909f56bfc062723c751e8b465ee728b) (PreviewImporter) -> (Import Result ID: 'c2f806a83dcf42c42c545fce8607b4b5') in 0.0697943 seconds [static and dynamic dependencies]. Details - ImportResultOutputID=90b237dbaa1f3ef500ccd66af4f094a5 DependenciesID=60c75de0e02153a79e35e01c3e739a60 StaticDependenciesID=174ee3bc3997666288b9dcdf428cc186 
Number of updated asset objects reloaded before import = 0Number of asset objects unloaded after import = 13

========================================================================
Received Import Request.
  Time since last request: 0.000039 seconds.
  path: Assets/PolygonFantasyKingdom/Prefabs/Items/SM_Item_Bottle_04.prefab
  importAddress: Guid(9f5774717878be54292104cebe396542) Importer(815301076,1909f56bfc062723c751e8b465ee728b)
Start importing Assets/PolygonFantasyKingdom/Prefabs/Items/SM_Item_Bottle_04.prefab using Guid(9f5774717878be54292104cebe396542) Importer(815301076,1909f56bfc062723c751e8b465ee728b) (PreviewImporter) -> (Import Result ID: '19728c8bd7dd69968cf129beefc91327') in 0.0838676 seconds [static and dynamic dependencies]. Details - ImportResultOutputID=5379d2d51408cf262e8d2bf57ab9fa41 DependenciesID=4e8edd0b4860e488b027885d1d798812 StaticDependenciesID=764d30a7d56f79d748f1127c3d08a3ec 
Number of updated asset objects reloaded before import = 0Number of asset objects unloaded after import = 13

========================================================================
Received Import Request.
  Time since last request: 0.000029 seconds.
  path: Assets/PolygonFantasyKingdom/Prefabs/Items/SM_Item_Cheese_Slice_02.prefab
  importAddress: Guid(0dc49acca006174499de796f7922352e) Importer(815301076,1909f56bfc062723c751e8b465ee728b)
Start importing Assets/PolygonFantasyKingdom/Prefabs/Items/SM_Item_Cheese_Slice_02.prefab using Guid(0dc49acca006174499de796f7922352e) Importer(815301076,1909f56bfc062723c751e8b465ee728b) (PreviewImporter) -> (Import Result ID: '60398c0e8d10fafd1a43f55f51c7fb2f') in 0.071248 seconds [static and dynamic dependencies]. Details - ImportResultOutputID=817832a4ac0d86f59d088f843a43351e DependenciesID=1ad5e3fd11ce0e4e645edfab4c4ecfd6 StaticDependenciesID=1c512e2dc87fe5b280db10209869f9b5 
Number of updated asset objects reloaded before import = 0Number of asset objects unloaded after import = 13

========================================================================
Received Import Request.
  Time since last request: 0.000040 seconds.
  path: Assets/PolygonFantasyKingdom/Prefabs/Items/SM_Item_Food_Bowl_01.prefab
  importAddress: Guid(1214ee8e5ef5ca44aa77515466a7c1c0) Importer(815301076,1909f56bfc062723c751e8b465ee728b)
Start importing Assets/PolygonFantasyKingdom/Prefabs/Items/SM_Item_Food_Bowl_01.prefab using Guid(1214ee8e5ef5ca44aa77515466a7c1c0) Importer(815301076,1909f56bfc062723c751e8b465ee728b) (PreviewImporter) -> (Import Result ID: '6e5aa0c03392702f8793c2697a68ff05') in 0.0640528 seconds [static and dynamic dependencies]. Details - ImportResultOutputID=0a9a24e51c885b90df3001b01e73a464 DependenciesID=1e8803fb4629bc5e5d1e0ef7bb179365 StaticDependenciesID=dab9e144730d42deee025a2d3c26b176 
Number of updated asset objects reloaded before import = 0Number of asset objects unloaded after import = 13

========================================================================
Received Import Request.
  Time since last request: 0.000036 seconds.
  path: Assets/PolygonFantasyKingdom/Prefabs/Items/SM_Item_Dish_05.prefab
  importAddress: Guid(6dfd77ad534077245b6f1a2565c3c558) Importer(815301076,1909f56bfc062723c751e8b465ee728b)
Start importing Assets/PolygonFantasyKingdom/Prefabs/Items/SM_Item_Dish_05.prefab using Guid(6dfd77ad534077245b6f1a2565c3c558) Importer(815301076,1909f56bfc062723c751e8b465ee728b) (PreviewImporter) -> (Import Result ID: '5e57a417bb55bf890a5b9ebdea5e0e4b') in 0.0721062 seconds [static and dynamic dependencies]. Details - ImportResultOutputID=2d6c051177046e42fb6ed75883849232 DependenciesID=1d919736f7cb7123a67c207072ae9ca1 StaticDependenciesID=055b22138f90c7b211290b5ba1e30ca2 
Number of updated asset objects reloaded before import = 0Number of asset objects unloaded after import = 13

========================================================================
Received Import Request.
  Time since last request: 0.000043 seconds.
  path: Assets/PolygonFantasyKingdom/Prefabs/Items/SM_Item_Bottle_Clear_01.prefab
  importAddress: Guid(3ae4724fb1ff3e945bff78c432b85209) Importer(815301076,1909f56bfc062723c751e8b465ee728b)
Start importing Assets/PolygonFantasyKingdom/Prefabs/Items/SM_Item_Bottle_Clear_01.prefab using Guid(3ae4724fb1ff3e945bff78c432b85209) Importer(815301076,1909f56bfc062723c751e8b465ee728b) (PreviewImporter) -> (Import Result ID: '7f2cacb1a3619ac5fa2033b9054598fc') in 0.069442 seconds [static and dynamic dependencies]. Details - ImportResultOutputID=901b2a119f15d17f283af49e41444b62 DependenciesID=e2ab1ad268ef0f662e136fd84aeaeaec StaticDependenciesID=148458250935193062c183ea1d2b7920 
Number of updated asset objects reloaded before import = 0Number of asset objects unloaded after import = 24

========================================================================
Received Import Request.
  Time since last request: 0.000031 seconds.
  path: Assets/PolygonFantasyKingdom/Prefabs/Items/SM_Item_Dish_03.prefab
  importAddress: Guid(3f026bbfde3191143a898ea8e925f519) Importer(815301076,1909f56bfc062723c751e8b465ee728b)
Start importing Assets/PolygonFantasyKingdom/Prefabs/Items/SM_Item_Dish_03.prefab using Guid(3f026bbfde3191143a898ea8e925f519) Importer(815301076,1909f56bfc062723c751e8b465ee728b) (PreviewImporter) -> (Import Result ID: 'a242d8451869e64f92ec554e2fb6c52e') in 0.0708188 seconds [static and dynamic dependencies]. Details - ImportResultOutputID=e4175b89e231936f1cefdf8d85ba3445 DependenciesID=803e5b16b4b988e3bca4ed9893233318 StaticDependenciesID=d21deaf1b5e818137a3904b3f7ce55fb 
Number of updated asset objects reloaded before import = 0Number of asset objects unloaded after import = 13

========================================================================
Received Import Request.
  Time since last request: 0.000033 seconds.
  path: Assets/PolygonFantasyKingdom/Prefabs/Items/SM_Item_Eye_Straight_01.prefab
  importAddress: Guid(fb4db5cabec1cba4fa2148d2ca99630d) Importer(815301076,1909f56bfc062723c751e8b465ee728b)
Start importing Assets/PolygonFantasyKingdom/Prefabs/Items/SM_Item_Eye_Straight_01.prefab using Guid(fb4db5cabec1cba4fa2148d2ca99630d) Importer(815301076,1909f56bfc062723c751e8b465ee728b) (PreviewImporter) -> (Import Result ID: '9c454317053fab44c2849936939b7ea8') in 0.0603499 seconds [static and dynamic dependencies]. Details - ImportResultOutputID=430cc4f104e0d016b446dafcc23e5da5 DependenciesID=7ca1e2588d34a6bb5210f31658bd95b7 StaticDependenciesID=d022790ef0c9f032451c1dec2784f8c6 
Number of updated asset objects reloaded before import = 0Number of asset objects unloaded after import = 13

========================================================================
Received Import Request.
  Time since last request: 0.000031 seconds.
  path: Assets/PolygonFantasyKingdom/Prefabs/Items/SM_Item_Bottle_06.prefab
  importAddress: Guid(e6cbdb3031476e744b289b46046aa8a1) Importer(815301076,1909f56bfc062723c751e8b465ee728b)
Start importing Assets/PolygonFantasyKingdom/Prefabs/Items/SM_Item_Bottle_06.prefab using Guid(e6cbdb3031476e744b289b46046aa8a1) Importer(815301076,1909f56bfc062723c751e8b465ee728b) (PreviewImporter) -> (Import Result ID: 'e958f5c5cc2437e96bdce6d68bc8c9a0') in 0.0672243 seconds [static and dynamic dependencies]. Details - ImportResultOutputID=d78c0cf3aaa42bc5eaeb2b4307334ece DependenciesID=092f98779cafb529a07b01e47799995f StaticDependenciesID=e47eca427f5ecbb5363bfa4cfdf66042 
Number of updated asset objects reloaded before import = 0Number of asset objects unloaded after import = 13

========================================================================
Received Import Request.
  Time since last request: 0.000045 seconds.
  path: Assets/PolygonFantasyKingdom/Prefabs/Items/SM_Item_Bottle_01.prefab
  importAddress: Guid(f4bf1ea18c6356c4ba8c94bf3c351350) Importer(815301076,1909f56bfc062723c751e8b465ee728b)
Start importing Assets/PolygonFantasyKingdom/Prefabs/Items/SM_Item_Bottle_01.prefab using Guid(f4bf1ea18c6356c4ba8c94bf3c351350) Importer(815301076,1909f56bfc062723c751e8b465ee728b) (PreviewImporter) -> (Import Result ID: '99b9942d818a7c6941e471206c4cadd3') in 0.0639616 seconds [static and dynamic dependencies]. Details - ImportResultOutputID=f359f49fee2db1d2003ac5ffde6c3961 DependenciesID=f300e75d7f343e66723ccdb6b74d910d StaticDependenciesID=1562872f15ee45a8b9291792577e8aa5 
Number of updated asset objects reloaded before import = 0Number of asset objects unloaded after import = 13

========================================================================
Received Import Request.
  Time since last request: 0.000027 seconds.
  path: Assets/PolygonFantasyKingdom/Prefabs/Items/SM_Item_Bottle_15.prefab
  importAddress: Guid(8c586b3736d40e04c963a3633c6e7740) Importer(815301076,1909f56bfc062723c751e8b465ee728b)
Start importing Assets/PolygonFantasyKingdom/Prefabs/Items/SM_Item_Bottle_15.prefab using Guid(8c586b3736d40e04c963a3633c6e7740) Importer(815301076,1909f56bfc062723c751e8b465ee728b) (PreviewImporter) -> (Import Result ID: '409faa055df59adf4acef2ae4cf297be') in 0.0603631 seconds [static and dynamic dependencies]. Details - ImportResultOutputID=82a074e5a3d5257f367f6291c244a551 DependenciesID=b58f6241cfcd71e55d5b34a7781033a8 StaticDependenciesID=321eb6d3c2b249b4872fa6322d5c1b77 
Number of updated asset objects reloaded before import = 0Number of asset objects unloaded after import = 13

========================================================================
Received Import Request.
  Time since last request: 0.000035 seconds.
  path: Assets/PolygonFantasyKingdom/Prefabs/Items/SM_Item_Hammer_03.prefab
  importAddress: Guid(3852f14540ef3fa40bb3d77dc5a0f7cd) Importer(815301076,1909f56bfc062723c751e8b465ee728b)
Start importing Assets/PolygonFantasyKingdom/Prefabs/Items/SM_Item_Hammer_03.prefab using Guid(3852f14540ef3fa40bb3d77dc5a0f7cd) Importer(815301076,1909f56bfc062723c751e8b465ee728b) (PreviewImporter) -> (Import Result ID: 'f53305039f304320dee35f559a6548dd') in 0.0674168 seconds [static and dynamic dependencies]. Details - ImportResultOutputID=ce303a6e1a4e321ed7aeda253e041fab DependenciesID=46e25e5714be3967447d154763766331 StaticDependenciesID=abc2e479a29abbdb67b9b0811ae4a816 
Number of updated asset objects reloaded before import = 0Number of asset objects unloaded after import = 13

========================================================================
Received Import Request.
  Time since last request: 0.000033 seconds.
  path: Assets/PolygonFantasyKingdom/Prefabs/Items/SM_Item_Ink_Well_01.prefab
  importAddress: Guid(3fcc6abc1249326499ba9589b6286e6d) Importer(815301076,1909f56bfc062723c751e8b465ee728b)
Start importing Assets/PolygonFantasyKingdom/Prefabs/Items/SM_Item_Ink_Well_01.prefab using Guid(3fcc6abc1249326499ba9589b6286e6d) Importer(815301076,1909f56bfc062723c751e8b465ee728b) (PreviewImporter) -> (Import Result ID: 'd1b502bd3081a0bddbcd1de699eb42f2') in 0.0595427 seconds [static and dynamic dependencies]. Details - ImportResultOutputID=b49f0d25e76909f02d2d17aba2076d13 DependenciesID=1c7fc72d595ffeeee6a187add320acec StaticDependenciesID=f85b689547bb801f52c7bab1def13720 
Number of updated asset objects reloaded before import = 0Number of asset objects unloaded after import = 13

========================================================================
Received Import Request.
  Time since last request: 0.000044 seconds.
  path: Assets/PolygonFantasyKingdom/Prefabs/Items/SM_Item_Horn_01.prefab
  importAddress: Guid(08088b7d67dc3dd4a80c09d22b7bb2c0) Importer(815301076,1909f56bfc062723c751e8b465ee728b)
Start importing Assets/PolygonFantasyKingdom/Prefabs/Items/SM_Item_Horn_01.prefab using Guid(08088b7d67dc3dd4a80c09d22b7bb2c0) Importer(815301076,1909f56bfc062723c751e8b465ee728b) (PreviewImporter) -> (Import Result ID: 'c4ac9b59f7ff5ac020d4974b4199df64') in 0.0619893 seconds [static and dynamic dependencies]. Details - ImportResultOutputID=2eecc7c154131c9123327ee282d5db4c DependenciesID=0a2c1741ca791e9a2091c5e155877354 StaticDependenciesID=3d6fd734a7850bd8a2ee03e33ded26ce 
Number of updated asset objects reloaded before import = 0Number of asset objects unloaded after import = 13

========================================================================
Received Import Request.
  Time since last request: 0.000040 seconds.
  path: Assets/PolygonFantasyKingdom/Prefabs/Items/SM_Item_Horseshoe_01.prefab
  importAddress: Guid(2d8e471d27d05174c9c486ad0b340a78) Importer(815301076,1909f56bfc062723c751e8b465ee728b)
Start importing Assets/PolygonFantasyKingdom/Prefabs/Items/SM_Item_Horseshoe_01.prefab using Guid(2d8e471d27d05174c9c486ad0b340a78) Importer(815301076,1909f56bfc062723c751e8b465ee728b) (PreviewImporter) -> (Import Result ID: '39a96377203ef8a89ba3dd5af0bdd5c1') in 0.0650032 seconds [static and dynamic dependencies]. Details - ImportResultOutputID=06eee0a3a138e81425c09da1c2d44cdd DependenciesID=72b3af63e8c67dfb3dd39dbc5af99e9e StaticDependenciesID=a1a4bffb9913b9de4cc475b5bada39e5 
Number of updated asset objects reloaded before import = 0Number of asset objects unloaded after import = 13

========================================================================
Received Import Request.
  Time since last request: 0.000031 seconds.
  path: Assets/PolygonFantasyKingdom/Prefabs/Items/SM_Item_Kettle_01.prefab
  importAddress: Guid(49b08fa060fc10547b87a0dff4e2c8f1) Importer(815301076,1909f56bfc062723c751e8b465ee728b)
Start importing Assets/PolygonFantasyKingdom/Prefabs/Items/SM_Item_Kettle_01.prefab using Guid(49b08fa060fc10547b87a0dff4e2c8f1) Importer(815301076,1909f56bfc062723c751e8b465ee728b) (PreviewImporter) -> (Import Result ID: 'd768dcf5ffd4d9de03561b9a5ffcd5fd') in 0.060981 seconds [static and dynamic dependencies]. Details - ImportResultOutputID=acc6e56feee3969e41ea7e96b233d091 DependenciesID=0713879be865c7810c765ef41a3bb967 StaticDependenciesID=999feefdfff2fb3c0e1dc19c5f3457cf 
Number of updated asset objects reloaded before import = 0Number of asset objects unloaded after import = 13

========================================================================
Received Import Request.
  Time since last request: 0.000023 seconds.
  path: Assets/PolygonFantasyKingdom/Prefabs/Items/SM_Item_Hammer_02.prefab
  importAddress: Guid(34434a91e1e47d94ba3fbc7f377d80d2) Importer(815301076,1909f56bfc062723c751e8b465ee728b)
Start importing Assets/PolygonFantasyKingdom/Prefabs/Items/SM_Item_Hammer_02.prefab using Guid(34434a91e1e47d94ba3fbc7f377d80d2) Importer(815301076,1909f56bfc062723c751e8b465ee728b) (PreviewImporter) -> (Import Result ID: '4aae064d29440f5099d90f61a441d5e5') in 0.0622824 seconds [static and dynamic dependencies]. Details - ImportResultOutputID=aa9d0c90a6e4b6a1be858ff2a777c9cf DependenciesID=4abf74de78cb70ad01d76fb38418b359 StaticDependenciesID=23c296e24328d1d76b2e77a377a56087 
Number of updated asset objects reloaded before import = 0Number of asset objects unloaded after import = 13

========================================================================
Received Import Request.
  Time since last request: 0.000022 seconds.
  path: Assets/PolygonFantasyKingdom/Prefabs/Items/SM_Item_Book_04.prefab
  importAddress: Guid(a6d6168843a460e49b9a16cd0d3fbbc8) Importer(815301076,1909f56bfc062723c751e8b465ee728b)
Start importing Assets/PolygonFantasyKingdom/Prefabs/Items/SM_Item_Book_04.prefab using Guid(a6d6168843a460e49b9a16cd0d3fbbc8) Importer(815301076,1909f56bfc062723c751e8b465ee728b) (PreviewImporter) -> (Import Result ID: 'de7c2913ea88d3569cb4acc7efc833ee') in 0.062574 seconds [static and dynamic dependencies]. Details - ImportResultOutputID=925fba399f706988da921217a6174fcc DependenciesID=0cd7fe892011eeeb7451eced32e0923e StaticDependenciesID=b0f075b5ad03083b963f312a3af48c11 
Number of updated asset objects reloaded before import = 0Number of asset objects unloaded after import = 13

========================================================================
Received Import Request.
  Time since last request: 0.000037 seconds.
  path: Assets/PolygonFantasyKingdom/Prefabs/Items/SM_Item_Jar_01.prefab
  importAddress: Guid(2f9c8c85a9ec795439dfe6fd3e8004ee) Importer(815301076,1909f56bfc062723c751e8b465ee728b)
Start importing Assets/PolygonFantasyKingdom/Prefabs/Items/SM_Item_Jar_01.prefab using Guid(2f9c8c85a9ec795439dfe6fd3e8004ee) Importer(815301076,1909f56bfc062723c751e8b465ee728b) (PreviewImporter) -> (Import Result ID: '2895dc5b9e3a6950d83af2daa24043af') in 0.0720605 seconds [static and dynamic dependencies]. Details - ImportResultOutputID=0ebe6df3c6de87ea6f5713b365a745d2 DependenciesID=e9178da90521ac9cf2b50dcc5d07e1a1 StaticDependenciesID=4974576c43955083d60b1a59cda30423 
Number of updated asset objects reloaded before import = 0Number of asset objects unloaded after import = 13

========================================================================
Received Import Request.
  Time since last request: 0.000028 seconds.
  path: Assets/PolygonFantasyKingdom/Prefabs/Items/SM_Item_Bottle_12.prefab
  importAddress: Guid(0309a9f2366cb584085e6d76b65b29c7) Importer(815301076,1909f56bfc062723c751e8b465ee728b)
Start importing Assets/PolygonFantasyKingdom/Prefabs/Items/SM_Item_Bottle_12.prefab using Guid(0309a9f2366cb584085e6d76b65b29c7) Importer(815301076,1909f56bfc062723c751e8b465ee728b) (PreviewImporter) -> (Import Result ID: 'd8e9551ae5b38d321e69328763943ca6') in 0.0649413 seconds [static and dynamic dependencies]. Details - ImportResultOutputID=523da6e261437002abe25f55352d5ec2 DependenciesID=750c88551953c2aca2b9690fbff247df StaticDependenciesID=ccdc83d71a5df5864289197f343c90b9 
Number of updated asset objects reloaded before import = 0Number of asset objects unloaded after import = 13

========================================================================
Received Import Request.
  Time since last request: 0.000032 seconds.
  path: Assets/PolygonFantasyKingdom/Prefabs/Items/SM_Item_Meat_Fish_03.prefab
  importAddress: Guid(3f90ff60d339a9a4ba53ef44d0c60f25) Importer(815301076,1909f56bfc062723c751e8b465ee728b)
Start importing Assets/PolygonFantasyKingdom/Prefabs/Items/SM_Item_Meat_Fish_03.prefab using Guid(3f90ff60d339a9a4ba53ef44d0c60f25) Importer(815301076,1909f56bfc062723c751e8b465ee728b) (PreviewImporter) -> (Import Result ID: '5fffaa75a8a7e2e6758c54367c92c6eb') in 0.0633624 seconds [static and dynamic dependencies]. Details - ImportResultOutputID=8550d24a8abc8d5422e4a89794d8afac DependenciesID=be4f8bd83ba7f64fadc1367057560c6c StaticDependenciesID=dbae89204f5ca74f6fc4a6fdbbbdfd6e 
Number of updated asset objects reloaded before import = 0Number of asset objects unloaded after import = 13

========================================================================
Received Import Request.
  Time since last request: 0.000034 seconds.
  path: Assets/PolygonFantasyKingdom/Prefabs/Items/SM_Item_Meat_Salami_02.prefab
  importAddress: Guid(cef228d2e46dbd2498097c8aee967139) Importer(815301076,1909f56bfc062723c751e8b465ee728b)
Start importing Assets/PolygonFantasyKingdom/Prefabs/Items/SM_Item_Meat_Salami_02.prefab using Guid(cef228d2e46dbd2498097c8aee967139) Importer(815301076,1909f56bfc062723c751e8b465ee728b) (PreviewImporter) -> (Import Result ID: 'b8825d13dd57b2ef61771b285ae351b0') in 0.0645589 seconds [static and dynamic dependencies]. Details - ImportResultOutputID=7ff5e53dac76924bc6f0ff616f3e476f DependenciesID=9ba09583b892fa4c1c0ffb90eadc60fa StaticDependenciesID=d3ea7f5975e6f11328efdbb00f302c55 
Number of updated asset objects reloaded before import = 0Number of asset objects unloaded after import = 13

========================================================================
Received Import Request.
  Time since last request: 0.000093 seconds.
  path: Assets/PolygonFantasyKingdom/Prefabs/Items/SM_Item_Meat_Chicken_Cooked_01.prefab
  importAddress: Guid(59f9183f9bbf9614fb5f270b5374fa19) Importer(815301076,1909f56bfc062723c751e8b465ee728b)
Start importing Assets/PolygonFantasyKingdom/Prefabs/Items/SM_Item_Meat_Chicken_Cooked_01.prefab using Guid(59f9183f9bbf9614fb5f270b5374fa19) Importer(815301076,1909f56bfc062723c751e8b465ee728b) (PreviewImporter) -> (Import Result ID: '7ae274db2d9925160988180b71d0609e') in 0.0664084 seconds [static and dynamic dependencies]. Details - ImportResultOutputID=f7bb767173eb6b0f03541f36f4327c6c DependenciesID=a33773c717d2ea88ca7614bb65e9b605 StaticDependenciesID=60d2dd778bb74f81dfbcdca2858b8d9d 
Number of updated asset objects reloaded before import = 0Number of asset objects unloaded after import = 13

========================================================================
Received Import Request.
  Time since last request: 0.000034 seconds.
  path: Assets/PolygonFantasyKingdom/Prefabs/Items/SM_Item_Ladle_02.prefab
  importAddress: Guid(3b6a204f1e1c1d3469fc9a5d5a19f98b) Importer(815301076,1909f56bfc062723c751e8b465ee728b)
Start importing Assets/PolygonFantasyKingdom/Prefabs/Items/SM_Item_Ladle_02.prefab using Guid(3b6a204f1e1c1d3469fc9a5d5a19f98b) Importer(815301076,1909f56bfc062723c751e8b465ee728b) (PreviewImporter) -> (Import Result ID: '3f4143f09461eddfe9b6b5e9a257d245') in 0.0593377 seconds [static and dynamic dependencies]. Details - ImportResultOutputID=165342210006d321f2e7d87d3a2f0e3f DependenciesID=bfbf0c0bb00498b74d4982873ec97c6e StaticDependenciesID=4ba031d39f1ac2a4784975f0dd43ab19 
Number of updated asset objects reloaded before import = 0Number of asset objects unloaded after import = 13

========================================================================
Received Import Request.
  Time since last request: 0.000021 seconds.
  path: Assets/PolygonFantasyKingdom/Prefabs/Items/SM_Item_Meat_Ribs_01.prefab
  importAddress: Guid(099569158edc44846aaaa52f3e359712) Importer(815301076,1909f56bfc062723c751e8b465ee728b)
Start importing Assets/PolygonFantasyKingdom/Prefabs/Items/SM_Item_Meat_Ribs_01.prefab using Guid(099569158edc44846aaaa52f3e359712) Importer(815301076,1909f56bfc062723c751e8b465ee728b) (PreviewImporter) -> (Import Result ID: '39ceba296bb5f895f88566083be58073') in 0.073085 seconds [static and dynamic dependencies]. Details - ImportResultOutputID=6f7f547d4cd017feb52947d8729bfd27 DependenciesID=480306d850c297cb43da9e1e3024926e StaticDependenciesID=067ecff660c357c3c113f58842717a79 
Number of updated asset objects reloaded before import = 0Number of asset objects unloaded after import = 13

========================================================================
Received Import Request.
  Time since last request: 0.000025 seconds.
  path: Assets/PolygonFantasyKingdom/Prefabs/Items/SM_Item_Meat_Fish_05.prefab
  importAddress: Guid(1bbb3fb4b5006014da5b34f49d1a0551) Importer(815301076,1909f56bfc062723c751e8b465ee728b)
Start importing Assets/PolygonFantasyKingdom/Prefabs/Items/SM_Item_Meat_Fish_05.prefab using Guid(1bbb3fb4b5006014da5b34f49d1a0551) Importer(815301076,1909f56bfc062723c751e8b465ee728b) (PreviewImporter) -> (Import Result ID: '0bee20a2366984bfb824ec902dc757d4') in 0.0706008 seconds [static and dynamic dependencies]. Details - ImportResultOutputID=f1cedeea35a3b093e3a0513b4cdc2828 DependenciesID=702a767c4199b789d181fd81effcc0f0 StaticDependenciesID=2509a418f17353d70c5a576198b0d55b 
Number of updated asset objects reloaded before import = 0Number of asset objects unloaded after import = 13

========================================================================
Received Import Request.
  Time since last request: 0.000048 seconds.
  path: Assets/PolygonFantasyKingdom/Prefabs/Items/SM_Item_Meat_Fish_04.prefab
  importAddress: Guid(c79337d66615cd741a533040c943e419) Importer(815301076,1909f56bfc062723c751e8b465ee728b)
Start importing Assets/PolygonFantasyKingdom/Prefabs/Items/SM_Item_Meat_Fish_04.prefab using Guid(c79337d66615cd741a533040c943e419) Importer(815301076,1909f56bfc062723c751e8b465ee728b) (PreviewImporter) -> (Import Result ID: '08f7e074b60ebe98333cbeda561f4737') in 0.0542489 seconds [static and dynamic dependencies]. Details - ImportResultOutputID=e73a722eb5e1ba15577282eb393cb89c DependenciesID=fc804043d25f9f1cd8d9be5e3e909268 StaticDependenciesID=5a4343c47ccd7916ccbbd4f9a34b3735 
Number of updated asset objects reloaded before import = 0Number of asset objects unloaded after import = 13

========================================================================
Received Import Request.
  Time since last request: 0.000024 seconds.
  path: Assets/PolygonFantasyKingdom/Prefabs/Items/SM_Item_Mushroom_01.prefab
  importAddress: Guid(d562eea78297bf240a53a4b383ff11a1) Importer(815301076,1909f56bfc062723c751e8b465ee728b)
Start importing Assets/PolygonFantasyKingdom/Prefabs/Items/SM_Item_Mushroom_01.prefab using Guid(d562eea78297bf240a53a4b383ff11a1) Importer(815301076,1909f56bfc062723c751e8b465ee728b) (PreviewImporter) -> (Import Result ID: 'c66aef915a83ea741530e30eb469bd95') in 0.0573119 seconds [static and dynamic dependencies]. Details - ImportResultOutputID=577e9125467e167068239287ba159e1f DependenciesID=3c1c247c6d7200dcbf70029b4b83ebd1 StaticDependenciesID=ea3b92740f40b4dd3f5334f59d25c316 
Number of updated asset objects reloaded before import = 0Number of asset objects unloaded after import = 13

========================================================================
Received Import Request.
  Time since last request: 0.000053 seconds.
  path: Assets/PolygonFantasyKingdom/Prefabs/Items/SM_Item_Pan_01.prefab
  importAddress: Guid(a3795559e6365d94097c980d83346445) Importer(815301076,1909f56bfc062723c751e8b465ee728b)
Start importing Assets/PolygonFantasyKingdom/Prefabs/Items/SM_Item_Pan_01.prefab using Guid(a3795559e6365d94097c980d83346445) Importer(815301076,1909f56bfc062723c751e8b465ee728b) (PreviewImporter) -> (Import Result ID: '03570fa9256d6d0e14926ddb429504bf') in 0.0631925 seconds [static and dynamic dependencies]. Details - ImportResultOutputID=d5f0aa0506aae3b015799cb0a9e1c54c DependenciesID=974e28b99bb28f3a8dd4cb487807bf38 StaticDependenciesID=bea3bb767a461126817486b5ed20afd8 
Number of updated asset objects reloaded before import = 0Number of asset objects unloaded after import = 18

========================================================================
Received Import Request.
  Time since last request: 0.000046 seconds.
  path: Assets/PolygonFantasyKingdom/Prefabs/Items/SM_Item_Necklace_Flat_05.prefab
  importAddress: Guid(419e59662e63a2d4d860a54a1b505f2d) Importer(815301076,1909f56bfc062723c751e8b465ee728b)
Start importing Assets/PolygonFantasyKingdom/Prefabs/Items/SM_Item_Necklace_Flat_05.prefab using Guid(419e59662e63a2d4d860a54a1b505f2d) Importer(815301076,1909f56bfc062723c751e8b465ee728b) (PreviewImporter) -> (Import Result ID: '4b854dce58aa849f7775dd1eeaccd5f8') in 0.0620625 seconds [static and dynamic dependencies]. Details - ImportResultOutputID=67e5c3fe1132b7fa37ae72578c977bb5 DependenciesID=d5432dc733e1b8fc63b27ce59c7ac4bf StaticDependenciesID=ad2ed6124b9ae1bbdfeb6245d32726e1 
Number of updated asset objects reloaded before import = 0Number of asset objects unloaded after import = 13

========================================================================
Received Import Request.
  Time since last request: 0.000062 seconds.
  path: Assets/PolygonFantasyKingdom/Prefabs/Items/SM_Item_Pie_02.prefab
  importAddress: Guid(6447db21960f85f4886f3c734f88404e) Importer(815301076,1909f56bfc062723c751e8b465ee728b)
Start importing Assets/PolygonFantasyKingdom/Prefabs/Items/SM_Item_Pie_02.prefab using Guid(6447db21960f85f4886f3c734f88404e) Importer(815301076,1909f56bfc062723c751e8b465ee728b) (PreviewImporter) -> (Import Result ID: '7f639c8a2d1d28b96045f502413f00f0') in 0.0570029 seconds [static and dynamic dependencies]. Details - ImportResultOutputID=d1b2e26e6039d203c6ae38f714addd93 DependenciesID=746bda1801d8a61cba2a2807173001d7 StaticDependenciesID=57e0d133f8a613d344ea5614b9f67c7f 
Number of updated asset objects reloaded before import = 0Number of asset objects unloaded after import = 13

========================================================================
Received Import Request.
  Time since last request: 0.000037 seconds.
  path: Assets/PolygonFantasyKingdom/Prefabs/Items/SM_Item_Necklace_Hanging_01.prefab
  importAddress: Guid(19917d099c9b9924db06d327ee3419d0) Importer(815301076,1909f56bfc062723c751e8b465ee728b)
Start importing Assets/PolygonFantasyKingdom/Prefabs/Items/SM_Item_Necklace_Hanging_01.prefab using Guid(19917d099c9b9924db06d327ee3419d0) Importer(815301076,1909f56bfc062723c751e8b465ee728b) (PreviewImporter) -> (Import Result ID: '7ad9e96883dd72c5b1f9ba4e51790d89') in 0.0676211 seconds [static and dynamic dependencies]. Details - ImportResultOutputID=98a757768de9777126cf91ab302c6b74 DependenciesID=71a52724bf5f4983d166264ddce7dcac StaticDependenciesID=ccdee271cf035e2c554338ce3984dd9d 
Number of updated asset objects reloaded before import = 0Number of asset objects unloaded after import = 13

========================================================================
Received Import Request.
  Time since last request: 0.000048 seconds.
  path: Assets/PolygonFantasyKingdom/Prefabs/Items/SM_Item_Pitchfork_02.prefab
  importAddress: Guid(91e9f9175937b054983cf315fb6689c8) Importer(815301076,1909f56bfc062723c751e8b465ee728b)
Start importing Assets/PolygonFantasyKingdom/Prefabs/Items/SM_Item_Pitchfork_02.prefab using Guid(91e9f9175937b054983cf315fb6689c8) Importer(815301076,1909f56bfc062723c751e8b465ee728b) (PreviewImporter) -> (Import Result ID: 'fdcf3b85561ec779f4c68ef4fc16f191') in 0.067301 seconds [static and dynamic dependencies]. Details - ImportResultOutputID=7c5466341f7cec9259be6479e4044f69 DependenciesID=af54718c4412d564160cec9c6537d864 StaticDependenciesID=78d3c7a50f48559a6b4a51be23aa67d7 
Number of updated asset objects reloaded before import = 0Number of asset objects unloaded after import = 13

========================================================================
Received Import Request.
  Time since last request: 0.000045 seconds.
  path: Assets/PolygonFantasyKingdom/Prefabs/Items/SM_Item_Ring_04.prefab
  importAddress: Guid(0ca56c1342a1aa041b9ea9ce1cadd4bd) Importer(815301076,1909f56bfc062723c751e8b465ee728b)
Start importing Assets/PolygonFantasyKingdom/Prefabs/Items/SM_Item_Ring_04.prefab using Guid(0ca56c1342a1aa041b9ea9ce1cadd4bd) Importer(815301076,1909f56bfc062723c751e8b465ee728b) (PreviewImporter) -> (Import Result ID: 'cc63e97728fc3c2047de9c36536eda2a') in 0.0634071 seconds [static and dynamic dependencies]. Details - ImportResultOutputID=f188e620ea3915eabf85e522cb4d14d4 DependenciesID=38cb490c66874494b1eead95473403ba StaticDependenciesID=03e7fa07e507cfdbddb06d29d69fb2a8 
Number of updated asset objects reloaded before import = 0Number of asset objects unloaded after import = 13

========================================================================
Received Import Request.
  Time since last request: 0.000033 seconds.
  path: Assets/PolygonFantasyKingdom/Prefabs/Items/SM_Item_Shovel_01.prefab
  importAddress: Guid(b2ad62f900eb38649aa9211f2e42ccd4) Importer(815301076,1909f56bfc062723c751e8b465ee728b)
Start importing Assets/PolygonFantasyKingdom/Prefabs/Items/SM_Item_Shovel_01.prefab using Guid(b2ad62f900eb38649aa9211f2e42ccd4) Importer(815301076,1909f56bfc062723c751e8b465ee728b) (PreviewImporter) -> (Import Result ID: '3e3488921aa983ca33cba4a223cadd05') in 0.0637639 seconds [static and dynamic dependencies]. Details - ImportResultOutputID=e4026b6cc03686602c49020a4cd6cb21 DependenciesID=2a85a10e823bba96366c522a4ef50b0d StaticDependenciesID=80ae78f24cadf914ee7ff3e2a676c0f3 
Number of updated asset objects reloaded before import = 0Number of asset objects unloaded after import = 13

========================================================================
Received Import Request.
  Time since last request: 0.000046 seconds.
  path: Assets/PolygonFantasyKingdom/Prefabs/Items/SM_Item_Rock_01.prefab
  importAddress: Guid(ce1037df140fe4d4682d34086fc6dbf9) Importer(815301076,1909f56bfc062723c751e8b465ee728b)
Start importing Assets/PolygonFantasyKingdom/Prefabs/Items/SM_Item_Rock_01.prefab using Guid(ce1037df140fe4d4682d34086fc6dbf9) Importer(815301076,1909f56bfc062723c751e8b465ee728b) (PreviewImporter) -> (Import Result ID: '3cf7f911dc333f1ad38a48a81e0e2bfe') in 0.066993 seconds [static and dynamic dependencies]. Details - ImportResultOutputID=1feb7230007cfbf489602150292463a7 DependenciesID=5bced3666c9253e3d8db74f26bf89eec StaticDependenciesID=142d48ec932c07e86da6fbd6028ad610 
Number of updated asset objects reloaded before import = 0Number of asset objects unloaded after import = 13

========================================================================
Received Import Request.
  Time since last request: 0.000048 seconds.
  path: Assets/PolygonFantasyKingdom/Prefabs/Items/SM_Item_Wargames_Piece_12.prefab
  importAddress: Guid(19fbb4f731bdde24db002e3b10608739) Importer(815301076,1909f56bfc062723c751e8b465ee728b)
Start importing Assets/PolygonFantasyKingdom/Prefabs/Items/SM_Item_Wargames_Piece_12.prefab using Guid(19fbb4f731bdde24db002e3b10608739) Importer(815301076,1909f56bfc062723c751e8b465ee728b) (PreviewImporter) -> (Import Result ID: 'fc618c0fa5536282c9e79b0ac46cfe9e') in 0.1125482 seconds [static and dynamic dependencies]. Details - ImportResultOutputID=61f9a95feaf44c19a17b18fc27f3ddb2 DependenciesID=abf6a1978dba5ecd3393cb3ddd8b9fb4 StaticDependenciesID=f95e18faa82917cd63ec781ade6b8f88 
Number of updated asset objects reloaded before import = 0Number of asset objects unloaded after import = 13

========================================================================
Received Import Request.
  Time since last request: 0.000054 seconds.
  path: Assets/PolygonFantasyKingdom/Prefabs/Items/SM_Item_Ring_09.prefab
  importAddress: Guid(eb4f3fd44c8f9854989bfa87732d5e4e) Importer(815301076,1909f56bfc062723c751e8b465ee728b)
Start importing Assets/PolygonFantasyKingdom/Prefabs/Items/SM_Item_Ring_09.prefab using Guid(eb4f3fd44c8f9854989bfa87732d5e4e) Importer(815301076,1909f56bfc062723c751e8b465ee728b) (PreviewImporter) -> (Import Result ID: 'dd4b9bfe87c1ec8e0c361939a1c5fb46') in 0.0723738 seconds [static and dynamic dependencies]. Details - ImportResultOutputID=9e1ef1ef2074b4a446345ec07f380a94 DependenciesID=73c3a78ec9df853c45ea406365127afe StaticDependenciesID=21d2156eac0964fecea4cec81c1e842a 
Number of updated asset objects reloaded before import = 0Number of asset objects unloaded after import = 13

========================================================================
Received Import Request.
  Time since last request: 0.000055 seconds.
  path: Assets/PolygonFantasyKingdom/Prefabs/Items/SM_Item_Wargames_Piece_08.prefab
  importAddress: Guid(2f4f8ce8fa6d67446b36d2c71e188a1f) Importer(815301076,1909f56bfc062723c751e8b465ee728b)
Start importing Assets/PolygonFantasyKingdom/Prefabs/Items/SM_Item_Wargames_Piece_08.prefab using Guid(2f4f8ce8fa6d67446b36d2c71e188a1f) Importer(815301076,1909f56bfc062723c751e8b465ee728b) (PreviewImporter) -> (Import Result ID: 'ecb4ddfcd49d9cf97f9a04ca1f3557ba') in 0.0735894 seconds [static and dynamic dependencies]. Details - ImportResultOutputID=a055953ab2ccf87142ef9b36eeac0583 DependenciesID=385ba8809ae6528bc63f33b47b522190 StaticDependenciesID=506249fe51e56cefaf3e947f9a84bd4d 
Number of updated asset objects reloaded before import = 0Number of asset objects unloaded after import = 13

========================================================================
Received Import Request.
  Time since last request: 0.000053 seconds.
  path: Assets/PolygonFantasyKingdom/Prefabs/Items/SM_Item_Saw_01.prefab
  importAddress: Guid(26a6d50adcbfdec4385334efb591fa1a) Importer(815301076,1909f56bfc062723c751e8b465ee728b)
Start importing Assets/PolygonFantasyKingdom/Prefabs/Items/SM_Item_Saw_01.prefab using Guid(26a6d50adcbfdec4385334efb591fa1a) Importer(815301076,1909f56bfc062723c751e8b465ee728b) (PreviewImporter) -> (Import Result ID: 'b06f5abb8a4e1d1a6fde3ff6eb23928f') in 0.0759158 seconds [static and dynamic dependencies]. Details - ImportResultOutputID=15e201a96c1eef018b908e822c99d73d DependenciesID=34843d95bcec123e882453d3ef9a166f StaticDependenciesID=2c786cdf26cad68b6952da0b030660ce 
Number of updated asset objects reloaded before import = 0Number of asset objects unloaded after import = 13

========================================================================
Received Import Request.
  Time since last request: 0.000045 seconds.
  path: Assets/PolygonFantasyKingdom/Prefabs/Items/SM_Item_Wargames_Piece_04.prefab
  importAddress: Guid(b2e5984ae8fbcc44fafd7bd28959450f) Importer(815301076,1909f56bfc062723c751e8b465ee728b)
Start importing Assets/PolygonFantasyKingdom/Prefabs/Items/SM_Item_Wargames_Piece_04.prefab using Guid(b2e5984ae8fbcc44fafd7bd28959450f) Importer(815301076,1909f56bfc062723c751e8b465ee728b) (PreviewImporter) -> (Import Result ID: '7880bcd6daaeec75197da2e08ef15616') in 0.0751786 seconds [static and dynamic dependencies]. Details - ImportResultOutputID=f3b80df57ba66e3c3e09dfbfa470c3e9 DependenciesID=825d1fec8c3b67f3b3b9bf68c8f03304 StaticDependenciesID=08d8a2a6121f41fc22b313437bd2128c 
Number of updated asset objects reloaded before import = 0Number of asset objects unloaded after import = 13

========================================================================
Received Import Request.
  Time since last request: 0.000032 seconds.
  path: Assets/PolygonFantasyKingdom/Prefabs/Items/SM_Item_Root_01.prefab
  importAddress: Guid(ceb0b35111fb9264892dba43ca4f6b1a) Importer(815301076,1909f56bfc062723c751e8b465ee728b)
Start importing Assets/PolygonFantasyKingdom/Prefabs/Items/SM_Item_Root_01.prefab using Guid(ceb0b35111fb9264892dba43ca4f6b1a) Importer(815301076,1909f56bfc062723c751e8b465ee728b) (PreviewImporter) -> (Import Result ID: '82ddcb4460906f06745dd8d77edf586c') in 0.0736568 seconds [static and dynamic dependencies]. Details - ImportResultOutputID=a4e95ab292c6fb86031944c35ec1e46e DependenciesID=6b67344fc3d4530861ddcac38308b0de StaticDependenciesID=19ab12b02460c854a5e19a58a5c346f5 
Number of updated asset objects reloaded before import = 0Number of asset objects unloaded after import = 13

========================================================================
Received Import Request.
  Time since last request: 0.000079 seconds.
  path: Assets/PolygonFantasyKingdom/Prefabs/Items/SM_Item_Necklace_Flat_04.prefab
  importAddress: Guid(4ae4d0cb2b77c194bb5c39df04d7c966) Importer(815301076,1909f56bfc062723c751e8b465ee728b)
Start importing Assets/PolygonFantasyKingdom/Prefabs/Items/SM_Item_Necklace_Flat_04.prefab using Guid(4ae4d0cb2b77c194bb5c39df04d7c966) Importer(815301076,1909f56bfc062723c751e8b465ee728b) (PreviewImporter) -> (Import Result ID: '44bd3fac3574e6a3250e808e45d1988a') in 0.0707596 seconds [static and dynamic dependencies]. Details - ImportResultOutputID=5cf34bcc97bd047a47181ddd2a7de546 DependenciesID=229c1a4755a8d246f100bdecdc2b940b StaticDependenciesID=055345b3df1cf59fc9c6779431fb57b4 
Number of updated asset objects reloaded before import = 0Number of asset objects unloaded after import = 13

========================================================================
Received Import Request.
  Time since last request: 0.000049 seconds.
  path: Assets/PolygonFantasyKingdom/Prefabs/Items/SM_Item_Tongs_01.prefab
  importAddress: Guid(e7609375bfc7382409b343d43ce15bdd) Importer(815301076,1909f56bfc062723c751e8b465ee728b)
Start importing Assets/PolygonFantasyKingdom/Prefabs/Items/SM_Item_Tongs_01.prefab using Guid(e7609375bfc7382409b343d43ce15bdd) Importer(815301076,1909f56bfc062723c751e8b465ee728b) (PreviewImporter) -> (Import Result ID: '1078adacb67a47b14e2988f114aff905') in 0.0741991 seconds [static and dynamic dependencies]. Details - ImportResultOutputID=9a7ebe31f3dfb4a35fc7ef658b5eadd2 DependenciesID=f232874ddcfefa93c5cdcb5dd7d9c933 StaticDependenciesID=ebb5eb61b4abc79aa23e1435ffbfba6b 
Number of updated asset objects reloaded before import = 0Number of asset objects unloaded after import = 18

========================================================================
Received Import Request.
  Time since last request: 0.000043 seconds.
  path: Assets/PolygonFantasyKingdom/Prefabs/Items/SM_Item_Potato_02.prefab
  importAddress: Guid(d80cffa07430cac4794a7ca3623e11a0) Importer(815301076,1909f56bfc062723c751e8b465ee728b)
Start importing Assets/PolygonFantasyKingdom/Prefabs/Items/SM_Item_Potato_02.prefab using Guid(d80cffa07430cac4794a7ca3623e11a0) Importer(815301076,1909f56bfc062723c751e8b465ee728b) (PreviewImporter) -> (Import Result ID: '34d70b917667e663973d7f404381221f') in 0.0736711 seconds [static and dynamic dependencies]. Details - ImportResultOutputID=0b167c1cfe6b6b58f7ecd636fda108a3 DependenciesID=b94bd24d7795edbdca5f04999c37a326 StaticDependenciesID=9189ee5d6884262c13a5cc3196582955 
Number of updated asset objects reloaded before import = 0Number of asset objects unloaded after import = 13

========================================================================
Received Import Request.
  Time since last request: 0.000066 seconds.
  path: Assets/PolygonFantasyKingdom/Prefabs/Items/SM_Item_Tongs_03.prefab
  importAddress: Guid(103fe9dceb9ea2e41b255b3ff0d7163a) Importer(815301076,1909f56bfc062723c751e8b465ee728b)
Start importing Assets/PolygonFantasyKingdom/Prefabs/Items/SM_Item_Tongs_03.prefab using Guid(103fe9dceb9ea2e41b255b3ff0d7163a) Importer(815301076,1909f56bfc062723c751e8b465ee728b) (PreviewImporter) -> (Import Result ID: 'e0d060db013a5e0e92ea2c006ffd7a33') in 0.0795482 seconds [static and dynamic dependencies]. Details - ImportResultOutputID=6eb6c6db0e1d4acc53813521b6d1cea1 DependenciesID=dffaf9265ff592b1dbc249d2ecd269eb StaticDependenciesID=7c0a958ecca9dbb876b801e3795d35e0 
Number of updated asset objects reloaded before import = 0Number of asset objects unloaded after import = 18

========================================================================
Received Import Request.
  Time since last request: 0.000070 seconds.
  path: Assets/PolygonFantasyKingdom/Prefabs/Items/SM_Item_Wargames_Piece_02.prefab
  importAddress: Guid(af581608c395a384e947676c7fcfb401) Importer(815301076,1909f56bfc062723c751e8b465ee728b)
Start importing Assets/PolygonFantasyKingdom/Prefabs/Items/SM_Item_Wargames_Piece_02.prefab using Guid(af581608c395a384e947676c7fcfb401) Importer(815301076,1909f56bfc062723c751e8b465ee728b) (PreviewImporter) -> (Import Result ID: '1841b16b12852140a8acd3f49407fb22') in 0.0739032 seconds [static and dynamic dependencies]. Details - ImportResultOutputID=b03d23399c41977f5c22d841fba63007 DependenciesID=ac3d54bce6817c729155df609888758e StaticDependenciesID=48a4aa6a010b0d641da4b1fb4fda9487 
Number of updated asset objects reloaded before import = 0Number of asset objects unloaded after import = 13

========================================================================
Received Import Request.
  Time since last request: 0.000043 seconds.
  path: Assets/PolygonFantasyKingdom/Prefabs/Items/SM_Item_Parchment_02.prefab
  importAddress: Guid(64fcd3bea2d72d5479bc795ee7bf0bc2) Importer(815301076,1909f56bfc062723c751e8b465ee728b)
Start importing Assets/PolygonFantasyKingdom/Prefabs/Items/SM_Item_Parchment_02.prefab using Guid(64fcd3bea2d72d5479bc795ee7bf0bc2) Importer(815301076,1909f56bfc062723c751e8b465ee728b) (PreviewImporter) -> (Import Result ID: '5709750a7dc3c91636e50c6e4f8691b5') in 0.0767811 seconds [static and dynamic dependencies]. Details - ImportResultOutputID=eb7cc5988a48242f9c17b6cc6fec68a3 DependenciesID=102ba5751ec08b7492b3ce840c7ee010 StaticDependenciesID=17cf40efac2b766516d0cc89a9f2bff4 
Number of updated asset objects reloaded before import = 0Number of asset objects unloaded after import = 13

========================================================================
Received Import Request.
  Time since last request: 3.601014 seconds.
  path: Assets/PolygonFantasyKingdom/Prefabs/Props/SM_Prop_Alchemy_Stand_03.prefab
  importAddress: Guid(a6ea4d542126fae4087de84eb768d104) Importer(815301076,1909f56bfc062723c751e8b465ee728b)
Start importing Assets/PolygonFantasyKingdom/Prefabs/Props/SM_Prop_Alchemy_Stand_03.prefab using Guid(a6ea4d542126fae4087de84eb768d104) Importer(815301076,1909f56bfc062723c751e8b465ee728b) (PreviewImporter) -> (Import Result ID: '9db34d3357f15ddbca52fe360bb42610') in 0.0612044 seconds [static and dynamic dependencies]. Details - ImportResultOutputID=f49ae5630d000fbb6d050060a59436d7 DependenciesID=5d6c0d5da0414d699d50f0a223b28082 StaticDependenciesID=afb7ba30ea9a9aa1a12c5d1034bdfbe6 
Number of updated asset objects reloaded before import = 0Number of asset objects unloaded after import = 13

========================================================================
Received Import Request.
  Time since last request: 0.000018 seconds.
  path: Assets/PolygonFantasyKingdom/Prefabs/Props/SM_Prop_Bracket_Pot_01_Preset_02.prefab
  importAddress: Guid(a6253ee3f8d71a04f8d73e3883950168) Importer(815301076,1909f56bfc062723c751e8b465ee728b)
Start importing Assets/PolygonFantasyKingdom/Prefabs/Props/SM_Prop_Bracket_Pot_01_Preset_02.prefab using Guid(a6253ee3f8d71a04f8d73e3883950168) Importer(815301076,1909f56bfc062723c751e8b465ee728b) (PreviewImporter) -> (Import Result ID: 'fa164c67304bd6dc737fe8b61d1f9976') in 0.0661493 seconds [static and dynamic dependencies]. Details - ImportResultOutputID=01fba5b051e4feb75bdc4a71cabe354d DependenciesID=24b53a53b488b0d285d54f8d5392bcdc StaticDependenciesID=9054b73291afbe0c06475168c589d01c 
Number of updated asset objects reloaded before import = 0Number of asset objects unloaded after import = 13

========================================================================
Received Import Request.
  Time since last request: 0.000031 seconds.
  path: Assets/PolygonFantasyKingdom/Prefabs/Props/SM_Prop_Beam_06.prefab
  importAddress: Guid(5d4ce91317a3bb04b937ebeb2cea1086) Importer(815301076,1909f56bfc062723c751e8b465ee728b)
Start importing Assets/PolygonFantasyKingdom/Prefabs/Props/SM_Prop_Beam_06.prefab using Guid(5d4ce91317a3bb04b937ebeb2cea1086) Importer(815301076,1909f56bfc062723c751e8b465ee728b) (PreviewImporter) -> (Import Result ID: 'ee1ddf3cb3be9404ecd3c4549b46f42a') in 0.0660804 seconds [static and dynamic dependencies]. Details - ImportResultOutputID=34240f1670e1f321eaa8dc80720c56f4 DependenciesID=04b4fc1a3aba00ffe931f4d36c8e5112 StaticDependenciesID=b5a2ab86a79cd5aeefb1fa9de9288978 
Number of updated asset objects reloaded before import = 0Number of asset objects unloaded after import = 13

========================================================================
Received Import Request.
  Time since last request: 0.000033 seconds.
  path: Assets/PolygonFantasyKingdom/Prefabs/Props/SM_Prop_Books_03.prefab
  importAddress: Guid(3004d4b028d75d54b9590f89bc394a2f) Importer(815301076,1909f56bfc062723c751e8b465ee728b)
Start importing Assets/PolygonFantasyKingdom/Prefabs/Props/SM_Prop_Books_03.prefab using Guid(3004d4b028d75d54b9590f89bc394a2f) Importer(815301076,1909f56bfc062723c751e8b465ee728b) (PreviewImporter) -> (Import Result ID: 'c4c0589bc38ed376fe8d9cd15e5c687b') in 0.0663731 seconds [static and dynamic dependencies]. Details - ImportResultOutputID=7c426e4f9f6402d433e963bc31a62516 DependenciesID=f16c3567aff5791689fce7ed120c19a5 StaticDependenciesID=f69ce83face10b5eefde831945a74102 
Number of updated asset objects reloaded before import = 0Number of asset objects unloaded after import = 13

========================================================================
Received Import Request.
  Time since last request: 0.000026 seconds.
  path: Assets/PolygonFantasyKingdom/Prefabs/Props/SM_Prop_Bracket_Pot_01_Preset_03.prefab
  importAddress: Guid(8b1376b3f9ae4b54699a65604f7bbb90) Importer(815301076,1909f56bfc062723c751e8b465ee728b)
Start importing Assets/PolygonFantasyKingdom/Prefabs/Props/SM_Prop_Bracket_Pot_01_Preset_03.prefab using Guid(8b1376b3f9ae4b54699a65604f7bbb90) Importer(815301076,1909f56bfc062723c751e8b465ee728b) (PreviewImporter) -> (Import Result ID: '3f66b01f055f08652f6d9efe79bd1609') in 0.0602955 seconds [static and dynamic dependencies]. Details - ImportResultOutputID=8c88ab3534da78809c8b503d01e92438 DependenciesID=6d8f535f50166383e14328e849b9b5be StaticDependenciesID=27c94fe41f6b720a874c4447a5cdffab 
Number of updated asset objects reloaded before import = 0Number of asset objects unloaded after import = 13

========================================================================
Received Import Request.
  Time since last request: 0.000025 seconds.
  path: Assets/PolygonFantasyKingdom/Prefabs/Props/SM_Prop_Bar_Mat_02.prefab
  importAddress: Guid(aee19bb80cfaa1a448290bdb54d5adb1) Importer(815301076,1909f56bfc062723c751e8b465ee728b)
Start importing Assets/PolygonFantasyKingdom/Prefabs/Props/SM_Prop_Bar_Mat_02.prefab using Guid(aee19bb80cfaa1a448290bdb54d5adb1) Importer(815301076,1909f56bfc062723c751e8b465ee728b) (PreviewImporter) -> (Import Result ID: '46e1876b95d1b86fd6d3181cb31b03df') in 0.0601693 seconds [static and dynamic dependencies]. Details - ImportResultOutputID=2f21298a194fb469b0d4bd216e48cee5 DependenciesID=b3c0b2b263f76b45b63a9c91eeeacc59 StaticDependenciesID=b1276de5cf64a3174ae585cba83b1bdc 
Number of updated asset objects reloaded before import = 0Number of asset objects unloaded after import = 13

========================================================================
Received Import Request.
  Time since last request: 0.000034 seconds.
  path: Assets/PolygonFantasyKingdom/Prefabs/Props/SM_Prop_Beam_05.prefab
  importAddress: Guid(93f590f3dfc68614d8688e275172e88e) Importer(815301076,1909f56bfc062723c751e8b465ee728b)
Start importing Assets/PolygonFantasyKingdom/Prefabs/Props/SM_Prop_Beam_05.prefab using Guid(93f590f3dfc68614d8688e275172e88e) Importer(815301076,1909f56bfc062723c751e8b465ee728b) (PreviewImporter) -> (Import Result ID: 'd59e4bb3739df8a02dff15a8c77a41a4') in 0.0593224 seconds [static and dynamic dependencies]. Details - ImportResultOutputID=7858cb5443cc0c5aead81765eab61c05 DependenciesID=984dfaa722ef885159d55040b8f624c5 StaticDependenciesID=48ce55840ddd0c20b6322cfd48cf7d4d 
Number of updated asset objects reloaded before import = 0Number of asset objects unloaded after import = 13

========================================================================
Received Import Request.
  Time since last request: 0.000026 seconds.
  path: Assets/PolygonFantasyKingdom/Prefabs/Props/SM_Prop_Bar_01.prefab
  importAddress: Guid(c3fcdefcc87b95b49a214855c6566c45) Importer(815301076,1909f56bfc062723c751e8b465ee728b)
Start importing Assets/PolygonFantasyKingdom/Prefabs/Props/SM_Prop_Bar_01.prefab using Guid(c3fcdefcc87b95b49a214855c6566c45) Importer(815301076,1909f56bfc062723c751e8b465ee728b) (PreviewImporter) -> (Import Result ID: 'f2b2b955fa672bfd1d5d08e6974c5a25') in 0.0557865 seconds [static and dynamic dependencies]. Details - ImportResultOutputID=62199559f30dc39f019e32fc0094ce8d DependenciesID=58c26164f24b344dee7d72563a97f554 StaticDependenciesID=e88b9abe51eaf31e62a381a8a5f3b1b2 
Number of updated asset objects reloaded before import = 0Number of asset objects unloaded after import = 13

========================================================================
Received Import Request.
  Time since last request: 0.000075 seconds.
  path: Assets/PolygonFantasyKingdom/Prefabs/Props/SM_Prop_BloodPool_02.prefab
  importAddress: Guid(c5c6c183bb366594b93417b7fc5444b0) Importer(815301076,1909f56bfc062723c751e8b465ee728b)
Start importing Assets/PolygonFantasyKingdom/Prefabs/Props/SM_Prop_BloodPool_02.prefab using Guid(c5c6c183bb366594b93417b7fc5444b0) Importer(815301076,1909f56bfc062723c751e8b465ee728b) (PreviewImporter) -> (Import Result ID: 'fa2789e85996d61215d50e8e526197e7') in 0.0568476 seconds [static and dynamic dependencies]. Details - ImportResultOutputID=2cef73234d54b9b1fd11702abc39105e DependenciesID=c0cf447adb14de75bef152b72700d5dc StaticDependenciesID=c93edd0a2c39a97cd7296cbc257f6e18 
Number of updated asset objects reloaded before import = 0Number of asset objects unloaded after import = 13

========================================================================
Received Import Request.
  Time since last request: 0.000052 seconds.
  path: Assets/PolygonFantasyKingdom/Prefabs/Props/SM_Prop_Barrel_Dispenser_Large_01.prefab
  importAddress: Guid(356bab106e6583242b77502d598f2c55) Importer(815301076,1909f56bfc062723c751e8b465ee728b)
Start importing Assets/PolygonFantasyKingdom/Prefabs/Props/SM_Prop_Barrel_Dispenser_Large_01.prefab using Guid(356bab106e6583242b77502d598f2c55) Importer(815301076,1909f56bfc062723c751e8b465ee728b) (PreviewImporter) -> (Import Result ID: '117fb5a48f8377ac94d65e38c914a3b8') in 0.0561281 seconds [static and dynamic dependencies]. Details - ImportResultOutputID=f6683f5638bcebb7acc589ca7840b119 DependenciesID=ccc6f319f98d450993c6f76fb8490462 StaticDependenciesID=3449418359c7b8727d1e00dab491235b 
Number of updated asset objects reloaded before import = 0Number of asset objects unloaded after import = 13

========================================================================
Received Import Request.
  Time since last request: 0.000029 seconds.
  path: Assets/PolygonFantasyKingdom/Prefabs/Props/SM_Prop_Animal_Head_Backing_03.prefab
  importAddress: Guid(9423ff590ff712d4ab2db48044ba4d38) Importer(815301076,1909f56bfc062723c751e8b465ee728b)
Start importing Assets/PolygonFantasyKingdom/Prefabs/Props/SM_Prop_Animal_Head_Backing_03.prefab using Guid(9423ff590ff712d4ab2db48044ba4d38) Importer(815301076,1909f56bfc062723c751e8b465ee728b) (PreviewImporter) -> (Import Result ID: '9a4ee3f85e1da731b0e72bbf3e8dc068') in 0.0601101 seconds [static and dynamic dependencies]. Details - ImportResultOutputID=ff370b5466f0e44f28e055a0208a0339 DependenciesID=e67d04c7ae5ead1794b3a4a32dbd9f28 StaticDependenciesID=1b280b45e4b8fb847e7223c1f7dfea23 
Number of updated asset objects reloaded before import = 0Number of asset objects unloaded after import = 13

========================================================================
Received Import Request.
  Time since last request: 0.000034 seconds.
  path: Assets/PolygonFantasyKingdom/Prefabs/Props/SM_Prop_Awning_07.prefab
  importAddress: Guid(3379c3e4f53816a4ea690c8adb9a01eb) Importer(815301076,1909f56bfc062723c751e8b465ee728b)
Start importing Assets/PolygonFantasyKingdom/Prefabs/Props/SM_Prop_Awning_07.prefab using Guid(3379c3e4f53816a4ea690c8adb9a01eb) Importer(815301076,1909f56bfc062723c751e8b465ee728b) (PreviewImporter) -> (Import Result ID: 'c199ae72fd898bb909a770f7e8c17f38') in 0.0565535 seconds [static and dynamic dependencies]. Details - ImportResultOutputID=8e5a8811346ef3a95bae0f196a94d8dd DependenciesID=b8430b9b1f9e66410aecd285a71bede8 StaticDependenciesID=5c80fe54f4dbe9698659c0b248aab2fc 
Number of updated asset objects reloaded before import = 0Number of asset objects unloaded after import = 13

========================================================================
Received Import Request.
  Time since last request: 0.000042 seconds.
  path: Assets/PolygonFantasyKingdom/Prefabs/Props/SM_Prop_Animal_Head_Backing_02.prefab
  importAddress: Guid(7ce9207658f67894685bd110fd21ac84) Importer(815301076,1909f56bfc062723c751e8b465ee728b)
Start importing Assets/PolygonFantasyKingdom/Prefabs/Props/SM_Prop_Animal_Head_Backing_02.prefab using Guid(7ce9207658f67894685bd110fd21ac84) Importer(815301076,1909f56bfc062723c751e8b465ee728b) (PreviewImporter) -> (Import Result ID: '9590c3824a3216a60c41746adb59a47b') in 0.0599189 seconds [static and dynamic dependencies]. Details - ImportResultOutputID=66c82c2c00cb160707198015d9164e36 DependenciesID=2c4084c5e03a27656e42d777b0dd43e4 StaticDependenciesID=2fe300668a40575d8e380c679e1c85d4 
Number of updated asset objects reloaded before import = 0Number of asset objects unloaded after import = 13

========================================================================
Received Import Request.
  Time since last request: 0.000036 seconds.
  path: Assets/PolygonFantasyKingdom/Prefabs/Props/SM_Prop_Basket_01.prefab
  importAddress: Guid(5a56bea0910e46946a878d51da37757f) Importer(815301076,1909f56bfc062723c751e8b465ee728b)
Start importing Assets/PolygonFantasyKingdom/Prefabs/Props/SM_Prop_Basket_01.prefab using Guid(5a56bea0910e46946a878d51da37757f) Importer(815301076,1909f56bfc062723c751e8b465ee728b) (PreviewImporter) -> (Import Result ID: '928c8ae0424e78fe7c707bc44cd18980') in 0.0695146 seconds [static and dynamic dependencies]. Details - ImportResultOutputID=6c5d34ae1b3dbb56b2d52441d3be8436 DependenciesID=05f65428dfa3fe53de70ffed6548bb2b StaticDependenciesID=33dac3b500424f8e19eaa9e21a27a253 
Number of updated asset objects reloaded before import = 0Number of asset objects unloaded after import = 13

========================================================================
Received Import Request.
  Time since last request: 0.000037 seconds.
  path: Assets/PolygonFantasyKingdom/Prefabs/Props/SM_Prop_Bracket_01.prefab
  importAddress: Guid(5afae87ee31266b46a93d193cef7ca6e) Importer(815301076,1909f56bfc062723c751e8b465ee728b)
Start importing Assets/PolygonFantasyKingdom/Prefabs/Props/SM_Prop_Bracket_01.prefab using Guid(5afae87ee31266b46a93d193cef7ca6e) Importer(815301076,1909f56bfc062723c751e8b465ee728b) (PreviewImporter) -> (Import Result ID: 'fc6a95ae51333e2876d8c9ef66e3ece4') in 0.064796 seconds [static and dynamic dependencies]. Details - ImportResultOutputID=dbd758c021a73c5f9dd203ecaecb4aa5 DependenciesID=5279963a14754b73f121f5b0cc2ddd3c StaticDependenciesID=b65aaa2407e2f58b8ff784d822186669 
Number of updated asset objects reloaded before import = 0Number of asset objects unloaded after import = 13

========================================================================
Received Import Request.
  Time since last request: 0.000035 seconds.
  path: Assets/PolygonFantasyKingdom/Prefabs/Props/SM_Prop_Bar_Tap_Base_01.prefab
  importAddress: Guid(0bb96d0e2cc34b149974430e126517d4) Importer(815301076,1909f56bfc062723c751e8b465ee728b)
Start importing Assets/PolygonFantasyKingdom/Prefabs/Props/SM_Prop_Bar_Tap_Base_01.prefab using Guid(0bb96d0e2cc34b149974430e126517d4) Importer(815301076,1909f56bfc062723c751e8b465ee728b) (PreviewImporter) -> (Import Result ID: '367ef0bef5af707ea8e841278fd8f5a5') in 0.065169 seconds [static and dynamic dependencies]. Details - ImportResultOutputID=603b7cd3d2126d9334de4209be519746 DependenciesID=8b628f3f26927690154fcefdf8135971 StaticDependenciesID=3824ae60e00de11457b77c9b554fae04 
Number of updated asset objects reloaded before import = 0Number of asset objects unloaded after import = 13

========================================================================
Received Import Request.
  Time since last request: 0.000044 seconds.
  path: Assets/PolygonFantasyKingdom/Prefabs/Props/SM_Prop_Bracket_Pot_02_Preset_01.prefab
  importAddress: Guid(b7297fa77b1d1fd42946c20cd36391f4) Importer(815301076,1909f56bfc062723c751e8b465ee728b)
Start importing Assets/PolygonFantasyKingdom/Prefabs/Props/SM_Prop_Bracket_Pot_02_Preset_01.prefab using Guid(b7297fa77b1d1fd42946c20cd36391f4) Importer(815301076,1909f56bfc062723c751e8b465ee728b) (PreviewImporter) -> (Import Result ID: '62ff9f4a220a8e84147fbba4d2da1fea') in 0.0642039 seconds [static and dynamic dependencies]. Details - ImportResultOutputID=441d45aaff6bf2d13b4fb578eee25227 DependenciesID=d21da27adfc62634a1999d3a693393a1 StaticDependenciesID=83810bdb117f0d910152c4e8f20d0782 
Number of updated asset objects reloaded before import = 0Number of asset objects unloaded after import = 13

========================================================================
Received Import Request.
  Time since last request: 0.000079 seconds.
  path: Assets/PolygonFantasyKingdom/Prefabs/Props/SM_Prop_Bellows_02.prefab
  importAddress: Guid(6415e229358afa7408c984af07e6714e) Importer(815301076,1909f56bfc062723c751e8b465ee728b)
Start importing Assets/PolygonFantasyKingdom/Prefabs/Props/SM_Prop_Bellows_02.prefab using Guid(6415e229358afa7408c984af07e6714e) Importer(815301076,1909f56bfc062723c751e8b465ee728b) (PreviewImporter) -> (Import Result ID: 'd8bceaac78eef55c74982a6068872e1b') in 0.0711085 seconds [static and dynamic dependencies]. Details - ImportResultOutputID=c325d83288ead9b0d1fdb86bab8967d3 DependenciesID=6ab6a529f2c98c3de7b92142bd5b96f5 StaticDependenciesID=0177c644505b1ef9fa587d46b10bb0aa 
Number of updated asset objects reloaded before import = 0Number of asset objects unloaded after import = 13

========================================================================
Received Import Request.
  Time since last request: 0.000029 seconds.
  path: Assets/PolygonFantasyKingdom/Prefabs/Props/SM_Prop_Bar_Tap_Handle_02.prefab
  importAddress: Guid(473f9019894d7bb4584a46425944b203) Importer(815301076,1909f56bfc062723c751e8b465ee728b)
Start importing Assets/PolygonFantasyKingdom/Prefabs/Props/SM_Prop_Bar_Tap_Handle_02.prefab using Guid(473f9019894d7bb4584a46425944b203) Importer(815301076,1909f56bfc062723c751e8b465ee728b) (PreviewImporter) -> (Import Result ID: 'beabf5f7c1cd280f0b3ede63b410c1db') in 0.0666097 seconds [static and dynamic dependencies]. Details - ImportResultOutputID=4ce5bdcac738060a32fefab7eab26129 DependenciesID=1e9659cad2c9698c9802d7d413d62ece StaticDependenciesID=0bc0f3d689f06021d88123b9ad4e5bbd 
Number of updated asset objects reloaded before import = 0Number of asset objects unloaded after import = 13

========================================================================
Received Import Request.
  Time since last request: 0.000031 seconds.
  path: Assets/PolygonFantasyKingdom/Prefabs/Props/SM_Prop_Bracket_Pot_01_Preset_01.prefab
  importAddress: Guid(22228d56f82d4144c90371a1bda38122) Importer(815301076,1909f56bfc062723c751e8b465ee728b)
Start importing Assets/PolygonFantasyKingdom/Prefabs/Props/SM_Prop_Bracket_Pot_01_Preset_01.prefab using Guid(22228d56f82d4144c90371a1bda38122) Importer(815301076,1909f56bfc062723c751e8b465ee728b) (PreviewImporter) -> (Import Result ID: 'd03c2b5670353adf5159e5d920593762') in 0.0727561 seconds [static and dynamic dependencies]. Details - ImportResultOutputID=0db4752fe7bb20d85a9e995ab449a5c6 DependenciesID=e8a1893087153be42f8bda3bf04362c2 StaticDependenciesID=8733a2a5fec72a02b177230aa2a66429 
Number of updated asset objects reloaded before import = 0Number of asset objects unloaded after import = 13

========================================================================
Received Import Request.
  Time since last request: 0.000061 seconds.
  path: Assets/PolygonFantasyKingdom/Prefabs/Props/SM_Prop_Books_07.prefab
  importAddress: Guid(d5c633ef5890a6746bb6912d0e9bd92d) Importer(815301076,1909f56bfc062723c751e8b465ee728b)
Start importing Assets/PolygonFantasyKingdom/Prefabs/Props/SM_Prop_Books_07.prefab using Guid(d5c633ef5890a6746bb6912d0e9bd92d) Importer(815301076,1909f56bfc062723c751e8b465ee728b) (PreviewImporter) -> (Import Result ID: '058c10658a41929bff4ae08e3e678360') in 0.0989756 seconds [static and dynamic dependencies]. Details - ImportResultOutputID=921f88191408e808817a7b0db3209b6b DependenciesID=a77b51c6a17c9ec214f306092328168a StaticDependenciesID=89c542547ba3e6318163dddebd8230d0 
Number of updated asset objects reloaded before import = 0Number of asset objects unloaded after import = 13

========================================================================
Received Import Request.
  Time since last request: 0.000060 seconds.
  path: Assets/PolygonFantasyKingdom/Prefabs/Props/SM_Prop_Animal_Head_Deer_02.prefab
  importAddress: Guid(74f53fc7ecdae534c846766b5d50d182) Importer(815301076,1909f56bfc062723c751e8b465ee728b)
Start importing Assets/PolygonFantasyKingdom/Prefabs/Props/SM_Prop_Animal_Head_Deer_02.prefab using Guid(74f53fc7ecdae534c846766b5d50d182) Importer(815301076,1909f56bfc062723c751e8b465ee728b) (PreviewImporter) -> (Import Result ID: 'fd443a22b27ef01b33ed46079a73e3af') in 0.0757536 seconds [static and dynamic dependencies]. Details - ImportResultOutputID=5ae836218f65aba4a0904d92b022786a DependenciesID=bdc581ef4594942a7e4df5f01b6858db StaticDependenciesID=e1353a84f9c6c8e2cc84ab68512855a9 
Number of updated asset objects reloaded before import = 0Number of asset objects unloaded after import = 13

========================================================================
Received Import Request.
  Time since last request: 0.000036 seconds.
  path: Assets/PolygonFantasyKingdom/Prefabs/Props/SM_Prop_Bell_01.prefab
  importAddress: Guid(c3360c3fb9c0cdc4990ef237d7a54c15) Importer(815301076,1909f56bfc062723c751e8b465ee728b)
Start importing Assets/PolygonFantasyKingdom/Prefabs/Props/SM_Prop_Bell_01.prefab using Guid(c3360c3fb9c0cdc4990ef237d7a54c15) Importer(815301076,1909f56bfc062723c751e8b465ee728b) (PreviewImporter) -> (Import Result ID: 'd8314d15dba404f0e99515e5f908b315') in 0.0683264 seconds [static and dynamic dependencies]. Details - ImportResultOutputID=89fdfb59ffa0ffae8a67db89642c6cf0 DependenciesID=01397f32fd04aa34c9f0673635ccbe26 StaticDependenciesID=d5d16d6526eac8d573cbbae0fa93afae 
Number of updated asset objects reloaded before import = 0Number of asset objects unloaded after import = 13

========================================================================
Received Import Request.
  Time since last request: 0.000053 seconds.
  path: Assets/PolygonFantasyKingdom/Prefabs/Props/SM_Prop_Awning_05.prefab
  importAddress: Guid(21473dee152fd8747a02d7187f0a4f43) Importer(815301076,1909f56bfc062723c751e8b465ee728b)
Start importing Assets/PolygonFantasyKingdom/Prefabs/Props/SM_Prop_Awning_05.prefab using Guid(21473dee152fd8747a02d7187f0a4f43) Importer(815301076,1909f56bfc062723c751e8b465ee728b) (PreviewImporter) -> (Import Result ID: '5df046359dbcac2b14f8615e7450f3d3') in 0.0736857 seconds [static and dynamic dependencies]. Details - ImportResultOutputID=b454970949a56bdb48e76383f08edc98 DependenciesID=95c99be66533cf3779113593c6f17eec StaticDependenciesID=d3def14e5d338c05cd67dda31dc19608 
Number of updated asset objects reloaded before import = 0Number of asset objects unloaded after import = 13

========================================================================
Received Import Request.
  Time since last request: 0.149404 seconds.
  path: Assets/PolygonFantasyKingdom/Prefabs/Props/SM_Prop_Bracket_Pot_02_Preset_04.prefab
  importAddress: Guid(fc4b55c7393ab0048b90c5d9a5e81e14) Importer(815301076,1909f56bfc062723c751e8b465ee728b)
Start importing Assets/PolygonFantasyKingdom/Prefabs/Props/SM_Prop_Bracket_Pot_02_Preset_04.prefab using Guid(fc4b55c7393ab0048b90c5d9a5e81e14) Importer(815301076,1909f56bfc062723c751e8b465ee728b) (PreviewImporter) -> (Import Result ID: '33446d5a7dfac2e2ae3afb67f4f66d8f') in 0.0795952 seconds [static and dynamic dependencies]. Details - ImportResultOutputID=474901982112ad8c583f4225c4135f2e DependenciesID=ebd3cb1baba01a7a2a764237f19674f5 StaticDependenciesID=92344249064dbb63e0a672c1f470133f 
Number of updated asset objects reloaded before import = 0Number of asset objects unloaded after import = 13

========================================================================
Received Import Request.
  Time since last request: 0.000024 seconds.
  path: Assets/PolygonFantasyKingdom/Prefabs/Props/SM_Prop_Candle_Melted_02.prefab
  importAddress: Guid(ed6f8c41720b5a740b5edb913ba11093) Importer(815301076,1909f56bfc062723c751e8b465ee728b)
Start importing Assets/PolygonFantasyKingdom/Prefabs/Props/SM_Prop_Candle_Melted_02.prefab using Guid(ed6f8c41720b5a740b5edb913ba11093) Importer(815301076,1909f56bfc062723c751e8b465ee728b) (PreviewImporter) -> (Import Result ID: 'b361480c8c1bd37d9f6d2223f202c48f') in 0.0723687 seconds [static and dynamic dependencies]. Details - ImportResultOutputID=4c2c22780ba93b5e3fa0c95e7fb298e8 DependenciesID=dfcebe19879196c29cf6b3fbe47af713 StaticDependenciesID=057524bdcc3496aa943aef1fbe629196 
Number of updated asset objects reloaded before import = 0Number of asset objects unloaded after import = 13

========================================================================
Received Import Request.
  Time since last request: 0.000040 seconds.
  path: Assets/PolygonFantasyKingdom/Prefabs/Props/SM_Prop_Chain_Hanging_03.prefab
  importAddress: Guid(8a009d4d22e529a4981e07f9ed972701) Importer(815301076,1909f56bfc062723c751e8b465ee728b)
Start importing Assets/PolygonFantasyKingdom/Prefabs/Props/SM_Prop_Chain_Hanging_03.prefab using Guid(8a009d4d22e529a4981e07f9ed972701) Importer(815301076,1909f56bfc062723c751e8b465ee728b) (PreviewImporter) -> (Import Result ID: 'b77a8467ca03b5218b70de48a33cdc7b') in 0.079302 seconds [static and dynamic dependencies]. Details - ImportResultOutputID=3b00f03625b849270b0d2f07a2c5b9f6 DependenciesID=a217c91b9377535159005734205be67b StaticDependenciesID=4e49bb8f25e82452dc76221d028412e7 
Number of updated asset objects reloaded before import = 0Number of asset objects unloaded after import = 13

========================================================================
Received Import Request.
  Time since last request: 0.000099 seconds.
  path: Assets/PolygonFantasyKingdom/Prefabs/Props/SM_Prop_Bunting_04.prefab
  importAddress: Guid(d55233816aff426408a3d109bf819ff2) Importer(815301076,1909f56bfc062723c751e8b465ee728b)
Start importing Assets/PolygonFantasyKingdom/Prefabs/Props/SM_Prop_Bunting_04.prefab using Guid(d55233816aff426408a3d109bf819ff2) Importer(815301076,1909f56bfc062723c751e8b465ee728b) (PreviewImporter) -> (Import Result ID: '48c070a43397a053548e8c3494669c3f') in 0.0757063 seconds [static and dynamic dependencies]. Details - ImportResultOutputID=8d87ffcc06c28d31af2de3d80c354d71 DependenciesID=33647c983364c3d923de8fc559a6e90d StaticDependenciesID=ccc192a15adb53102e60b4297002a8df 
Number of updated asset objects reloaded before import = 0Number of asset objects unloaded after import = 11

========================================================================
Received Import Request.
  Time since last request: 0.000039 seconds.
  path: Assets/PolygonFantasyKingdom/Prefabs/Props/SM_Prop_Cauldron_04.prefab
  importAddress: Guid(47d6b0aa0a0e391429082b245bf9eb95) Importer(815301076,1909f56bfc062723c751e8b465ee728b)
Start importing Assets/PolygonFantasyKingdom/Prefabs/Props/SM_Prop_Cauldron_04.prefab using Guid(47d6b0aa0a0e391429082b245bf9eb95) Importer(815301076,1909f56bfc062723c751e8b465ee728b) (PreviewImporter) -> (Import Result ID: '8822d007c0ab3b60d240421d6fbd0ba5') in 0.0743101 seconds [static and dynamic dependencies]. Details - ImportResultOutputID=e10ce2b3624bd11d286f46a4a5ea41aa DependenciesID=43af22011aa34cb6fab68384c9559846 StaticDependenciesID=0abc608dffafc7a2a764bcb373cfc62e 
Number of updated asset objects reloaded before import = 0Number of asset objects unloaded after import = 13

========================================================================
Received Import Request.
  Time since last request: 0.000031 seconds.
  path: Assets/PolygonFantasyKingdom/Prefabs/Props/SM_Prop_Bunting_01.prefab
  importAddress: Guid(5b01fd3b901675e40ad01ae7689222aa) Importer(815301076,1909f56bfc062723c751e8b465ee728b)
Start importing Assets/PolygonFantasyKingdom/Prefabs/Props/SM_Prop_Bunting_01.prefab using Guid(5b01fd3b901675e40ad01ae7689222aa) Importer(815301076,1909f56bfc062723c751e8b465ee728b) (PreviewImporter) -> (Import Result ID: 'c5f5457749d2b1bac2d5f544bdf5c25e') in 0.0755863 seconds [static and dynamic dependencies]. Details - ImportResultOutputID=f70874cc5d4d977b61dca6d4dcf0ec49 DependenciesID=5ed2bb1772fe7916b32ccf550c626936 StaticDependenciesID=79a42ad109a3022a84b02f7a167be330 
Number of updated asset objects reloaded before import = 0Number of asset objects unloaded after import = 11

========================================================================
Received Import Request.
  Time since last request: 0.000043 seconds.
  path: Assets/PolygonFantasyKingdom/Prefabs/Props/SM_Prop_Bucket_Fish_01.prefab
  importAddress: Guid(d6bda91e0c3fa634d8aea9b39ffc3e8c) Importer(815301076,1909f56bfc062723c751e8b465ee728b)
Start importing Assets/PolygonFantasyKingdom/Prefabs/Props/SM_Prop_Bucket_Fish_01.prefab using Guid(d6bda91e0c3fa634d8aea9b39ffc3e8c) Importer(815301076,1909f56bfc062723c751e8b465ee728b) (PreviewImporter) -> (Import Result ID: '602c4cc104a6bfbaffa4b23103bc47d2') in 0.0867165 seconds [static and dynamic dependencies]. Details - ImportResultOutputID=0661cb6b1825fd3edca55a8e02536248 DependenciesID=09d0ad8f54a9f394a27e01c1d360fdb6 StaticDependenciesID=69cc8826f88bd58ea9e33e6b892e2dfa 
Number of updated asset objects reloaded before import = 0Number of asset objects unloaded after import = 13

========================================================================
Received Import Request.
  Time since last request: 0.000034 seconds.
  path: Assets/PolygonFantasyKingdom/Prefabs/Props/SM_Prop_Chandelier_03.prefab
  importAddress: Guid(0c8178a70342de74bae87b2cf8a0de2a) Importer(815301076,1909f56bfc062723c751e8b465ee728b)
Start importing Assets/PolygonFantasyKingdom/Prefabs/Props/SM_Prop_Chandelier_03.prefab using Guid(0c8178a70342de74bae87b2cf8a0de2a) Importer(815301076,1909f56bfc062723c751e8b465ee728b) (PreviewImporter) -> (Import Result ID: 'd058be8b07e428fd88c8cb94e59243d6') in 0.072591 seconds [static and dynamic dependencies]. Details - ImportResultOutputID=a7cdcdf50b9768dbdb322f09f9f0ae1f DependenciesID=36af2c4085e65e1e09684c61b9ba0285 StaticDependenciesID=bf5e1153346aa0fb654f87593e2ea2d7 
Number of updated asset objects reloaded before import = 0Number of asset objects unloaded after import = 13

========================================================================
Received Import Request.
  Time since last request: 0.000019 seconds.
  path: Assets/PolygonFantasyKingdom/Prefabs/Props/SM_Prop_Cage_01.prefab
  importAddress: Guid(a74818deaafdbbf4eb78281d5ea03747) Importer(815301076,1909f56bfc062723c751e8b465ee728b)
Start importing Assets/PolygonFantasyKingdom/Prefabs/Props/SM_Prop_Cage_01.prefab using Guid(a74818deaafdbbf4eb78281d5ea03747) Importer(815301076,1909f56bfc062723c751e8b465ee728b) (PreviewImporter) -> (Import Result ID: '9ad365212c6ec3cab02af0e9a53e4ebb') in 0.0646416 seconds [static and dynamic dependencies]. Details - ImportResultOutputID=26b1f38cb1e083248cbcbb74897fd3d8 DependenciesID=b4efc8e815f78d2ccaafd5cc58e68209 StaticDependenciesID=888dbb78c83e50d98b3d0750c1ea3ef2 
Number of updated asset objects reloaded before import = 0Number of asset objects unloaded after import = 13

========================================================================
Received Import Request.
  Time since last request: 0.000020 seconds.
  path: Assets/PolygonFantasyKingdom/Prefabs/Props/SM_Prop_Chandelier_01.prefab
  importAddress: Guid(8c57979cea305c5459e166b353308aeb) Importer(815301076,1909f56bfc062723c751e8b465ee728b)
Start importing Assets/PolygonFantasyKingdom/Prefabs/Props/SM_Prop_Chandelier_01.prefab using Guid(8c57979cea305c5459e166b353308aeb) Importer(815301076,1909f56bfc062723c751e8b465ee728b) (PreviewImporter) -> (Import Result ID: '21bd9d0be0ad7a232d57033fdcb09bd0') in 0.0657948 seconds [static and dynamic dependencies]. Details - ImportResultOutputID=f3e591a49491445f2c89c9deeaf8fa55 DependenciesID=0ad50a108de141b31e9ed11a865fe50c StaticDependenciesID=ac73d16ac007126f367fcda8ce2424af 
Number of updated asset objects reloaded before import = 0Number of asset objects unloaded after import = 13

========================================================================
Received Import Request.
  Time since last request: 0.000044 seconds.
  path: Assets/PolygonFantasyKingdom/Prefabs/Props/SM_Prop_Candle_Melted_04.prefab
  importAddress: Guid(976fecdf9603b5a49ae9113c095a1d88) Importer(815301076,1909f56bfc062723c751e8b465ee728b)
Start importing Assets/PolygonFantasyKingdom/Prefabs/Props/SM_Prop_Candle_Melted_04.prefab using Guid(976fecdf9603b5a49ae9113c095a1d88) Importer(815301076,1909f56bfc062723c751e8b465ee728b) (PreviewImporter) -> (Import Result ID: '7d81272aa9532827944e32e2ddfa684e') in 0.0692895 seconds [static and dynamic dependencies]. Details - ImportResultOutputID=c3de227621e70a4baa56ccc2bf886f35 DependenciesID=05e7fe4be5193f87a4e335f08a754387 StaticDependenciesID=efba9e48a54f4c1f4c9c1b090755929f 
Number of updated asset objects reloaded before import = 0Number of asset objects unloaded after import = 13

========================================================================
Received Import Request.
  Time since last request: 5.280617 seconds.
  path: Assets/Texture2D/AncientCore_Emission.png
  importAddress: Guid(57552695e2b02254db54b678734d89cb) Importer(815301076,1909f56bfc062723c751e8b465ee728b)
Start importing Assets/Texture2D/AncientCore_Emission.png using Guid(57552695e2b02254db54b678734d89cb) Importer(815301076,1909f56bfc062723c751e8b465ee728b) (PreviewImporter) -> (Import Result ID: '6bbeb4c6f29883d0a2e6ad6eaf8b5bbe') in 0.032117 seconds [static and dynamic dependencies]. Details - ImportResultOutputID=fa9cfbb39d71692680c6cdfbd6bf9b5d DependenciesID=f91c359f171fa396fcfaaf3dec1e1ba6 StaticDependenciesID=407fadbfa2aec899e706954229b84fa0 
Number of updated asset objects reloaded before import = 0Number of asset objects unloaded after import = 2

========================================================================
Received Import Request.
  Time since last request: 0.000017 seconds.
  path: Assets/Texture2D/OreGold_Norm.png
  importAddress: Guid(c76d5e34bcabd9343ba875ed6dc80bbb) Importer(815301076,1909f56bfc062723c751e8b465ee728b)
Start importing Assets/Texture2D/OreGold_Norm.png using Guid(c76d5e34bcabd9343ba875ed6dc80bbb) Importer(815301076,1909f56bfc062723c751e8b465ee728b) (PreviewImporter) -> (Import Result ID: 'c505210d034af758268ac3596e526c54') in 0.0313127 seconds [static and dynamic dependencies]. Details - ImportResultOutputID=c1ab2d476fcdc7cd26bf606219205857 DependenciesID=f0cebc7f27d77c8f5eab13240340fa90 StaticDependenciesID=bd1db6256d26ee2442f9036de967d859 
Number of updated asset objects reloaded before import = 0Number of asset objects unloaded after import = 2

========================================================================
Received Import Request.
  Time since last request: 0.000039 seconds.
  path: Assets/PolygonFantasyKingdom/Models/SM_Prop_Ore_Gold_01.fbx
  importAddress: Guid(ee50cef8b6bd77346a5d136b44891d2d) Importer(815301076,1909f56bfc062723c751e8b465ee728b)
Start importing Assets/PolygonFantasyKingdom/Models/SM_Prop_Ore_Gold_01.fbx using Guid(ee50cef8b6bd77346a5d136b44891d2d) Importer(815301076,1909f56bfc062723c751e8b465ee728b) (PreviewImporter) -> (Import Result ID: '0dcf2e46348401fb2bec78788308dfcb') in 0.0227977 seconds [static and dynamic dependencies]. Details - ImportResultOutputID=beb37ab6eb66b4f622f834fcf9826a96 DependenciesID=0f42820569c66d88cb48708c5f3a4653 StaticDependenciesID=2cb00e12bb7ad7228ccd1da823ca61c1 
Number of updated asset objects reloaded before import = 0Number of asset objects unloaded after import = 7

========================================================================
Received Import Request.
  Time since last request: 0.000022 seconds.
  path: Assets/PolygonFantasyKingdom/Models/Convex/SM_Prop_Ore_Iron_01_Convex.asset
  importAddress: Guid(4000f857b51d6de4c9a917d269543516) Importer(815301076,1909f56bfc062723c751e8b465ee728b)
Start importing Assets/PolygonFantasyKingdom/Models/Convex/SM_Prop_Ore_Iron_01_Convex.asset using Guid(4000f857b51d6de4c9a917d269543516) Importer(815301076,1909f56bfc062723c751e8b465ee728b) (PreviewImporter) -> (Import Result ID: 'ea9056e6b6fb62bd9042c75cbb316f23') in 0.0193939 seconds [static and dynamic dependencies]. Details - ImportResultOutputID=aa86c631401fae25c8a9f5c3282a522e DependenciesID=c1f7f97e5123b7e7820bf7caeaf617f2 StaticDependenciesID=309b72dbd961a0169f53bce43b6f003b 
Number of updated asset objects reloaded before import = 0Number of asset objects unloaded after import = 2

========================================================================
Received Import Request.
  Time since last request: 0.000027 seconds.
  path: Assets/Texture2D/ore_Obamium_0.png
  importAddress: Guid(ffce70abc071d9b4d97d4607e8dc54d6) Importer(815301076,1909f56bfc062723c751e8b465ee728b)
Start importing Assets/Texture2D/ore_Obamium_0.png using Guid(ffce70abc071d9b4d97d4607e8dc54d6) Importer(815301076,1909f56bfc062723c751e8b465ee728b) (PreviewImporter) -> (Import Result ID: 'b255564524fb6a80c11a1ef057c855a3') in 0.0319754 seconds [static and dynamic dependencies]. Details - ImportResultOutputID=c4101739df86bddc57f1cabdcc29ad29 DependenciesID=4ffe8316482ebc1ea11b3a313bba98bf StaticDependenciesID=9c1defb8f34bf1ac0d7f220e6f5e921f 
Number of updated asset objects reloaded before import = 0Number of asset objects unloaded after import = 2

========================================================================
Received Import Request.
  Time since last request: 0.000035 seconds.
  path: Assets/Texture2D/Ore_Chunkium_0.png
  importAddress: Guid(9e90c429cebdb094ea87772da4168a97) Importer(815301076,1909f56bfc062723c751e8b465ee728b)
Start importing Assets/Texture2D/Ore_Chunkium_0.png using Guid(9e90c429cebdb094ea87772da4168a97) Importer(815301076,1909f56bfc062723c751e8b465ee728b) (PreviewImporter) -> (Import Result ID: '4b296e51857dc1966146dce6630697d9') in 0.0335173 seconds [static and dynamic dependencies]. Details - ImportResultOutputID=2a45ca3cffc9ea2c60be7b30421568d3 DependenciesID=dc4d4f645dbda1677d0874280cfeb66c StaticDependenciesID=1dcdf5252ce63da89653d026ef5ebb9d 
Number of updated asset objects reloaded before import = 0Number of asset objects unloaded after import = 3

========================================================================
Received Import Request.
  Time since last request: 0.000027 seconds.
  path: Assets/Texture2D/Ore_Obamium.png
  importAddress: Guid(4a079a47c412be84db3dd8f2c3220ff9) Importer(815301076,1909f56bfc062723c751e8b465ee728b)
Start importing Assets/Texture2D/Ore_Obamium.png using Guid(4a079a47c412be84db3dd8f2c3220ff9) Importer(815301076,1909f56bfc062723c751e8b465ee728b) (PreviewImporter) -> (Import Result ID: 'ea5e981e93a51c4b59ffee8c155e4eb3') in 0.0345742 seconds [static and dynamic dependencies]. Details - ImportResultOutputID=1d72ca23e18a27490b424e3ef29cb384 DependenciesID=299ddc84f101905cb19c88d020e7094c StaticDependenciesID=570556429524753c27a067eb50b6e038 
Number of updated asset objects reloaded before import = 0Number of asset objects unloaded after import = 3

========================================================================
Received Prepare
Begin MonoManager ReloadAssembly
[Licensing::Client] Successfully resolved entitlement details
Assembly Assembly-CSharp-Editor-firstpass.dll at Library/ScriptAssemblies/Assembly-CSharp-Editor-firstpass.dll not valid. Loading of assembly skipped.
Assembly Assembly-CSharp-firstpass.dll at Library/ScriptAssemblies/Assembly-CSharp-firstpass.dll not valid. Loading of assembly skipped.
Assembly DocCodeExamples.dll at Library/ScriptAssemblies/DocCodeExamples.dll not valid. Loading of assembly skipped.
Assembly GdkToolsEditModeTests.dll at Library/ScriptAssemblies/GdkToolsEditModeTests.dll not valid. Loading of assembly skipped.
Assembly TestNewCustomAssembly.dll at Library/ScriptAssemblies/TestNewCustomAssembly.dll not valid. Loading of assembly skipped.
Assembly Unity.2D.Sprite.Package.EditorTests.dll at Library/ScriptAssemblies/Unity.2D.Sprite.Package.EditorTests.dll not valid. Loading of assembly skipped.
Assembly Unity.2D.Tilemap.Package.EditorTests.dll at Library/ScriptAssemblies/Unity.2D.Tilemap.Package.EditorTests.dll not valid. Loading of assembly skipped.
Assembly Unity.AI.Assistant.Integrations.Sample.Editor.dll at Library/ScriptAssemblies/Unity.AI.Assistant.Integrations.Sample.Editor.dll not valid. Loading of assembly skipped.
Assembly Unity.Analytics.DataPrivacy.Tests.dll at Library/ScriptAssemblies/Unity.Analytics.DataPrivacy.Tests.dll not valid. Loading of assembly skipped.
Assembly Unity.Analytics.StandardEvents.EditorTests.dll at Library/ScriptAssemblies/Unity.Analytics.StandardEvents.EditorTests.dll not valid. Loading of assembly skipped.
Assembly Unity.AppUI.Editor.Tests.dll at Library/ScriptAssemblies/Unity.AppUI.Editor.Tests.dll not valid. Loading of assembly skipped.
Assembly Unity.AppUI.Tests.dll at Library/ScriptAssemblies/Unity.AppUI.Tests.dll not valid. Loading of assembly skipped.
Assembly Unity.Collections.BurstCompatibilityGen.dll at Library/ScriptAssemblies/Unity.Collections.BurstCompatibilityGen.dll not valid. Loading of assembly skipped.
Assembly Unity.Collections.DocCodeSamples.dll at Library/ScriptAssemblies/Unity.Collections.DocCodeSamples.dll not valid. Loading of assembly skipped.
Assembly Unity.Collections.PerformanceTests.dll at Library/ScriptAssemblies/Unity.Collections.PerformanceTests.dll not valid. Loading of assembly skipped.
Assembly Unity.Collections.Tests.dll at Library/ScriptAssemblies/Unity.Collections.Tests.dll not valid. Loading of assembly skipped.
Assembly Unity.Collections.Tests.Playmode.dll at Library/ScriptAssemblies/Unity.Collections.Tests.Playmode.dll not valid. Loading of assembly skipped.
Assembly Unity.Mathematics.Tests.dll at Library/ScriptAssemblies/Unity.Mathematics.Tests.dll not valid. Loading of assembly skipped.
Assembly Unity.Microsoft.GDK.Discovery.EditModeTests.dll at Library/ScriptAssemblies/Unity.Microsoft.GDK.Discovery.EditModeTests.dll not valid. Loading of assembly skipped.
Assembly Unity.Microsoft.GDK.Tests.dll at Library/ScriptAssemblies/Unity.Microsoft.GDK.Tests.dll not valid. Loading of assembly skipped.
Assembly Unity.Multiplayer.Center.Editor.Tests.dll at Library/ScriptAssemblies/Unity.Multiplayer.Center.Editor.Tests.dll not valid. Loading of assembly skipped.
Assembly Unity.Multiplayer.Center.Tests.dll at Library/ScriptAssemblies/Unity.Multiplayer.Center.Tests.dll not valid. Loading of assembly skipped.
Assembly Unity.Nuget.Mono-Cecil.dll at Library/ScriptAssemblies/Unity.Nuget.Mono-Cecil.dll not valid. Loading of assembly skipped.
Assembly Unity.Postprocessing.Editor.Tests.dll at Library/ScriptAssemblies/Unity.Postprocessing.Editor.Tests.dll not valid. Loading of assembly skipped.
Assembly Unity.Postprocessing.Runtime.Tests.dll at Library/ScriptAssemblies/Unity.Postprocessing.Runtime.Tests.dll not valid. Loading of assembly skipped.
Assembly Unity.Purchasing.Apple.dll at Library/ScriptAssemblies/Unity.Purchasing.Apple.dll not valid. Loading of assembly skipped.
Assembly Unity.Purchasing.AppleMacos.dll at Library/ScriptAssemblies/Unity.Purchasing.AppleMacos.dll not valid. Loading of assembly skipped.
Assembly Unity.Purchasing.Security.dll at Library/ScriptAssemblies/Unity.Purchasing.Security.dll not valid. Loading of assembly skipped.
Assembly Unity.Purchasing.TransactionVerifier.dll at Library/ScriptAssemblies/Unity.Purchasing.TransactionVerifier.dll not valid. Loading of assembly skipped.
Assembly Unity.TextMeshPro.Editor.Tests.dll at Library/ScriptAssemblies/Unity.TextMeshPro.Editor.Tests.dll not valid. Loading of assembly skipped.
Assembly Unity.TextMeshPro.Tests.dll at Library/ScriptAssemblies/Unity.TextMeshPro.Tests.dll not valid. Loading of assembly skipped.
Assembly UnityEditor.Purchasing.Authoring.dll at Library/ScriptAssemblies/UnityEditor.Purchasing.Authoring.dll not valid. Loading of assembly skipped.
Assembly UnityEditor.Purchasing.Editor.Authoring.Core.dll at Library/ScriptAssemblies/UnityEditor.Purchasing.Editor.Authoring.Core.dll not valid. Loading of assembly skipped.
Assembly UnityEditor.UI.Common.Tests.dll at Library/ScriptAssemblies/UnityEditor.UI.Common.Tests.dll not valid. Loading of assembly skipped.
Assembly UnityEditor.UI.EditorTests.dll at Library/ScriptAssemblies/UnityEditor.UI.EditorTests.dll not valid. Loading of assembly skipped.
Assembly UnityEditor.XR.LegacyInputHelpers.Tests.dll at Library/ScriptAssemblies/UnityEditor.XR.LegacyInputHelpers.Tests.dll not valid. Loading of assembly skipped.
Assembly UnityEngine.Advertisements.Editor.Tests.dll at Library/ScriptAssemblies/UnityEngine.Advertisements.Editor.Tests.dll not valid. Loading of assembly skipped.
Assembly UnityEngine.Advertisements.Tests.dll at Library/ScriptAssemblies/UnityEngine.Advertisements.Tests.dll not valid. Loading of assembly skipped.
Assembly UnityEngine.SpatialTracking.Tests.dll at Library/ScriptAssemblies/UnityEngine.SpatialTracking.Tests.dll not valid. Loading of assembly skipped.
Assembly UnityEngine.UI.Tests.dll at Library/ScriptAssemblies/UnityEngine.UI.Tests.dll not valid. Loading of assembly skipped.
Symbol file LoadedFromMemory is not a mono symbol file
Symbol file LoadedFromMemory is not a mono symbol file
Refreshing native plugins compatible for Editor in 13.43 ms, found 6 plugins.
Assertion failed on expression: 'pred(*previous, *i)'
Assertion failed on expression: 'pred(*previous, *i)'
Assertion failed on expression: 'pred(*previous, *i)'
Assertion failed on expression: 'pred(*previous, *i)'
Assertion failed on expression: 'pred(*previous, *i)'
Assertion failed on expression: 'pred(*previous, *i)'
Assertion failed on expression: 'pred(*previous, *i)'
Assertion failed on expression: 'pred(*previous, *i)'
Assertion failed on expression: 'pred(*previous, *i)'
Assertion failed on expression: 'pred(*previous, *i)'
Assertion failed on expression: 'pred(*previous, *i)'
Assertion failed on expression: 'pred(*previous, *i)'
Assertion failed on expression: 'pred(*previous, *i)'
Assertion failed on expression: 'pred(*previous, *i)'
Assertion failed on expression: 'pred(*previous, *i)'
Assertion failed on expression: 'pred(*previous, *i)'
Assertion failed on expression: 'pred(*previous, *i)'
Assertion failed on expression: 'pred(*previous, *i)'
Assertion failed on expression: 'pred(*previous, *i)'
Assertion failed on expression: 'pred(*previous, *i)'
Assertion failed on expression: 'pred(*previous, *i)'
Assertion failed on expression: 'pred(*previous, *i)'
Assertion failed on expression: 'pred(*previous, *i)'
Assertion failed on expression: 'pred(*previous, *i)'
Assertion failed on expression: 'pred(*previous, *i)'
Assertion failed on expression: 'pred(*previous, *i)'
Assertion failed on expression: 'pred(*previous, *i)'
Assertion failed on expression: 'pred(*previous, *i)'
Assertion failed on expression: 'pred(*previous, *i)'
Assertion failed on expression: 'pred(*previous, *i)'
Assertion failed on expression: 'pred(*previous, *i)'
Assertion failed on expression: 'pred(*previous, *i)'
Assertion failed on expression: 'pred(*previous, *i)'
Assertion failed on expression: 'pred(*previous, *i)'
Assertion failed on expression: 'pred(*previous, *i)'
Assertion failed on expression: 'pred(*previous, *i)'
Assertion failed on expression: 'pred(*previous, *i)'
Assertion failed on expression: 'pred(*previous, *i)'
Assertion failed on expression: 'pred(*previous, *i)'
Assertion failed on expression: 'pred(*previous, *i)'
Assertion failed on expression: 'pred(*previous, *i)'
Assertion failed on expression: 'pred(*previous, *i)'
Assertion failed on expression: 'pred(*previous, *i)'
Assertion failed on expression: 'pred(*previous, *i)'
Assertion failed on expression: 'pred(*previous, *i)'
Assertion failed on expression: 'pred(*previous, *i)'
Assertion failed on expression: 'pred(*previous, *i)'
Assertion failed on expression: 'pred(*previous, *i)'
Assertion failed on expression: 'pred(*previous, *i)'
Assertion failed on expression: 'pred(*previous, *i)'
Assertion failed on expression: 'pred(*previous, *i)'
Assertion failed on expression: 'pred(*previous, *i)'
Assertion failed on expression: 'pred(*previous, *i)'
Assertion failed on expression: 'pred(*previous, *i)'
Assertion failed on expression: 'pred(*previous, *i)'
Assertion failed on expression: 'pred(*previous, *i)'
Assertion failed on expression: 'pred(*previous, *i)'
Assertion failed on expression: 'pred(*previous, *i)'
Assertion failed on expression: 'pred(*previous, *i)'
Assertion failed on expression: 'pred(*previous, *i)'
Assertion failed on expression: 'pred(*previous, *i)'
Assertion failed on expression: 'pred(*previous, *i)'
Assertion failed on expression: 'pred(*previous, *i)'
Assertion failed on expression: 'pred(*previous, *i)'
Assertion failed on expression: 'pred(*previous, *i)'
Assertion failed on expression: 'pred(*previous, *i)'
Assertion failed on expression: 'pred(*previous, *i)'
Assertion failed on expression: 'pred(*previous, *i)'
Assertion failed on expression: 'pred(*previous, *i)'
Assertion failed on expression: 'pred(*previous, *i)'
Assertion failed on expression: 'pred(*previous, *i)'
Assertion failed on expression: 'pred(*previous, *i)'
Assertion failed on expression: 'pred(*previous, *i)'
Assertion failed on expression: 'pred(*previous, *i)'
Assertion failed on expression: 'pred(*previous, *i)'
Assertion failed on expression: 'pred(*previous, *i)'
Assertion failed on expression: 'pred(*previous, *i)'
Assertion failed on expression: 'pred(*previous, *i)'
Assertion failed on expression: 'pred(*previous, *i)'
Assertion failed on expression: 'pred(*previous, *i)'
Assertion failed on expression: 'pred(*previous, *i)'
Assertion failed on expression: 'pred(*previous, *i)'
Assertion failed on expression: 'pred(*previous, *i)'
Assertion failed on expression: 'pred(*previous, *i)'
Assertion failed on expression: 'pred(*previous, *i)'
Assertion failed on expression: 'pred(*previous, *i)'
Assertion failed on expression: 'pred(*previous, *i)'
Assertion failed on expression: 'pred(*previous, *i)'
Assertion failed on expression: 'pred(*previous, *i)'
Assertion failed on expression: 'pred(*previous, *i)'
Assertion failed on expression: 'pred(*previous, *i)'
Assertion failed on expression: 'pred(*previous, *i)'
Assertion failed on expression: 'pred(*previous, *i)'
Assertion failed on expression: 'pred(*previous, *i)'
Assertion failed on expression: 'pred(*previous, *i)'
Assertion failed on expression: 'pred(*previous, *i)'
Assertion failed on expression: 'pred(*previous, *i)'
Assertion failed on expression: 'pred(*previous, *i)'
Assertion failed on expression: 'pred(*previous, *i)'
Assertion failed on expression: 'pred(*previous, *i)'
Assertion failed on expression: 'pred(*previous, *i)'
Assertion failed on expression: 'pred(*previous, *i)'
Assertion failed on expression: 'pred(*previous, *i)'
Assertion failed on expression: 'pred(*previous, *i)'
Assertion failed on expression: 'pred(*previous, *i)'
Assertion failed on expression: 'pred(*previous, *i)'
Assertion failed on expression: 'pred(*previous, *i)'
Assertion failed on expression: 'pred(*previous, *i)'
Assertion failed on expression: 'pred(*previous, *i)'
Assertion failed on expression: 'pred(*previous, *i)'
Assertion failed on expression: 'pred(*previous, *i)'
Assertion failed on expression: 'pred(*previous, *i)'
Assertion failed on expression: 'pred(*previous, *i)'
Assertion failed on expression: 'pred(*previous, *i)'
Assertion failed on expression: 'pred(*previous, *i)'
Assertion failed on expression: 'pred(*previous, *i)'
Assertion failed on expression: 'pred(*previous, *i)'
Assertion failed on expression: 'pred(*previous, *i)'
Assertion failed on expression: 'pred(*previous, *i)'
Assertion failed on expression: 'pred(*previous, *i)'
Assertion failed on expression: 'pred(*previous, *i)'
Assertion failed on expression: 'pred(*previous, *i)'
Assertion failed on expression: 'pred(*previous, *i)'
Assertion failed on expression: 'pred(*previous, *i)'
Assertion failed on expression: 'pred(*previous, *i)'
Assertion failed on expression: 'pred(*previous, *i)'
Assertion failed on expression: 'pred(*previous, *i)'
Assertion failed on expression: 'pred(*previous, *i)'
Assertion failed on expression: 'pred(*previous, *i)'
Assertion failed on expression: 'pred(*previous, *i)'
Assertion failed on expression: 'pred(*previous, *i)'
Assertion failed on expression: 'pred(*previous, *i)'
Assertion failed on expression: 'pred(*previous, *i)'
Assertion failed on expression: 'pred(*previous, *i)'
Assertion failed on expression: 'pred(*previous, *i)'
Assertion failed on expression: 'pred(*previous, *i)'
Assertion failed on expression: 'pred(*previous, *i)'
Assertion failed on expression: 'pred(*previous, *i)'
Assertion failed on expression: 'pred(*previous, *i)'
Assertion failed on expression: 'pred(*previous, *i)'
Assertion failed on expression: 'pred(*previous, *i)'
Assertion failed on expression: 'pred(*previous, *i)'
Assertion failed on expression: 'pred(*previous, *i)'
Assertion failed on expression: 'pred(*previous, *i)'
Assertion failed on expression: 'pred(*previous, *i)'
Assertion failed on expression: 'pred(*previous, *i)'
Assertion failed on expression: 'pred(*previous, *i)'
Assertion failed on expression: 'pred(*previous, *i)'
Assertion failed on expression: 'pred(*previous, *i)'
Assertion failed on expression: 'pred(*previous, *i)'
Assertion failed on expression: 'pred(*previous, *i)'
Assertion failed on expression: 'pred(*previous, *i)'
Assertion failed on expression: 'pred(*previous, *i)'
Assertion failed on expression: 'pred(*previous, *i)'
Assertion failed on expression: 'pred(*previous, *i)'
Assertion failed on expression: 'pred(*previous, *i)'
Assertion failed on expression: 'pred(*previous, *i)'
Assertion failed on expression: 'pred(*previous, *i)'
Assertion failed on expression: 'pred(*previous, *i)'
Assertion failed on expression: 'pred(*previous, *i)'
Assertion failed on expression: 'pred(*previous, *i)'
Assertion failed on expression: 'pred(*previous, *i)'
Assertion failed on expression: 'pred(*previous, *i)'
Assertion failed on expression: 'pred(*previous, *i)'
Assertion failed on expression: 'pred(*previous, *i)'
Assertion failed on expression: 'pred(*previous, *i)'
Assertion failed on expression: 'pred(*previous, *i)'
Assertion failed on expression: 'pred(*previous, *i)'
Assertion failed on expression: 'pred(*previous, *i)'
Assertion failed on expression: 'pred(*previous, *i)'
Assertion failed on expression: 'pred(*previous, *i)'
Assertion failed on expression: 'pred(*previous, *i)'
Assertion failed on expression: 'pred(*previous, *i)'
Assertion failed on expression: 'pred(*previous, *i)'
Assertion failed on expression: 'pred(*previous, *i)'
Assertion failed on expression: 'pred(*previous, *i)'
Assertion failed on expression: 'pred(*previous, *i)'
Assertion failed on expression: 'pred(*previous, *i)'
Assertion failed on expression: 'pred(*previous, *i)'
Assertion failed on expression: 'pred(*previous, *i)'
Assertion failed on expression: 'pred(*previous, *i)'
Assertion failed on expression: 'pred(*previous, *i)'
Assertion failed on expression: 'pred(*previous, *i)'
Assertion failed on expression: 'pred(*previous, *i)'
Assertion failed on expression: 'pred(*previous, *i)'
Assertion failed on expression: 'pred(*previous, *i)'
Assertion failed on expression: 'pred(*previous, *i)'
Assertion failed on expression: 'pred(*previous, *i)'
Assertion failed on expression: 'pred(*previous, *i)'
Assertion failed on expression: 'pred(*previous, *i)'
Assertion failed on expression: 'pred(*previous, *i)'
Assertion failed on expression: 'pred(*previous, *i)'
Assertion failed on expression: 'pred(*previous, *i)'
Assertion failed on expression: 'pred(*previous, *i)'
Assertion failed on expression: 'pred(*previous, *i)'
Assertion failed on expression: 'pred(*previous, *i)'
Assertion failed on expression: 'pred(*previous, *i)'
Assertion failed on expression: 'pred(*previous, *i)'
Assertion failed on expression: 'pred(*previous, *i)'
Assertion failed on expression: 'pred(*previous, *i)'
Assertion failed on expression: 'pred(*previous, *i)'
Assertion failed on expression: 'pred(*previous, *i)'
Assertion failed on expression: 'pred(*previous, *i)'
Assertion failed on expression: 'pred(*previous, *i)'
Assertion failed on expression: 'pred(*previous, *i)'
Assertion failed on expression: 'pred(*previous, *i)'
Assertion failed on expression: 'pred(*previous, *i)'
Assertion failed on expression: 'pred(*previous, *i)'
Assertion failed on expression: 'pred(*previous, *i)'
Assertion failed on expression: 'pred(*previous, *i)'
Assertion failed on expression: 'pred(*previous, *i)'
Assertion failed on expression: 'pred(*previous, *i)'
Assertion failed on expression: 'pred(*previous, *i)'
Assertion failed on expression: 'pred(*previous, *i)'
Assertion failed on expression: 'pred(*previous, *i)'
Assertion failed on expression: 'pred(*previous, *i)'
Assertion failed on expression: 'pred(*previous, *i)'
Assertion failed on expression: 'pred(*previous, *i)'
Assertion failed on expression: 'pred(*previous, *i)'
Assertion failed on expression: 'pred(*previous, *i)'
Assertion failed on expression: 'pred(*previous, *i)'
Assertion failed on expression: 'pred(*previous, *i)'
Assertion failed on expression: 'pred(*previous, *i)'
Assertion failed on expression: 'pred(*previous, *i)'
Assertion failed on expression: 'pred(*previous, *i)'
Assertion failed on expression: 'pred(*previous, *i)'
Assertion failed on expression: 'pred(*previous, *i)'
Assertion failed on expression: 'pred(*previous, *i)'
Assertion failed on expression: 'pred(*previous, *i)'
Assertion failed on expression: 'pred(*previous, *i)'
Assertion failed on expression: 'pred(*previous, *i)'
Assertion failed on expression: 'pred(*previous, *i)'
Assertion failed on expression: 'pred(*previous, *i)'
Assertion failed on expression: 'pred(*previous, *i)'
Assertion failed on expression: 'pred(*previous, *i)'
Assertion failed on expression: 'pred(*previous, *i)'
Assertion failed on expression: 'pred(*previous, *i)'
Assertion failed on expression: 'pred(*previous, *i)'
Assertion failed on expression: 'pred(*previous, *i)'
Assertion failed on expression: 'pred(*previous, *i)'
Assertion failed on expression: 'pred(*previous, *i)'
Assertion failed on expression: 'pred(*previous, *i)'
Assertion failed on expression: 'pred(*previous, *i)'
Assertion failed on expression: 'pred(*previous, *i)'
Assertion failed on expression: 'pred(*previous, *i)'
Assertion failed on expression: 'pred(*previous, *i)'
Assertion failed on expression: 'pred(*previous, *i)'
Assertion failed on expression: 'pred(*previous, *i)'
Assertion failed on expression: 'pred(*previous, *i)'
Assertion failed on expression: 'pred(*previous, *i)'
Assertion failed on expression: 'pred(*previous, *i)'
Assertion failed on expression: 'pred(*previous, *i)'
Assertion failed on expression: 'pred(*previous, *i)'
Assertion failed on expression: 'pred(*previous, *i)'
Assertion failed on expression: 'pred(*previous, *i)'
Assertion failed on expression: 'pred(*previous, *i)'
Assertion failed on expression: 'pred(*previous, *i)'
Assertion failed on expression: 'pred(*previous, *i)'
Assertion failed on expression: 'pred(*previous, *i)'
Assertion failed on expression: 'pred(*previous, *i)'
Assertion failed on expression: 'pred(*previous, *i)'
Assertion failed on expression: 'pred(*previous, *i)'
Assertion failed on expression: 'pred(*previous, *i)'
Assertion failed on expression: 'pred(*previous, *i)'
Assertion failed on expression: 'pred(*previous, *i)'
Assertion failed on expression: 'pred(*previous, *i)'
Assertion failed on expression: 'pred(*previous, *i)'
Assertion failed on expression: 'pred(*previous, *i)'
Assertion failed on expression: 'pred(*previous, *i)'
Assertion failed on expression: 'pred(*previous, *i)'
Assertion failed on expression: 'pred(*previous, *i)'
Assertion failed on expression: 'pred(*previous, *i)'
Assertion failed on expression: 'pred(*previous, *i)'
Assertion failed on expression: 'pred(*previous, *i)'
Assertion failed on expression: 'pred(*previous, *i)'
Assertion failed on expression: 'pred(*previous, *i)'
Assertion failed on expression: 'pred(*previous, *i)'
Assertion failed on expression: 'pred(*previous, *i)'
Assertion failed on expression: 'pred(*previous, *i)'
Assertion failed on expression: 'pred(*previous, *i)'
Assertion failed on expression: 'pred(*previous, *i)'
Assertion failed on expression: 'pred(*previous, *i)'
Assertion failed on expression: 'pred(*previous, *i)'
Assertion failed on expression: 'pred(*previous, *i)'
Assertion failed on expression: 'pred(*previous, *i)'
Assertion failed on expression: 'pred(*previous, *i)'
Assertion failed on expression: 'pred(*previous, *i)'
Assertion failed on expression: 'pred(*previous, *i)'
Assertion failed on expression: 'pred(*previous, *i)'
Assertion failed on expression: 'pred(*previous, *i)'
Assertion failed on expression: 'pred(*previous, *i)'
Assertion failed on expression: 'pred(*previous, *i)'
Assertion failed on expression: 'pred(*previous, *i)'
Assertion failed on expression: 'pred(*previous, *i)'
Assertion failed on expression: 'pred(*previous, *i)'
Assertion failed on expression: 'pred(*previous, *i)'
Assertion failed on expression: 'pred(*previous, *i)'
Assertion failed on expression: 'pred(*previous, *i)'
Assertion failed on expression: 'pred(*previous, *i)'
Assertion failed on expression: 'pred(*previous, *i)'
Assertion failed on expression: 'pred(*previous, *i)'
Assertion failed on expression: 'pred(*previous, *i)'
Assertion failed on expression: 'pred(*previous, *i)'
Assertion failed on expression: 'pred(*previous, *i)'
Assertion failed on expression: 'pred(*previous, *i)'
Assertion failed on expression: 'pred(*previous, *i)'
Assertion failed on expression: 'pred(*previous, *i)'
Assertion failed on expression: 'pred(*previous, *i)'
Assertion failed on expression: 'pred(*previous, *i)'
Assertion failed on expression: 'pred(*previous, *i)'
Assertion failed on expression: 'pred(*previous, *i)'
Assertion failed on expression: 'pred(*previous, *i)'
Assertion failed on expression: 'pred(*previous, *i)'
Assertion failed on expression: 'pred(*previous, *i)'
Assertion failed on expression: 'pred(*previous, *i)'
Assertion failed on expression: 'pred(*previous, *i)'
Assertion failed on expression: 'pred(*previous, *i)'
Assertion failed on expression: 'pred(*previous, *i)'
Assertion failed on expression: 'pred(*previous, *i)'
Assertion failed on expression: 'pred(*previous, *i)'
Assertion failed on expression: 'pred(*previous, *i)'
Assertion failed on expression: 'pred(*previous, *i)'
Assertion failed on expression: 'pred(*previous, *i)'
Assertion failed on expression: 'pred(*previous, *i)'
Assertion failed on expression: 'pred(*previous, *i)'
Assertion failed on expression: 'pred(*previous, *i)'
Assertion failed on expression: 'pred(*previous, *i)'
Assertion failed on expression: 'pred(*previous, *i)'
Assertion failed on expression: 'pred(*previous, *i)'
Assertion failed on expression: 'pred(*previous, *i)'
Assertion failed on expression: 'pred(*previous, *i)'
Assertion failed on expression: 'pred(*previous, *i)'
Assertion failed on expression: 'pred(*previous, *i)'
Assertion failed on expression: 'pred(*previous, *i)'
Assertion failed on expression: 'pred(*previous, *i)'
Assertion failed on expression: 'pred(*previous, *i)'
Assertion failed on expression: 'pred(*previous, *i)'
Assertion failed on expression: 'pred(*previous, *i)'
Assertion failed on expression: 'pred(*previous, *i)'
Assertion failed on expression: 'pred(*previous, *i)'
Assertion failed on expression: 'pred(*previous, *i)'
Assertion failed on expression: 'pred(*previous, *i)'
Assertion failed on expression: 'pred(*previous, *i)'
Assertion failed on expression: 'pred(*previous, *i)'
Assertion failed on expression: 'pred(*previous, *i)'
Assertion failed on expression: 'pred(*previous, *i)'
Assertion failed on expression: 'pred(*previous, *i)'
Assertion failed on expression: 'pred(*previous, *i)'
Assertion failed on expression: 'pred(*previous, *i)'
Assertion failed on expression: 'pred(*previous, *i)'
Assertion failed on expression: 'pred(*previous, *i)'
Assertion failed on expression: 'pred(*previous, *i)'
Assertion failed on expression: 'pred(*previous, *i)'
Assertion failed on expression: 'pred(*previous, *i)'
Assertion failed on expression: 'pred(*previous, *i)'
Assertion failed on expression: 'pred(*previous, *i)'
Assertion failed on expression: 'pred(*previous, *i)'
Assertion failed on expression: 'pred(*previous, *i)'
Assertion failed on expression: 'pred(*previous, *i)'
Assertion failed on expression: 'pred(*previous, *i)'
Assertion failed on expression: 'pred(*previous, *i)'
Assertion failed on expression: 'pred(*previous, *i)'
Assertion failed on expression: 'pred(*previous, *i)'
Assertion failed on expression: 'pred(*previous, *i)'
Assertion failed on expression: 'pred(*previous, *i)'
Assertion failed on expression: 'pred(*previous, *i)'
Assertion failed on expression: 'pred(*previous, *i)'
Assertion failed on expression: 'pred(*previous, *i)'
Assertion failed on expression: 'pred(*previous, *i)'
Assertion failed on expression: 'pred(*previous, *i)'
Assertion failed on expression: 'pred(*previous, *i)'
Assertion failed on expression: 'pred(*previous, *i)'
Assertion failed on expression: 'pred(*previous, *i)'
Assertion failed on expression: 'pred(*previous, *i)'
Assertion failed on expression: 'pred(*previous, *i)'
Assertion failed on expression: 'pred(*previous, *i)'
Assertion failed on expression: 'pred(*previous, *i)'
Assertion failed on expression: 'pred(*previous, *i)'
Assertion failed on expression: 'pred(*previous, *i)'
Assertion failed on expression: 'pred(*previous, *i)'
Assertion failed on expression: 'pred(*previous, *i)'
Assertion failed on expression: 'pred(*previous, *i)'
Assertion failed on expression: 'pred(*previous, *i)'
Assertion failed on expression: 'pred(*previous, *i)'
Assertion failed on expression: 'pred(*previous, *i)'
Assertion failed on expression: 'pred(*previous, *i)'
Assertion failed on expression: 'pred(*previous, *i)'
Assertion failed on expression: 'pred(*previous, *i)'
Assertion failed on expression: 'pred(*previous, *i)'
Assertion failed on expression: 'pred(*previous, *i)'
Assertion failed on expression: 'pred(*previous, *i)'
Assertion failed on expression: 'pred(*previous, *i)'
Assertion failed on expression: 'pred(*previous, *i)'
Assertion failed on expression: 'pred(*previous, *i)'
Assertion failed on expression: 'pred(*previous, *i)'
Assertion failed on expression: 'pred(*previous, *i)'
Assertion failed on expression: 'pred(*previous, *i)'
Assertion failed on expression: 'pred(*previous, *i)'
Assertion failed on expression: 'pred(*previous, *i)'
Assertion failed on expression: 'pred(*previous, *i)'
Assertion failed on expression: 'pred(*previous, *i)'
Assertion failed on expression: 'pred(*previous, *i)'
Assertion failed on expression: 'pred(*previous, *i)'
Assertion failed on expression: 'pred(*previous, *i)'
Assertion failed on expression: 'pred(*previous, *i)'
Assertion failed on expression: 'pred(*previous, *i)'
Assertion failed on expression: 'pred(*previous, *i)'
Assertion failed on expression: 'pred(*previous, *i)'
Assertion failed on expression: 'pred(*previous, *i)'
Assertion failed on expression: 'pred(*previous, *i)'
Assertion failed on expression: 'pred(*previous, *i)'
Assertion failed on expression: 'pred(*previous, *i)'
Assertion failed on expression: 'pred(*previous, *i)'
Assertion failed on expression: 'pred(*previous, *i)'
Assertion failed on expression: 'pred(*previous, *i)'
Assertion failed on expression: 'pred(*previous, *i)'
Assertion failed on expression: 'pred(*previous, *i)'
Assertion failed on expression: 'pred(*previous, *i)'
Assertion failed on expression: 'pred(*previous, *i)'
Assertion failed on expression: 'pred(*previous, *i)'
Assertion failed on expression: 'pred(*previous, *i)'
Assertion failed on expression: 'pred(*previous, *i)'
Assertion failed on expression: 'pred(*previous, *i)'
Assertion failed on expression: 'pred(*previous, *i)'
Assertion failed on expression: 'pred(*previous, *i)'
Assertion failed on expression: 'pred(*previous, *i)'
Assertion failed on expression: 'pred(*previous, *i)'
Assertion failed on expression: 'pred(*previous, *i)'
Assertion failed on expression: 'pred(*previous, *i)'
Assertion failed on expression: 'pred(*previous, *i)'
Assertion failed on expression: 'pred(*previous, *i)'
Assertion failed on expression: 'pred(*previous, *i)'
Assertion failed on expression: 'pred(*previous, *i)'
Assertion failed on expression: 'pred(*previous, *i)'
Assertion failed on expression: 'pred(*previous, *i)'
Assertion failed on expression: 'pred(*previous, *i)'
Assertion failed on expression: 'pred(*previous, *i)'
Assertion failed on expression: 'pred(*previous, *i)'
Assertion failed on expression: 'pred(*previous, *i)'
Assertion failed on expression: 'pred(*previous, *i)'
Assertion failed on expression: 'pred(*previous, *i)'
Assertion failed on expression: 'pred(*previous, *i)'
Assertion failed on expression: 'pred(*previous, *i)'
Assertion failed on expression: 'pred(*previous, *i)'
Assertion failed on expression: 'pred(*previous, *i)'
Assertion failed on expression: 'pred(*previous, *i)'
Assertion failed on expression: 'pred(*previous, *i)'
Assertion failed on expression: 'pred(*previous, *i)'
Assertion failed on expression: 'pred(*previous, *i)'
Assertion failed on expression: 'pred(*previous, *i)'
Assertion failed on expression: 'pred(*previous, *i)'
Assertion failed on expression: 'pred(*previous, *i)'
Assertion failed on expression: 'pred(*previous, *i)'
Assertion failed on expression: 'pred(*previous, *i)'
Assertion failed on expression: 'pred(*previous, *i)'
Assertion failed on expression: 'pred(*previous, *i)'
Assertion failed on expression: 'pred(*previous, *i)'
Assertion failed on expression: 'pred(*previous, *i)'
Assertion failed on expression: 'pred(*previous, *i)'
Assertion failed on expression: 'pred(*previous, *i)'
Assertion failed on expression: 'pred(*previous, *i)'
Assertion failed on expression: 'pred(*previous, *i)'
Assertion failed on expression: 'pred(*previous, *i)'
Assertion failed on expression: 'pred(*previous, *i)'
Assertion failed on expression: 'pred(*previous, *i)'
Assertion failed on expression: 'pred(*previous, *i)'
Assertion failed on expression: 'pred(*previous, *i)'
Assertion failed on expression: 'pred(*previous, *i)'
Assertion failed on expression: 'pred(*previous, *i)'
Assertion failed on expression: 'pred(*previous, *i)'
Assertion failed on expression: 'pred(*previous, *i)'
Assertion failed on expression: 'pred(*previous, *i)'
Assertion failed on expression: 'pred(*previous, *i)'
Assertion failed on expression: 'pred(*previous, *i)'
Assertion failed on expression: 'pred(*previous, *i)'
Assertion failed on expression: 'pred(*previous, *i)'
Assertion failed on expression: 'pred(*previous, *i)'
Assertion failed on expression: 'pred(*previous, *i)'
Assertion failed on expression: 'pred(*previous, *i)'
Assertion failed on expression: 'pred(*previous, *i)'
Assertion failed on expression: 'pred(*previous, *i)'
Assertion failed on expression: 'pred(*previous, *i)'
Assertion failed on expression: 'pred(*previous, *i)'
Assertion failed on expression: 'pred(*previous, *i)'
Assertion failed on expression: 'pred(*previous, *i)'
Assertion failed on expression: 'pred(*previous, *i)'
Assertion failed on expression: 'pred(*previous, *i)'
Assertion failed on expression: 'pred(*previous, *i)'
Assertion failed on expression: 'pred(*previous, *i)'
Assertion failed on expression: 'pred(*previous, *i)'
Assertion failed on expression: 'pred(*previous, *i)'
Assertion failed on expression: 'pred(*previous, *i)'
Assertion failed on expression: 'pred(*previous, *i)'
Assertion failed on expression: 'pred(*previous, *i)'
Assertion failed on expression: 'pred(*previous, *i)'
Assertion failed on expression: 'pred(*previous, *i)'
Assertion failed on expression: 'pred(*previous, *i)'
Assertion failed on expression: 'pred(*previous, *i)'
Assertion failed on expression: 'pred(*previous, *i)'
Assertion failed on expression: 'pred(*previous, *i)'
Assertion failed on expression: 'pred(*previous, *i)'
Assertion failed on expression: 'pred(*previous, *i)'
Assertion failed on expression: 'pred(*previous, *i)'
Assertion failed on expression: 'pred(*previous, *i)'
Assertion failed on expression: 'pred(*previous, *i)'
Assertion failed on expression: 'pred(*previous, *i)'
Assertion failed on expression: 'pred(*previous, *i)'
Assertion failed on expression: 'pred(*previous, *i)'
Assertion failed on expression: 'pred(*previous, *i)'
Assertion failed on expression: 'pred(*previous, *i)'
Assertion failed on expression: 'pred(*previous, *i)'
Assertion failed on expression: 'pred(*previous, *i)'
Assertion failed on expression: 'pred(*previous, *i)'
Assertion failed on expression: 'pred(*previous, *i)'
Assertion failed on expression: 'pred(*previous, *i)'
Assertion failed on expression: 'pred(*previous, *i)'
Assertion failed on expression: 'pred(*previous, *i)'
Assertion failed on expression: 'pred(*previous, *i)'
Assertion failed on expression: 'pred(*previous, *i)'
Assertion failed on expression: 'pred(*previous, *i)'
Assertion failed on expression: 'pred(*previous, *i)'
Assertion failed on expression: 'pred(*previous, *i)'
Assertion failed on expression: 'pred(*previous, *i)'
Assertion failed on expression: 'pred(*previous, *i)'
Assertion failed on expression: 'pred(*previous, *i)'
Assertion failed on expression: 'pred(*previous, *i)'
Assertion failed on expression: 'pred(*previous, *i)'
Assertion failed on expression: 'pred(*previous, *i)'
Assertion failed on expression: 'pred(*previous, *i)'
Assertion failed on expression: 'pred(*previous, *i)'
Assertion failed on expression: 'pred(*previous, *i)'
Assertion failed on expression: 'pred(*previous, *i)'
Assertion failed on expression: 'pred(*previous, *i)'
Assertion failed on expression: 'pred(*previous, *i)'
Assertion failed on expression: 'pred(*previous, *i)'
Assertion failed on expression: 'pred(*previous, *i)'
Assertion failed on expression: 'pred(*previous, *i)'
Assertion failed on expression: 'pred(*previous, *i)'
Assertion failed on expression: 'pred(*previous, *i)'
Assertion failed on expression: 'pred(*previous, *i)'
Assertion failed on expression: 'pred(*previous, *i)'
Assertion failed on expression: 'pred(*previous, *i)'
Assertion failed on expression: 'pred(*previous, *i)'
Assertion failed on expression: 'pred(*previous, *i)'
Assertion failed on expression: 'pred(*previous, *i)'
Assertion failed on expression: 'pred(*previous, *i)'
Assertion failed on expression: 'pred(*previous, *i)'
Assertion failed on expression: 'pred(*previous, *i)'
Assertion failed on expression: 'pred(*previous, *i)'
Assertion failed on expression: 'pred(*previous, *i)'
Assertion failed on expression: 'pred(*previous, *i)'
Assertion failed on expression: 'pred(*previous, *i)'
Assertion failed on expression: 'pred(*previous, *i)'
Assertion failed on expression: 'pred(*previous, *i)'
Assertion failed on expression: 'pred(*previous, *i)'
Assertion failed on expression: 'pred(*previous, *i)'
Assertion failed on expression: 'pred(*previous, *i)'
Assertion failed on expression: 'pred(*previous, *i)'
Assertion failed on expression: 'pred(*previous, *i)'
Assertion failed on expression: 'pred(*previous, *i)'
Assertion failed on expression: 'pred(*previous, *i)'
Assertion failed on expression: 'pred(*previous, *i)'
Assertion failed on expression: 'pred(*previous, *i)'
Assertion failed on expression: 'pred(*previous, *i)'
Assertion failed on expression: 'pred(*previous, *i)'
Assertion failed on expression: 'pred(*previous, *i)'
Assertion failed on expression: 'pred(*previous, *i)'
Assertion failed on expression: 'pred(*previous, *i)'
Assertion failed on expression: 'pred(*previous, *i)'
Assertion failed on expression: 'pred(*previous, *i)'
Assertion failed on expression: 'pred(*previous, *i)'
Assertion failed on expression: 'pred(*previous, *i)'
Assertion failed on expression: 'pred(*previous, *i)'
Assertion failed on expression: 'pred(*previous, *i)'
Assertion failed on expression: 'pred(*previous, *i)'
Assertion failed on expression: 'pred(*previous, *i)'
Assertion failed on expression: 'pred(*previous, *i)'
Assertion failed on expression: 'pred(*previous, *i)'
Assertion failed on expression: 'pred(*previous, *i)'
Assertion failed on expression: 'pred(*previous, *i)'
Assertion failed on expression: 'pred(*previous, *i)'
Assertion failed on expression: 'pred(*previous, *i)'
Assertion failed on expression: 'pred(*previous, *i)'
Assertion failed on expression: 'pred(*previous, *i)'
Assertion failed on expression: 'pred(*previous, *i)'
Assertion failed on expression: 'pred(*previous, *i)'
Assertion failed on expression: 'pred(*previous, *i)'
Assertion failed on expression: 'pred(*previous, *i)'
Assertion failed on expression: 'pred(*previous, *i)'
Assertion failed on expression: 'pred(*previous, *i)'
Assertion failed on expression: 'pred(*previous, *i)'
Assertion failed on expression: 'pred(*previous, *i)'
Assertion failed on expression: 'pred(*previous, *i)'
Assertion failed on expression: 'pred(*previous, *i)'
Assertion failed on expression: 'pred(*previous, *i)'
Assertion failed on expression: 'pred(*previous, *i)'
Assertion failed on expression: 'pred(*previous, *i)'
Assertion failed on expression: 'pred(*previous, *i)'
Assertion failed on expression: 'pred(*previous, *i)'
Assertion failed on expression: 'pred(*previous, *i)'
Assertion failed on expression: 'pred(*previous, *i)'
Assertion failed on expression: 'pred(*previous, *i)'
Assertion failed on expression: 'pred(*previous, *i)'
Assertion failed on expression: 'pred(*previous, *i)'
Assertion failed on expression: 'pred(*previous, *i)'
Assertion failed on expression: 'pred(*previous, *i)'
Assertion failed on expression: 'pred(*previous, *i)'
Assertion failed on expression: 'pred(*previous, *i)'
Assertion failed on expression: 'pred(*previous, *i)'
Assertion failed on expression: 'pred(*previous, *i)'
Assertion failed on expression: 'pred(*previous, *i)'
Assertion failed on expression: 'pred(*previous, *i)'
Assertion failed on expression: 'pred(*previous, *i)'
Assertion failed on expression: 'pred(*previous, *i)'
Assertion failed on expression: 'pred(*previous, *i)'
Assertion failed on expression: 'pred(*previous, *i)'
Assertion failed on expression: 'pred(*previous, *i)'
Assertion failed on expression: 'pred(*previous, *i)'
Assertion failed on expression: 'pred(*previous, *i)'
Assertion failed on expression: 'pred(*previous, *i)'
Assertion failed on expression: 'pred(*previous, *i)'
Assertion failed on expression: 'pred(*previous, *i)'
Assertion failed on expression: 'pred(*previous, *i)'
Assertion failed on expression: 'pred(*previous, *i)'
Assertion failed on expression: 'pred(*previous, *i)'
Assertion failed on expression: 'pred(*previous, *i)'
Assertion failed on expression: 'pred(*previous, *i)'
Assertion failed on expression: 'pred(*previous, *i)'
Assertion failed on expression: 'pred(*previous, *i)'
Assertion failed on expression: 'pred(*previous, *i)'
Assertion failed on expression: 'pred(*previous, *i)'
Assertion failed on expression: 'pred(*previous, *i)'
Assertion failed on expression: 'pred(*previous, *i)'
Assertion failed on expression: 'pred(*previous, *i)'
Assertion failed on expression: 'pred(*previous, *i)'
Assertion failed on expression: 'pred(*previous, *i)'
Assertion failed on expression: 'pred(*previous, *i)'
Assertion failed on expression: 'pred(*previous, *i)'
Assertion failed on expression: 'pred(*previous, *i)'
Assertion failed on expression: 'pred(*previous, *i)'
Assertion failed on expression: 'pred(*previous, *i)'
Assertion failed on expression: 'pred(*previous, *i)'
Assertion failed on expression: 'pred(*previous, *i)'
Assertion failed on expression: 'pred(*previous, *i)'
Assertion failed on expression: 'pred(*previous, *i)'
Assertion failed on expression: 'pred(*previous, *i)'
Assertion failed on expression: 'pred(*previous, *i)'
Assertion failed on expression: 'pred(*previous, *i)'
Assertion failed on expression: 'pred(*previous, *i)'
Assertion failed on expression: 'pred(*previous, *i)'
Assertion failed on expression: 'pred(*previous, *i)'
Assertion failed on expression: 'pred(*previous, *i)'
Assertion failed on expression: 'pred(*previous, *i)'
Assertion failed on expression: 'pred(*previous, *i)'
Assertion failed on expression: 'pred(*previous, *i)'
Assertion failed on expression: 'pred(*previous, *i)'
Assertion failed on expression: 'pred(*previous, *i)'
Assertion failed on expression: 'pred(*previous, *i)'
Assertion failed on expression: 'pred(*previous, *i)'
Assertion failed on expression: 'pred(*previous, *i)'
Assertion failed on expression: 'pred(*previous, *i)'
Assertion failed on expression: 'pred(*previous, *i)'
Assertion failed on expression: 'pred(*previous, *i)'
Assertion failed on expression: 'pred(*previous, *i)'
Assertion failed on expression: 'pred(*previous, *i)'
Assertion failed on expression: 'pred(*previous, *i)'
Assertion failed on expression: 'pred(*previous, *i)'
Assertion failed on expression: 'pred(*previous, *i)'
Assertion failed on expression: 'pred(*previous, *i)'
Assertion failed on expression: 'pred(*previous, *i)'
Assertion failed on expression: 'pred(*previous, *i)'
Assertion failed on expression: 'pred(*previous, *i)'
Assertion failed on expression: 'pred(*previous, *i)'
Assertion failed on expression: 'pred(*previous, *i)'
Assertion failed on expression: 'pred(*previous, *i)'
Assertion failed on expression: 'pred(*previous, *i)'
Assertion failed on expression: 'pred(*previous, *i)'
Assertion failed on expression: 'pred(*previous, *i)'
Assertion failed on expression: 'pred(*previous, *i)'
Assertion failed on expression: 'pred(*previous, *i)'
Assertion failed on expression: 'pred(*previous, *i)'
Assertion failed on expression: 'pred(*previous, *i)'
Assertion failed on expression: 'pred(*previous, *i)'
Assertion failed on expression: 'pred(*previous, *i)'
Assertion failed on expression: 'pred(*previous, *i)'
Assertion failed on expression: 'pred(*previous, *i)'
Assertion failed on expression: 'pred(*previous, *i)'
Assertion failed on expression: 'pred(*previous, *i)'
Assertion failed on expression: 'pred(*previous, *i)'
Assertion failed on expression: 'pred(*previous, *i)'
Assertion failed on expression: 'pred(*previous, *i)'
Assertion failed on expression: 'pred(*previous, *i)'
Assertion failed on expression: 'pred(*previous, *i)'
Assertion failed on expression: 'pred(*previous, *i)'
Assertion failed on expression: 'pred(*previous, *i)'
Assertion failed on expression: 'pred(*previous, *i)'
Assertion failed on expression: 'pred(*previous, *i)'
Assertion failed on expression: 'pred(*previous, *i)'
Assertion failed on expression: 'pred(*previous, *i)'
Assertion failed on expression: 'pred(*previous, *i)'
Assertion failed on expression: 'pred(*previous, *i)'
Assertion failed on expression: 'pred(*previous, *i)'
Assertion failed on expression: 'pred(*previous, *i)'
Assertion failed on expression: 'pred(*previous, *i)'
Assertion failed on expression: 'pred(*previous, *i)'
Assertion failed on expression: 'pred(*previous, *i)'
Assertion failed on expression: 'pred(*previous, *i)'
Assertion failed on expression: 'pred(*previous, *i)'
Assertion failed on expression: 'pred(*previous, *i)'
Assertion failed on expression: 'pred(*previous, *i)'
Assertion failed on expression: 'pred(*previous, *i)'
Assertion failed on expression: 'pred(*previous, *i)'
Assertion failed on expression: 'pred(*previous, *i)'
Assertion failed on expression: 'pred(*previous, *i)'
Assertion failed on expression: 'pred(*previous, *i)'
Assertion failed on expression: 'pred(*previous, *i)'
Assertion failed on expression: 'pred(*previous, *i)'
Assertion failed on expression: 'pred(*previous, *i)'
Assertion failed on expression: 'pred(*previous, *i)'
Assertion failed on expression: 'pred(*previous, *i)'
Assertion failed on expression: 'pred(*previous, *i)'
Assertion failed on expression: 'pred(*previous, *i)'
Assertion failed on expression: 'pred(*previous, *i)'
Assertion failed on expression: 'pred(*previous, *i)'
Assertion failed on expression: 'pred(*previous, *i)'
Assertion failed on expression: 'pred(*previous, *i)'
Assertion failed on expression: 'pred(*previous, *i)'
Assertion failed on expression: 'pred(*previous, *i)'
Assertion failed on expression: 'pred(*previous, *i)'
Assertion failed on expression: 'pred(*previous, *i)'
Assertion failed on expression: 'pred(*previous, *i)'
Assertion failed on expression: 'pred(*previous, *i)'
Assertion failed on expression: 'pred(*previous, *i)'
Assertion failed on expression: 'pred(*previous, *i)'
Assertion failed on expression: 'pred(*previous, *i)'
Assertion failed on expression: 'pred(*previous, *i)'
Assertion failed on expression: 'pred(*previous, *i)'
Assertion failed on expression: 'pred(*previous, *i)'
Assertion failed on expression: 'pred(*previous, *i)'
Assertion failed on expression: 'pred(*previous, *i)'
Assertion failed on expression: 'pred(*previous, *i)'
Assertion failed on expression: 'pred(*previous, *i)'
Assertion failed on expression: 'pred(*previous, *i)'
Assertion failed on expression: 'pred(*previous, *i)'
Assertion failed on expression: 'pred(*previous, *i)'
Assertion failed on expression: 'pred(*previous, *i)'
Assertion failed on expression: 'pred(*previous, *i)'
Assertion failed on expression: 'pred(*previous, *i)'
Assertion failed on expression: 'pred(*previous, *i)'
Assertion failed on expression: 'pred(*previous, *i)'
Assertion failed on expression: 'pred(*previous, *i)'
Assertion failed on expression: 'pred(*previous, *i)'
Assertion failed on expression: 'pred(*previous, *i)'
Assertion failed on expression: 'pred(*previous, *i)'
Assertion failed on expression: 'pred(*previous, *i)'
Assertion failed on expression: 'pred(*previous, *i)'
Assertion failed on expression: 'pred(*previous, *i)'
Assertion failed on expression: 'pred(*previous, *i)'
Assertion failed on expression: 'pred(*previous, *i)'
Assertion failed on expression: 'pred(*previous, *i)'
Assertion failed on expression: 'pred(*previous, *i)'
Assertion failed on expression: 'pred(*previous, *i)'
Assertion failed on expression: 'pred(*previous, *i)'
Assertion failed on expression: 'pred(*previous, *i)'
Assertion failed on expression: 'pred(*previous, *i)'
Assertion failed on expression: 'pred(*previous, *i)'
Assertion failed on expression: 'pred(*previous, *i)'
Assertion failed on expression: 'pred(*previous, *i)'
Assertion failed on expression: 'pred(*previous, *i)'
Assertion failed on expression: 'pred(*previous, *i)'
Assertion failed on expression: 'pred(*previous, *i)'
Assertion failed on expression: 'pred(*previous, *i)'
Assertion failed on expression: 'pred(*previous, *i)'
Assertion failed on expression: 'pred(*previous, *i)'
Assertion failed on expression: 'pred(*previous, *i)'
Assertion failed on expression: 'pred(*previous, *i)'
Assertion failed on expression: 'pred(*previous, *i)'
Assertion failed on expression: 'pred(*previous, *i)'
Assertion failed on expression: 'pred(*previous, *i)'
Assertion failed on expression: 'pred(*previous, *i)'
Assertion failed on expression: 'pred(*previous, *i)'
Assertion failed on expression: 'pred(*previous, *i)'
Assertion failed on expression: 'pred(*previous, *i)'
Assertion failed on expression: 'pred(*previous, *i)'
Assertion failed on expression: 'pred(*previous, *i)'
Assertion failed on expression: 'pred(*previous, *i)'
Assertion failed on expression: 'pred(*previous, *i)'
Assertion failed on expression: 'pred(*previous, *i)'
Assertion failed on expression: 'pred(*previous, *i)'
Assertion failed on expression: 'pred(*previous, *i)'
Assertion failed on expression: 'pred(*previous, *i)'
Assertion failed on expression: 'pred(*previous, *i)'
Assertion failed on expression: 'pred(*previous, *i)'
Assertion failed on expression: 'pred(*previous, *i)'
Assertion failed on expression: 'pred(*previous, *i)'
Assertion failed on expression: 'pred(*previous, *i)'
Assertion failed on expression: 'pred(*previous, *i)'
Assertion failed on expression: 'pred(*previous, *i)'
Assertion failed on expression: 'pred(*previous, *i)'
Assertion failed on expression: 'pred(*previous, *i)'
Assertion failed on expression: 'pred(*previous, *i)'
Assertion failed on expression: 'pred(*previous, *i)'
Assertion failed on expression: 'pred(*previous, *i)'
Assertion failed on expression: 'pred(*previous, *i)'
Assertion failed on expression: 'pred(*previous, *i)'
Assertion failed on expression: 'pred(*previous, *i)'
Assertion failed on expression: 'pred(*previous, *i)'
Assertion failed on expression: 'pred(*previous, *i)'
Assertion failed on expression: 'pred(*previous, *i)'
Assertion failed on expression: 'pred(*previous, *i)'
Assertion failed on expression: 'pred(*previous, *i)'
Assertion failed on expression: 'pred(*previous, *i)'
Assertion failed on expression: 'pred(*previous, *i)'
Assertion failed on expression: 'pred(*previous, *i)'
Assertion failed on expression: 'pred(*previous, *i)'
Assertion failed on expression: 'pred(*previous, *i)'
Assertion failed on expression: 'pred(*previous, *i)'
Assertion failed on expression: 'pred(*previous, *i)'
Assertion failed on expression: 'pred(*previous, *i)'
Assertion failed on expression: 'pred(*previous, *i)'
Assertion failed on expression: 'pred(*previous, *i)'
Assertion failed on expression: 'pred(*previous, *i)'
Assertion failed on expression: 'pred(*previous, *i)'
Assertion failed on expression: 'pred(*previous, *i)'
Assertion failed on expression: 'pred(*previous, *i)'
Assertion failed on expression: 'pred(*previous, *i)'
Assertion failed on expression: 'pred(*previous, *i)'
Assertion failed on expression: 'pred(*previous, *i)'
Assertion failed on expression: 'pred(*previous, *i)'
Assertion failed on expression: 'pred(*previous, *i)'
Assertion failed on expression: 'pred(*previous, *i)'
Assertion failed on expression: 'pred(*previous, *i)'
Assertion failed on expression: 'pred(*previous, *i)'
Assertion failed on expression: 'pred(*previous, *i)'
Assertion failed on expression: 'pred(*previous, *i)'
Assertion failed on expression: 'pred(*previous, *i)'
Assertion failed on expression: 'pred(*previous, *i)'
Assertion failed on expression: 'pred(*previous, *i)'
Assertion failed on expression: 'pred(*previous, *i)'
Assertion failed on expression: 'pred(*previous, *i)'
Assertion failed on expression: 'pred(*previous, *i)'
Assertion failed on expression: 'pred(*previous, *i)'
Assertion failed on expression: 'pred(*previous, *i)'
Assertion failed on expression: 'pred(*previous, *i)'
Assertion failed on expression: 'pred(*previous, *i)'
Assertion failed on expression: 'pred(*previous, *i)'
Assertion failed on expression: 'pred(*previous, *i)'
Assertion failed on expression: 'pred(*previous, *i)'
Assertion failed on expression: 'pred(*previous, *i)'
Assertion failed on expression: 'pred(*previous, *i)'
Assertion failed on expression: 'pred(*previous, *i)'
Assertion failed on expression: 'pred(*previous, *i)'
Assertion failed on expression: 'pred(*previous, *i)'
Assertion failed on expression: 'pred(*previous, *i)'
Assertion failed on expression: 'pred(*previous, *i)'
Assertion failed on expression: 'pred(*previous, *i)'
Assertion failed on expression: 'pred(*previous, *i)'
Assertion failed on expression: 'pred(*previous, *i)'
Assertion failed on expression: 'pred(*previous, *i)'
Assertion failed on expression: 'pred(*previous, *i)'
Assertion failed on expression: 'pred(*previous, *i)'
Assertion failed on expression: 'pred(*previous, *i)'
Assertion failed on expression: 'pred(*previous, *i)'
Assertion failed on expression: 'pred(*previous, *i)'
Assertion failed on expression: 'pred(*previous, *i)'
Assertion failed on expression: 'pred(*previous, *i)'
Assertion failed on expression: 'pred(*previous, *i)'
Assertion failed on expression: 'pred(*previous, *i)'
Assertion failed on expression: 'pred(*previous, *i)'
Assertion failed on expression: 'pred(*previous, *i)'
Assertion failed on expression: 'pred(*previous, *i)'
Assertion failed on expression: 'pred(*previous, *i)'
Assertion failed on expression: 'pred(*previous, *i)'
Assertion failed on expression: 'pred(*previous, *i)'
Assertion failed on expression: 'pred(*previous, *i)'
Assertion failed on expression: 'pred(*previous, *i)'
Assertion failed on expression: 'pred(*previous, *i)'
Assertion failed on expression: 'pred(*previous, *i)'
Assertion failed on expression: 'pred(*previous, *i)'
Assertion failed on expression: 'pred(*previous, *i)'
Assertion failed on expression: 'pred(*previous, *i)'
Assertion failed on expression: 'pred(*previous, *i)'
Assertion failed on expression: 'pred(*previous, *i)'
Assertion failed on expression: 'pred(*previous, *i)'
Assertion failed on expression: 'pred(*previous, *i)'
Assertion failed on expression: 'pred(*previous, *i)'
Assertion failed on expression: 'pred(*previous, *i)'
Assertion failed on expression: 'pred(*previous, *i)'
Assertion failed on expression: 'pred(*previous, *i)'
Assertion failed on expression: 'pred(*previous, *i)'
Assertion failed on expression: 'pred(*previous, *i)'
Assertion failed on expression: 'pred(*previous, *i)'
Assertion failed on expression: 'pred(*previous, *i)'
Assertion failed on expression: 'pred(*previous, *i)'
Assertion failed on expression: 'pred(*previous, *i)'
Assertion failed on expression: 'pred(*previous, *i)'
Assertion failed on expression: 'pred(*previous, *i)'
Assertion failed on expression: 'pred(*previous, *i)'
Assertion failed on expression: 'pred(*previous, *i)'
Assertion failed on expression: 'pred(*previous, *i)'
Assertion failed on expression: 'pred(*previous, *i)'
Assertion failed on expression: 'pred(*previous, *i)'
Assertion failed on expression: 'pred(*previous, *i)'
Assertion failed on expression: 'pred(*previous, *i)'
Assertion failed on expression: 'pred(*previous, *i)'
Assertion failed on expression: 'pred(*previous, *i)'
Assertion failed on expression: 'pred(*previous, *i)'
Assertion failed on expression: 'pred(*previous, *i)'
Assertion failed on expression: 'pred(*previous, *i)'
Assertion failed on expression: 'pred(*previous, *i)'
Assertion failed on expression: 'pred(*previous, *i)'
Assertion failed on expression: 'pred(*previous, *i)'
Assertion failed on expression: 'pred(*previous, *i)'
Assertion failed on expression: 'pred(*previous, *i)'
Assertion failed on expression: 'pred(*previous, *i)'
Assertion failed on expression: 'pred(*previous, *i)'
Assertion failed on expression: 'pred(*previous, *i)'
Assertion failed on expression: 'pred(*previous, *i)'
Assertion failed on expression: 'pred(*previous, *i)'
Assertion failed on expression: 'pred(*previous, *i)'
Assertion failed on expression: 'pred(*previous, *i)'
Assertion failed on expression: 'pred(*previous, *i)'
Assertion failed on expression: 'pred(*previous, *i)'
Assertion failed on expression: 'pred(*previous, *i)'
Assertion failed on expression: 'pred(*previous, *i)'
Assertion failed on expression: 'pred(*previous, *i)'
Assertion failed on expression: 'pred(*previous, *i)'
Assertion failed on expression: 'pred(*previous, *i)'
Assertion failed on expression: 'pred(*previous, *i)'
Assertion failed on expression: 'pred(*previous, *i)'
Assertion failed on expression: 'pred(*previous, *i)'
Assertion failed on expression: 'pred(*previous, *i)'
Assertion failed on expression: 'pred(*previous, *i)'
Assertion failed on expression: 'pred(*previous, *i)'
Assertion failed on expression: 'pred(*previous, *i)'
Assertion failed on expression: 'pred(*previous, *i)'
Assertion failed on expression: 'pred(*previous, *i)'
Assertion failed on expression: 'pred(*previous, *i)'
Assertion failed on expression: 'pred(*previous, *i)'
Assertion failed on expression: 'pred(*previous, *i)'
Assertion failed on expression: 'pred(*previous, *i)'
Assertion failed on expression: 'pred(*previous, *i)'
Assertion failed on expression: 'pred(*previous, *i)'
Assertion failed on expression: 'pred(*previous, *i)'
Assertion failed on expression: 'pred(*previous, *i)'
Assertion failed on expression: 'pred(*previous, *i)'
Assertion failed on expression: 'pred(*previous, *i)'
Assertion failed on expression: 'pred(*previous, *i)'
Assertion failed on expression: 'pred(*previous, *i)'
Assertion failed on expression: 'pred(*previous, *i)'
Assertion failed on expression: 'pred(*previous, *i)'
Assertion failed on expression: 'pred(*previous, *i)'
Assertion failed on expression: 'pred(*previous, *i)'
Assertion failed on expression: 'pred(*previous, *i)'
Assertion failed on expression: 'pred(*previous, *i)'
Assertion failed on expression: 'pred(*previous, *i)'
Assertion failed on expression: 'pred(*previous, *i)'
Assertion failed on expression: 'pred(*previous, *i)'
Assertion failed on expression: 'pred(*previous, *i)'
Assertion failed on expression: 'pred(*previous, *i)'
Assertion failed on expression: 'pred(*previous, *i)'
Assertion failed on expression: 'pred(*previous, *i)'
Assertion failed on expression: 'pred(*previous, *i)'
Assertion failed on expression: 'pred(*previous, *i)'
Assertion failed on expression: 'pred(*previous, *i)'
Assertion failed on expression: 'pred(*previous, *i)'
Assertion failed on expression: 'pred(*previous, *i)'
Assertion failed on expression: 'pred(*previous, *i)'
Assertion failed on expression: 'pred(*previous, *i)'
Assertion failed on expression: 'pred(*previous, *i)'
Assertion failed on expression: 'pred(*previous, *i)'
Assertion failed on expression: 'pred(*previous, *i)'
Assertion failed on expression: 'pred(*previous, *i)'
Assertion failed on expression: 'pred(*previous, *i)'
Assertion failed on expression: 'pred(*previous, *i)'
Assertion failed on expression: 'pred(*previous, *i)'
Assertion failed on expression: 'pred(*previous, *i)'
Assertion failed on expression: 'pred(*previous, *i)'
Assertion failed on expression: 'pred(*previous, *i)'
Assertion failed on expression: 'pred(*previous, *i)'
Assertion failed on expression: 'pred(*previous, *i)'
Assertion failed on expression: 'pred(*previous, *i)'
Assertion failed on expression: 'pred(*previous, *i)'
Assertion failed on expression: 'pred(*previous, *i)'
Assertion failed on expression: 'pred(*previous, *i)'
Assertion failed on expression: 'pred(*previous, *i)'
Assertion failed on expression: 'pred(*previous, *i)'
Assertion failed on expression: 'pred(*previous, *i)'
Assertion failed on expression: 'pred(*previous, *i)'
Assertion failed on expression: 'pred(*previous, *i)'
Assertion failed on expression: 'pred(*previous, *i)'
Assertion failed on expression: 'pred(*previous, *i)'
Assertion failed on expression: 'pred(*previous, *i)'
Assertion failed on expression: 'pred(*previous, *i)'
Assertion failed on expression: 'pred(*previous, *i)'
Assertion failed on expression: 'pred(*previous, *i)'
Assertion failed on expression: 'pred(*previous, *i)'
Assertion failed on expression: 'pred(*previous, *i)'
Assertion failed on expression: 'pred(*previous, *i)'
Assertion failed on expression: 'pred(*previous, *i)'
Assertion failed on expression: 'pred(*previous, *i)'
Assertion failed on expression: 'pred(*previous, *i)'
Assertion failed on expression: 'pred(*previous, *i)'
Assertion failed on expression: 'pred(*previous, *i)'
Assertion failed on expression: 'pred(*previous, *i)'
Assertion failed on expression: 'pred(*previous, *i)'
Assertion failed on expression: 'pred(*previous, *i)'
Assertion failed on expression: 'pred(*previous, *i)'
Assertion failed on expression: 'pred(*previous, *i)'
Assertion failed on expression: 'pred(*previous, *i)'
Assertion failed on expression: 'pred(*previous, *i)'
Assertion failed on expression: 'pred(*previous, *i)'
Assertion failed on expression: 'pred(*previous, *i)'
Assertion failed on expression: 'pred(*previous, *i)'
Assertion failed on expression: 'pred(*previous, *i)'
Assertion failed on expression: 'pred(*previous, *i)'
Assertion failed on expression: 'pred(*previous, *i)'
Assertion failed on expression: 'pred(*previous, *i)'
Assertion failed on expression: 'pred(*previous, *i)'
Assertion failed on expression: 'pred(*previous, *i)'
Assertion failed on expression: 'pred(*previous, *i)'
Assertion failed on expression: 'pred(*previous, *i)'
Assertion failed on expression: 'pred(*previous, *i)'
Assertion failed on expression: 'pred(*previous, *i)'
Assertion failed on expression: 'pred(*previous, *i)'
Assertion failed on expression: 'pred(*previous, *i)'
Assertion failed on expression: 'pred(*previous, *i)'
Assertion failed on expression: 'pred(*previous, *i)'
Assertion failed on expression: 'pred(*previous, *i)'
Assertion failed on expression: 'pred(*previous, *i)'
Assertion failed on expression: 'pred(*previous, *i)'
Assertion failed on expression: 'pred(*previous, *i)'
Assertion failed on expression: 'pred(*previous, *i)'
Assertion failed on expression: 'pred(*previous, *i)'
Assertion failed on expression: 'pred(*previous, *i)'
Assertion failed on expression: 'pred(*previous, *i)'
Assertion failed on expression: 'pred(*previous, *i)'
Assertion failed on expression: 'pred(*previous, *i)'
Assertion failed on expression: 'pred(*previous, *i)'
Assertion failed on expression: 'pred(*previous, *i)'
Assertion failed on expression: 'pred(*previous, *i)'
Assertion failed on expression: 'pred(*previous, *i)'
Assertion failed on expression: 'pred(*previous, *i)'
Assertion failed on expression: 'pred(*previous, *i)'
Assertion failed on expression: 'pred(*previous, *i)'
Assertion failed on expression: 'pred(*previous, *i)'
Assertion failed on expression: 'pred(*previous, *i)'
Assertion failed on expression: 'pred(*previous, *i)'
Assertion failed on expression: 'pred(*previous, *i)'
Assertion failed on expression: 'pred(*previous, *i)'
Assertion failed on expression: 'pred(*previous, *i)'
Assertion failed on expression: 'pred(*previous, *i)'
Assertion failed on expression: 'pred(*previous, *i)'
Assertion failed on expression: 'pred(*previous, *i)'
Assertion failed on expression: 'pred(*previous, *i)'
Assertion failed on expression: 'pred(*previous, *i)'
Assertion failed on expression: 'pred(*previous, *i)'
Assertion failed on expression: 'pred(*previous, *i)'
Assertion failed on expression: 'pred(*previous, *i)'
Assertion failed on expression: 'pred(*previous, *i)'
Assertion failed on expression: 'pred(*previous, *i)'
Assertion failed on expression: 'pred(*previous, *i)'
Assertion failed on expression: 'pred(*previous, *i)'
Assertion failed on expression: 'pred(*previous, *i)'
Assertion failed on expression: 'pred(*previous, *i)'
Assertion failed on expression: 'pred(*previous, *i)'
Assertion failed on expression: 'pred(*previous, *i)'
Assertion failed on expression: 'pred(*previous, *i)'
Assertion failed on expression: 'pred(*previous, *i)'
Assertion failed on expression: 'pred(*previous, *i)'
Assertion failed on expression: 'pred(*previous, *i)'
Assertion failed on expression: 'pred(*previous, *i)'
Assertion failed on expression: 'pred(*previous, *i)'
Assertion failed on expression: 'pred(*previous, *i)'
Assertion failed on expression: 'pred(*previous, *i)'
Assertion failed on expression: 'pred(*previous, *i)'
Assertion failed on expression: 'pred(*previous, *i)'
Assertion failed on expression: 'pred(*previous, *i)'
Assertion failed on expression: 'pred(*previous, *i)'
Assertion failed on expression: 'pred(*previous, *i)'
Assertion failed on expression: 'pred(*previous, *i)'
Assertion failed on expression: 'pred(*previous, *i)'
Assertion failed on expression: 'pred(*previous, *i)'
Assertion failed on expression: 'pred(*previous, *i)'
Assertion failed on expression: 'pred(*previous, *i)'
Assertion failed on expression: 'pred(*previous, *i)'
Assertion failed on expression: 'pred(*previous, *i)'
Assertion failed on expression: 'pred(*previous, *i)'
Assertion failed on expression: 'pred(*previous, *i)'
Assertion failed on expression: 'pred(*previous, *i)'
Assertion failed on expression: 'pred(*previous, *i)'
Assertion failed on expression: 'pred(*previous, *i)'
Assertion failed on expression: 'pred(*previous, *i)'
Assertion failed on expression: 'pred(*previous, *i)'
Assertion failed on expression: 'pred(*previous, *i)'
Assertion failed on expression: 'pred(*previous, *i)'
Assertion failed on expression: 'pred(*previous, *i)'
Assertion failed on expression: 'pred(*previous, *i)'
Assertion failed on expression: 'pred(*previous, *i)'
Assertion failed on expression: 'pred(*previous, *i)'
Assertion failed on expression: 'pred(*previous, *i)'
Assertion failed on expression: 'pred(*previous, *i)'
Assertion failed on expression: 'pred(*previous, *i)'
Assertion failed on expression: 'pred(*previous, *i)'
Assertion failed on expression: 'pred(*previous, *i)'
Assertion failed on expression: 'pred(*previous, *i)'
Assertion failed on expression: 'pred(*previous, *i)'
Assertion failed on expression: 'pred(*previous, *i)'
Assertion failed on expression: 'pred(*previous, *i)'
Assertion failed on expression: 'pred(*previous, *i)'
Assertion failed on expression: 'pred(*previous, *i)'
Assertion failed on expression: 'pred(*previous, *i)'
Assertion failed on expression: 'pred(*previous, *i)'
Assertion failed on expression: 'pred(*previous, *i)'
Assertion failed on expression: 'pred(*previous, *i)'
Assertion failed on expression: 'pred(*previous, *i)'
Assertion failed on expression: 'pred(*previous, *i)'
Assertion failed on expression: 'pred(*previous, *i)'
Assertion failed on expression: 'pred(*previous, *i)'
Assertion failed on expression: 'pred(*previous, *i)'
Assertion failed on expression: 'pred(*previous, *i)'
Assertion failed on expression: 'pred(*previous, *i)'
Assertion failed on expression: 'pred(*previous, *i)'
Assertion failed on expression: 'pred(*previous, *i)'
Assertion failed on expression: 'pred(*previous, *i)'
Assertion failed on expression: 'pred(*previous, *i)'
Assertion failed on expression: 'pred(*previous, *i)'
Assertion failed on expression: 'pred(*previous, *i)'
Assertion failed on expression: 'pred(*previous, *i)'
Assertion failed on expression: 'pred(*previous, *i)'
Assertion failed on expression: 'pred(*previous, *i)'
Assertion failed on expression: 'pred(*previous, *i)'
Assertion failed on expression: 'pred(*previous, *i)'
Assertion failed on expression: 'pred(*previous, *i)'
Assertion failed on expression: 'pred(*previous, *i)'
Assertion failed on expression: 'pred(*previous, *i)'
Assertion failed on expression: 'pred(*previous, *i)'
Assertion failed on expression: 'pred(*previous, *i)'
Assertion failed on expression: 'pred(*previous, *i)'
Assertion failed on expression: 'pred(*previous, *i)'
Assertion failed on expression: 'pred(*previous, *i)'
Assertion failed on expression: 'pred(*previous, *i)'
Assertion failed on expression: 'pred(*previous, *i)'
Assertion failed on expression: 'pred(*previous, *i)'
Assertion failed on expression: 'pred(*previous, *i)'
Assertion failed on expression: 'pred(*previous, *i)'
Assertion failed on expression: 'pred(*previous, *i)'
Assertion failed on expression: 'pred(*previous, *i)'
Assertion failed on expression: 'pred(*previous, *i)'
Assertion failed on expression: 'pred(*previous, *i)'
Assertion failed on expression: 'pred(*previous, *i)'
Assertion failed on expression: 'pred(*previous, *i)'
Assertion failed on expression: 'pred(*previous, *i)'
Assertion failed on expression: 'pred(*previous, *i)'
Assertion failed on expression: 'pred(*previous, *i)'
Assertion failed on expression: 'pred(*previous, *i)'
Assertion failed on expression: 'pred(*previous, *i)'
Assertion failed on expression: 'pred(*previous, *i)'
Assertion failed on expression: 'pred(*previous, *i)'
Assertion failed on expression: 'pred(*previous, *i)'
Assertion failed on expression: 'pred(*previous, *i)'
Assertion failed on expression: 'pred(*previous, *i)'
Assertion failed on expression: 'pred(*previous, *i)'
Assertion failed on expression: 'pred(*previous, *i)'
Assertion failed on expression: 'pred(*previous, *i)'
Assertion failed on expression: 'pred(*previous, *i)'
Assertion failed on expression: 'pred(*previous, *i)'
Assertion failed on expression: 'pred(*previous, *i)'
Assertion failed on expression: 'pred(*previous, *i)'
Assertion failed on expression: 'pred(*previous, *i)'
Assertion failed on expression: 'pred(*previous, *i)'
Assertion failed on expression: 'pred(*previous, *i)'
Assertion failed on expression: 'pred(*previous, *i)'
Assertion failed on expression: 'pred(*previous, *i)'
Assertion failed on expression: 'pred(*previous, *i)'
Assertion failed on expression: 'pred(*previous, *i)'
Assertion failed on expression: 'pred(*previous, *i)'
Assertion failed on expression: 'pred(*previous, *i)'
Assertion failed on expression: 'pred(*previous, *i)'
Assertion failed on expression: 'pred(*previous, *i)'
Assertion failed on expression: 'pred(*previous, *i)'
Assertion failed on expression: 'pred(*previous, *i)'
Assertion failed on expression: 'pred(*previous, *i)'
Assertion failed on expression: 'pred(*previous, *i)'
Assertion failed on expression: 'pred(*previous, *i)'
Assertion failed on expression: 'pred(*previous, *i)'
Assertion failed on expression: 'pred(*previous, *i)'
Assertion failed on expression: 'pred(*previous, *i)'
Assertion failed on expression: 'pred(*previous, *i)'
Assertion failed on expression: 'pred(*previous, *i)'
Assertion failed on expression: 'pred(*previous, *i)'
Assertion failed on expression: 'pred(*previous, *i)'
Assertion failed on expression: 'pred(*previous, *i)'
Assertion failed on expression: 'pred(*previous, *i)'
Assertion failed on expression: 'pred(*previous, *i)'
Assertion failed on expression: 'pred(*previous, *i)'
Assertion failed on expression: 'pred(*previous, *i)'
Assertion failed on expression: 'pred(*previous, *i)'
Assertion failed on expression: 'pred(*previous, *i)'
Assertion failed on expression: 'pred(*previous, *i)'
Assertion failed on expression: 'pred(*previous, *i)'
Assertion failed on expression: 'pred(*previous, *i)'
Assertion failed on expression: 'pred(*previous, *i)'
Assertion failed on expression: 'pred(*previous, *i)'
Assertion failed on expression: 'pred(*previous, *i)'
Assertion failed on expression: 'pred(*previous, *i)'
Assertion failed on expression: 'pred(*previous, *i)'
Assertion failed on expression: 'pred(*previous, *i)'
Assertion failed on expression: 'pred(*previous, *i)'
Assertion failed on expression: 'pred(*previous, *i)'
Assertion failed on expression: 'pred(*previous, *i)'
Assertion failed on expression: 'pred(*previous, *i)'
Assertion failed on expression: 'pred(*previous, *i)'
Assertion failed on expression: 'pred(*previous, *i)'
Assertion failed on expression: 'pred(*previous, *i)'
Assertion failed on expression: 'pred(*previous, *i)'
Assertion failed on expression: 'pred(*previous, *i)'
Assertion failed on expression: 'pred(*previous, *i)'
Assertion failed on expression: 'pred(*previous, *i)'
Assertion failed on expression: 'pred(*previous, *i)'
Assertion failed on expression: 'pred(*previous, *i)'
Assertion failed on expression: 'pred(*previous, *i)'
Assertion failed on expression: 'pred(*previous, *i)'
Assertion failed on expression: 'pred(*previous, *i)'
Assertion failed on expression: 'pred(*previous, *i)'
Assertion failed on expression: 'pred(*previous, *i)'
Assertion failed on expression: 'pred(*previous, *i)'
Assertion failed on expression: 'pred(*previous, *i)'
Assertion failed on expression: 'pred(*previous, *i)'
Assertion failed on expression: 'pred(*previous, *i)'
Assertion failed on expression: 'pred(*previous, *i)'
Assertion failed on expression: 'pred(*previous, *i)'
Assertion failed on expression: 'pred(*previous, *i)'
Assertion failed on expression: 'pred(*previous, *i)'
Assertion failed on expression: 'pred(*previous, *i)'
Assertion failed on expression: 'pred(*previous, *i)'
Assertion failed on expression: 'pred(*previous, *i)'
Assertion failed on expression: 'pred(*previous, *i)'
Assertion failed on expression: 'pred(*previous, *i)'
Assertion failed on expression: 'pred(*previous, *i)'
Assertion failed on expression: 'pred(*previous, *i)'
Assertion failed on expression: 'pred(*previous, *i)'
Assertion failed on expression: 'pred(*previous, *i)'
Assertion failed on expression: 'pred(*previous, *i)'
Assertion failed on expression: 'pred(*previous, *i)'
Assertion failed on expression: 'pred(*previous, *i)'
Assertion failed on expression: 'pred(*previous, *i)'
Assertion failed on expression: 'pred(*previous, *i)'
Assertion failed on expression: 'pred(*previous, *i)'
Assertion failed on expression: 'pred(*previous, *i)'
Assertion failed on expression: 'pred(*previous, *i)'
Assertion failed on expression: 'pred(*previous, *i)'
Assertion failed on expression: 'pred(*previous, *i)'
Assertion failed on expression: 'pred(*previous, *i)'
Assertion failed on expression: 'pred(*previous, *i)'
Assertion failed on expression: 'pred(*previous, *i)'
Assertion failed on expression: 'pred(*previous, *i)'
Assertion failed on expression: 'pred(*previous, *i)'
Assertion failed on expression: 'pred(*previous, *i)'
Assertion failed on expression: 'pred(*previous, *i)'
Assertion failed on expression: 'pred(*previous, *i)'
Assertion failed on expression: 'pred(*previous, *i)'
Assertion failed on expression: 'pred(*previous, *i)'
Assertion failed on expression: 'pred(*previous, *i)'
Assertion failed on expression: 'pred(*previous, *i)'
Assertion failed on expression: 'pred(*previous, *i)'
Assertion failed on expression: 'pred(*previous, *i)'
Assertion failed on expression: 'pred(*previous, *i)'
Assertion failed on expression: 'pred(*previous, *i)'
Assertion failed on expression: 'pred(*previous, *i)'
Assertion failed on expression: 'pred(*previous, *i)'
Assertion failed on expression: 'pred(*previous, *i)'
Assertion failed on expression: 'pred(*previous, *i)'
Assertion failed on expression: 'pred(*previous, *i)'
Assertion failed on expression: 'pred(*previous, *i)'
Assertion failed on expression: 'pred(*previous, *i)'
Assertion failed on expression: 'pred(*previous, *i)'
Assertion failed on expression: 'pred(*previous, *i)'
Assertion failed on expression: 'pred(*previous, *i)'
Assertion failed on expression: 'pred(*previous, *i)'
Assertion failed on expression: 'pred(*previous, *i)'
Assertion failed on expression: 'pred(*previous, *i)'
Assertion failed on expression: 'pred(*previous, *i)'
Assertion failed on expression: 'pred(*previous, *i)'
Assertion failed on expression: 'pred(*previous, *i)'
Assertion failed on expression: 'pred(*previous, *i)'
Assertion failed on expression: 'pred(*previous, *i)'
Assertion failed on expression: 'pred(*previous, *i)'
Assertion failed on expression: 'pred(*previous, *i)'
Assertion failed on expression: 'pred(*previous, *i)'
Assertion failed on expression: 'pred(*previous, *i)'
Assertion failed on expression: 'pred(*previous, *i)'
Assertion failed on expression: 'pred(*previous, *i)'
Assertion failed on expression: 'pred(*previous, *i)'
Assertion failed on expression: 'pred(*previous, *i)'
Assertion failed on expression: 'pred(*previous, *i)'
Assertion failed on expression: 'pred(*previous, *i)'
Assertion failed on expression: 'pred(*previous, *i)'
Assertion failed on expression: 'pred(*previous, *i)'
Assertion failed on expression: 'pred(*previous, *i)'
Assertion failed on expression: 'pred(*previous, *i)'
Assertion failed on expression: 'pred(*previous, *i)'
Assertion failed on expression: 'pred(*previous, *i)'
Assertion failed on expression: 'pred(*previous, *i)'
Assertion failed on expression: 'pred(*previous, *i)'
Assertion failed on expression: 'pred(*previous, *i)'
Assertion failed on expression: 'pred(*previous, *i)'
Assertion failed on expression: 'pred(*previous, *i)'
Assertion failed on expression: 'pred(*previous, *i)'
Assertion failed on expression: 'pred(*previous, *i)'
Assertion failed on expression: 'pred(*previous, *i)'
Assertion failed on expression: 'pred(*previous, *i)'
Assertion failed on expression: 'pred(*previous, *i)'
Assertion failed on expression: 'pred(*previous, *i)'
Assertion failed on expression: 'pred(*previous, *i)'
Assertion failed on expression: 'pred(*previous, *i)'
Assertion failed on expression: 'pred(*previous, *i)'
Assertion failed on expression: 'pred(*previous, *i)'
Assertion failed on expression: 'pred(*previous, *i)'
Assertion failed on expression: 'pred(*previous, *i)'
Assertion failed on expression: 'pred(*previous, *i)'
Assertion failed on expression: 'pred(*previous, *i)'
Assertion failed on expression: 'pred(*previous, *i)'
Assertion failed on expression: 'pred(*previous, *i)'
Assertion failed on expression: 'pred(*previous, *i)'
Assertion failed on expression: 'pred(*previous, *i)'
Assertion failed on expression: 'pred(*previous, *i)'
Assertion failed on expression: 'pred(*previous, *i)'
Assertion failed on expression: 'pred(*previous, *i)'
Assertion failed on expression: 'pred(*previous, *i)'
Assertion failed on expression: 'pred(*previous, *i)'
Assertion failed on expression: 'pred(*previous, *i)'
Assertion failed on expression: 'pred(*previous, *i)'
Assertion failed on expression: 'pred(*previous, *i)'
Assertion failed on expression: 'pred(*previous, *i)'
Assertion failed on expression: 'pred(*previous, *i)'
Assertion failed on expression: 'pred(*previous, *i)'
Assertion failed on expression: 'pred(*previous, *i)'
Assertion failed on expression: 'pred(*previous, *i)'
Assertion failed on expression: 'pred(*previous, *i)'
Assertion failed on expression: 'pred(*previous, *i)'
Assertion failed on expression: 'pred(*previous, *i)'
Assertion failed on expression: 'pred(*previous, *i)'
Assertion failed on expression: 'pred(*previous, *i)'
Assertion failed on expression: 'pred(*previous, *i)'
Assertion failed on expression: 'pred(*previous, *i)'
Assertion failed on expression: 'pred(*previous, *i)'
Assertion failed on expression: 'pred(*previous, *i)'
Assertion failed on expression: 'pred(*previous, *i)'
Assertion failed on expression: 'pred(*previous, *i)'
Assertion failed on expression: 'pred(*previous, *i)'
Assertion failed on expression: 'pred(*previous, *i)'
Assertion failed on expression: 'pred(*previous, *i)'
Assertion failed on expression: 'pred(*previous, *i)'
Assertion failed on expression: 'pred(*previous, *i)'
Assertion failed on expression: 'pred(*previous, *i)'
Assertion failed on expression: 'pred(*previous, *i)'
Assertion failed on expression: 'pred(*previous, *i)'
Assertion failed on expression: 'pred(*previous, *i)'
Assertion failed on expression: 'pred(*previous, *i)'
Assertion failed on expression: 'pred(*previous, *i)'
Assertion failed on expression: 'pred(*previous, *i)'
Assertion failed on expression: 'pred(*previous, *i)'
Assertion failed on expression: 'pred(*previous, *i)'
Assertion failed on expression: 'pred(*previous, *i)'
Assertion failed on expression: 'pred(*previous, *i)'
Assertion failed on expression: 'pred(*previous, *i)'
Assertion failed on expression: 'pred(*previous, *i)'
Assertion failed on expression: 'pred(*previous, *i)'
Assertion failed on expression: 'pred(*previous, *i)'
Assertion failed on expression: 'pred(*previous, *i)'
Assertion failed on expression: 'pred(*previous, *i)'
Assertion failed on expression: 'pred(*previous, *i)'
Assertion failed on expression: 'pred(*previous, *i)'
Assertion failed on expression: 'pred(*previous, *i)'
Assertion failed on expression: 'pred(*previous, *i)'
Assertion failed on expression: 'pred(*previous, *i)'
Assertion failed on expression: 'pred(*previous, *i)'
Assertion failed on expression: 'pred(*previous, *i)'
Assertion failed on expression: 'pred(*previous, *i)'
Assertion failed on expression: 'pred(*previous, *i)'
Assertion failed on expression: 'pred(*previous, *i)'
Assertion failed on expression: 'pred(*previous, *i)'
Assertion failed on expression: 'pred(*previous, *i)'
Assertion failed on expression: 'pred(*previous, *i)'
Assertion failed on expression: 'pred(*previous, *i)'
Assertion failed on expression: 'pred(*previous, *i)'
Assertion failed on expression: 'pred(*previous, *i)'
Assertion failed on expression: 'pred(*previous, *i)'
Assertion failed on expression: 'pred(*previous, *i)'
Assertion failed on expression: 'pred(*previous, *i)'
Assertion failed on expression: 'pred(*previous, *i)'
Assertion failed on expression: 'pred(*previous, *i)'
Assertion failed on expression: 'pred(*previous, *i)'
Assertion failed on expression: 'pred(*previous, *i)'
Assertion failed on expression: 'pred(*previous, *i)'
Assertion failed on expression: 'pred(*previous, *i)'
Assertion failed on expression: 'pred(*previous, *i)'
Assertion failed on expression: 'pred(*previous, *i)'
Assertion failed on expression: 'pred(*previous, *i)'
Assertion failed on expression: 'pred(*previous, *i)'
Assertion failed on expression: 'pred(*previous, *i)'
Assertion failed on expression: 'pred(*previous, *i)'
Assertion failed on expression: 'pred(*previous, *i)'
Assertion failed on expression: 'pred(*previous, *i)'
Assertion failed on expression: 'pred(*previous, *i)'
Assertion failed on expression: 'pred(*previous, *i)'
Assertion failed on expression: 'pred(*previous, *i)'
Assertion failed on expression: 'pred(*previous, *i)'
Assertion failed on expression: 'pred(*previous, *i)'
Assertion failed on expression: 'pred(*previous, *i)'
Assertion failed on expression: 'pred(*previous, *i)'
Assertion failed on expression: 'pred(*previous, *i)'
Assertion failed on expression: 'pred(*previous, *i)'
Assertion failed on expression: 'pred(*previous, *i)'
Assertion failed on expression: 'pred(*previous, *i)'
Assertion failed on expression: 'pred(*previous, *i)'
Assertion failed on expression: 'pred(*previous, *i)'
Assertion failed on expression: 'pred(*previous, *i)'
Assertion failed on expression: 'pred(*previous, *i)'
Assertion failed on expression: 'pred(*previous, *i)'
Assertion failed on expression: 'pred(*previous, *i)'
Assertion failed on expression: 'pred(*previous, *i)'
Assertion failed on expression: 'pred(*previous, *i)'
Assertion failed on expression: 'pred(*previous, *i)'
Assertion failed on expression: 'pred(*previous, *i)'
Assertion failed on expression: 'pred(*previous, *i)'
Assertion failed on expression: 'pred(*previous, *i)'
Assertion failed on expression: 'pred(*previous, *i)'
Assertion failed on expression: 'pred(*previous, *i)'
Assertion failed on expression: 'pred(*previous, *i)'
Assertion failed on expression: 'pred(*previous, *i)'
Assertion failed on expression: 'pred(*previous, *i)'
Assertion failed on expression: 'pred(*previous, *i)'
Assertion failed on expression: 'pred(*previous, *i)'
Assertion failed on expression: 'pred(*previous, *i)'
Assertion failed on expression: 'pred(*previous, *i)'
Assertion failed on expression: 'pred(*previous, *i)'
Assertion failed on expression: 'pred(*previous, *i)'
Assertion failed on expression: 'pred(*previous, *i)'
Assertion failed on expression: 'pred(*previous, *i)'
Assertion failed on expression: 'pred(*previous, *i)'
Assertion failed on expression: 'pred(*previous, *i)'
Assertion failed on expression: 'pred(*previous, *i)'
Assertion failed on expression: 'pred(*previous, *i)'
Assertion failed on expression: 'pred(*previous, *i)'
Assertion failed on expression: 'pred(*previous, *i)'
Assertion failed on expression: 'pred(*previous, *i)'
Assertion failed on expression: 'pred(*previous, *i)'
Assertion failed on expression: 'pred(*previous, *i)'
Assertion failed on expression: 'pred(*previous, *i)'
Assertion failed on expression: 'pred(*previous, *i)'
Assertion failed on expression: 'pred(*previous, *i)'
Assertion failed on expression: 'pred(*previous, *i)'
Assertion failed on expression: 'pred(*previous, *i)'
Assertion failed on expression: 'pred(*previous, *i)'
Assertion failed on expression: 'pred(*previous, *i)'
Assertion failed on expression: 'pred(*previous, *i)'
Assertion failed on expression: 'pred(*previous, *i)'
Assertion failed on expression: 'pred(*previous, *i)'
Assertion failed on expression: 'pred(*previous, *i)'
Assertion failed on expression: 'pred(*previous, *i)'
Assertion failed on expression: 'pred(*previous, *i)'
Assertion failed on expression: 'pred(*previous, *i)'
Assertion failed on expression: 'pred(*previous, *i)'
Assertion failed on expression: 'pred(*previous, *i)'
Assertion failed on expression: 'pred(*previous, *i)'
Assertion failed on expression: 'pred(*previous, *i)'
Assertion failed on expression: 'pred(*previous, *i)'
Assertion failed on expression: 'pred(*previous, *i)'
Assertion failed on expression: 'pred(*previous, *i)'
Assertion failed on expression: 'pred(*previous, *i)'
Assertion failed on expression: 'pred(*previous, *i)'
Assertion failed on expression: 'pred(*previous, *i)'
Assertion failed on expression: 'pred(*previous, *i)'
Assertion failed on expression: 'pred(*previous, *i)'
Assertion failed on expression: 'pred(*previous, *i)'
Assertion failed on expression: 'pred(*previous, *i)'
Assertion failed on expression: 'pred(*previous, *i)'
Assertion failed on expression: 'pred(*previous, *i)'
Assertion failed on expression: 'pred(*previous, *i)'
Assertion failed on expression: 'pred(*previous, *i)'
Assertion failed on expression: 'pred(*previous, *i)'
Assertion failed on expression: 'pred(*previous, *i)'
Assertion failed on expression: 'pred(*previous, *i)'
Assertion failed on expression: 'pred(*previous, *i)'
Assertion failed on expression: 'pred(*previous, *i)'
Assertion failed on expression: 'pred(*previous, *i)'
Assertion failed on expression: 'pred(*previous, *i)'
Assertion failed on expression: 'pred(*previous, *i)'
Assertion failed on expression: 'pred(*previous, *i)'
Assertion failed on expression: 'pred(*previous, *i)'
Assertion failed on expression: 'pred(*previous, *i)'
Assertion failed on expression: 'pred(*previous, *i)'
Assertion failed on expression: 'pred(*previous, *i)'
Assertion failed on expression: 'pred(*previous, *i)'
Assertion failed on expression: 'pred(*previous, *i)'
Assertion failed on expression: 'pred(*previous, *i)'
Assertion failed on expression: 'pred(*previous, *i)'
Assertion failed on expression: 'pred(*previous, *i)'
Assertion failed on expression: 'pred(*previous, *i)'
Assertion failed on expression: 'pred(*previous, *i)'
Assertion failed on expression: 'pred(*previous, *i)'
Assertion failed on expression: 'pred(*previous, *i)'
Assertion failed on expression: 'pred(*previous, *i)'
Assertion failed on expression: 'pred(*previous, *i)'
Assertion failed on expression: 'pred(*previous, *i)'
Assertion failed on expression: 'pred(*previous, *i)'
Assertion failed on expression: 'pred(*previous, *i)'
Assertion failed on expression: 'pred(*previous, *i)'
Assertion failed on expression: 'pred(*previous, *i)'
Assertion failed on expression: 'pred(*previous, *i)'
Assertion failed on expression: 'pred(*previous, *i)'
Assertion failed on expression: 'pred(*previous, *i)'
Assertion failed on expression: 'pred(*previous, *i)'
Assertion failed on expression: 'pred(*previous, *i)'
Assertion failed on expression: 'pred(*previous, *i)'
Assertion failed on expression: 'pred(*previous, *i)'
Assertion failed on expression: 'pred(*previous, *i)'
Assertion failed on expression: 'pred(*previous, *i)'
Assertion failed on expression: 'pred(*previous, *i)'
Assertion failed on expression: 'pred(*previous, *i)'
Assertion failed on expression: 'pred(*previous, *i)'
Assertion failed on expression: 'pred(*previous, *i)'
Assertion failed on expression: 'pred(*previous, *i)'
Assertion failed on expression: 'pred(*previous, *i)'
Assertion failed on expression: 'pred(*previous, *i)'
Assertion failed on expression: 'pred(*previous, *i)'
Assertion failed on expression: 'pred(*previous, *i)'
Assertion failed on expression: 'pred(*previous, *i)'
Assertion failed on expression: 'pred(*previous, *i)'
Assertion failed on expression: 'pred(*previous, *i)'
Assertion failed on expression: 'pred(*previous, *i)'
Assertion failed on expression: 'pred(*previous, *i)'
Assertion failed on expression: 'pred(*previous, *i)'
Assertion failed on expression: 'pred(*previous, *i)'
Assertion failed on expression: 'pred(*previous, *i)'
Assertion failed on expression: 'pred(*previous, *i)'
Assertion failed on expression: 'pred(*previous, *i)'
Assertion failed on expression: 'pred(*previous, *i)'
Assertion failed on expression: 'pred(*previous, *i)'
Assertion failed on expression: 'pred(*previous, *i)'
Assertion failed on expression: 'pred(*previous, *i)'
Assertion failed on expression: 'pred(*previous, *i)'
Assertion failed on expression: 'pred(*previous, *i)'
Assertion failed on expression: 'pred(*previous, *i)'
Assertion failed on expression: 'pred(*previous, *i)'
Assertion failed on expression: 'pred(*previous, *i)'
Assertion failed on expression: 'pred(*previous, *i)'
Assertion failed on expression: 'pred(*previous, *i)'
Assertion failed on expression: 'pred(*previous, *i)'
Assertion failed on expression: 'pred(*previous, *i)'
Assertion failed on expression: 'pred(*previous, *i)'
Assertion failed on expression: 'pred(*previous, *i)'
Assertion failed on expression: 'pred(*previous, *i)'
Assertion failed on expression: 'pred(*previous, *i)'
Assertion failed on expression: 'pred(*previous, *i)'
Assertion failed on expression: 'pred(*previous, *i)'
Assertion failed on expression: 'pred(*previous, *i)'
Assertion failed on expression: 'pred(*previous, *i)'
Assertion failed on expression: 'pred(*previous, *i)'
Assertion failed on expression: 'pred(*previous, *i)'
Assertion failed on expression: 'pred(*previous, *i)'
Assertion failed on expression: 'pred(*previous, *i)'
Assertion failed on expression: 'pred(*previous, *i)'
Assertion failed on expression: 'pred(*previous, *i)'
Assertion failed on expression: 'pred(*previous, *i)'
Assertion failed on expression: 'pred(*previous, *i)'
Assertion failed on expression: 'pred(*previous, *i)'
Assertion failed on expression: 'pred(*previous, *i)'
Assertion failed on expression: 'pred(*previous, *i)'
Assertion failed on expression: 'pred(*previous, *i)'
Assertion failed on expression: 'pred(*previous, *i)'
Assertion failed on expression: 'pred(*previous, *i)'
Assertion failed on expression: 'pred(*previous, *i)'
Assertion failed on expression: 'pred(*previous, *i)'
Assertion failed on expression: 'pred(*previous, *i)'
Assertion failed on expression: 'pred(*previous, *i)'
Assertion failed on expression: 'pred(*previous, *i)'
Assertion failed on expression: 'pred(*previous, *i)'
Assertion failed on expression: 'pred(*previous, *i)'
Assertion failed on expression: 'pred(*previous, *i)'
Assertion failed on expression: 'pred(*previous, *i)'
Assertion failed on expression: 'pred(*previous, *i)'
Assertion failed on expression: 'pred(*previous, *i)'
Assertion failed on expression: 'pred(*previous, *i)'
Assertion failed on expression: 'pred(*previous, *i)'
Assertion failed on expression: 'pred(*previous, *i)'
Assertion failed on expression: 'pred(*previous, *i)'
Assertion failed on expression: 'pred(*previous, *i)'
Assertion failed on expression: 'pred(*previous, *i)'
Assertion failed on expression: 'pred(*previous, *i)'
Assertion failed on expression: 'pred(*previous, *i)'
Assertion failed on expression: 'pred(*previous, *i)'
Assertion failed on expression: 'pred(*previous, *i)'
Assertion failed on expression: 'pred(*previous, *i)'
Assertion failed on expression: 'pred(*previous, *i)'
Assertion failed on expression: 'pred(*previous, *i)'
Assertion failed on expression: 'pred(*previous, *i)'
Assertion failed on expression: 'pred(*previous, *i)'
Assertion failed on expression: 'pred(*previous, *i)'
Assertion failed on expression: 'pred(*previous, *i)'
Assertion failed on expression: 'pred(*previous, *i)'
Assertion failed on expression: 'pred(*previous, *i)'
Assertion failed on expression: 'pred(*previous, *i)'
Assertion failed on expression: 'pred(*previous, *i)'
Assertion failed on expression: 'pred(*previous, *i)'
Assertion failed on expression: 'pred(*previous, *i)'
Assertion failed on expression: 'pred(*previous, *i)'
Assertion failed on expression: 'pred(*previous, *i)'
Assertion failed on expression: 'pred(*previous, *i)'
Assertion failed on expression: 'pred(*previous, *i)'
Assertion failed on expression: 'pred(*previous, *i)'
Assertion failed on expression: 'pred(*previous, *i)'
Assertion failed on expression: 'pred(*previous, *i)'
Assertion failed on expression: 'pred(*previous, *i)'
Assertion failed on expression: 'pred(*previous, *i)'
Assertion failed on expression: 'pred(*previous, *i)'
Assertion failed on expression: 'pred(*previous, *i)'
Assertion failed on expression: 'pred(*previous, *i)'
Assertion failed on expression: 'pred(*previous, *i)'
Assertion failed on expression: 'pred(*previous, *i)'
Assertion failed on expression: 'pred(*previous, *i)'
Assertion failed on expression: 'pred(*previous, *i)'
Assertion failed on expression: 'pred(*previous, *i)'
Assertion failed on expression: 'pred(*previous, *i)'
Assertion failed on expression: 'pred(*previous, *i)'
Assertion failed on expression: 'pred(*previous, *i)'
Assertion failed on expression: 'pred(*previous, *i)'
Assertion failed on expression: 'pred(*previous, *i)'
Assertion failed on expression: 'pred(*previous, *i)'
Assertion failed on expression: 'pred(*previous, *i)'
Assertion failed on expression: 'pred(*previous, *i)'
Assertion failed on expression: 'pred(*previous, *i)'
Assertion failed on expression: 'pred(*previous, *i)'
Assertion failed on expression: 'pred(*previous, *i)'
Assertion failed on expression: 'pred(*previous, *i)'
Assertion failed on expression: 'pred(*previous, *i)'
Assertion failed on expression: 'pred(*previous, *i)'
Assertion failed on expression: 'pred(*previous, *i)'
Assertion failed on expression: 'pred(*previous, *i)'
Assertion failed on expression: 'pred(*previous, *i)'
Assertion failed on expression: 'pred(*previous, *i)'
Assertion failed on expression: 'pred(*previous, *i)'
Assertion failed on expression: 'pred(*previous, *i)'
Assertion failed on expression: 'pred(*previous, *i)'
Assertion failed on expression: 'pred(*previous, *i)'
Assertion failed on expression: 'pred(*previous, *i)'
Assertion failed on expression: 'pred(*previous, *i)'
Assertion failed on expression: 'pred(*previous, *i)'
Assertion failed on expression: 'pred(*previous, *i)'
Assertion failed on expression: 'pred(*previous, *i)'
Assertion failed on expression: 'pred(*previous, *i)'
Assertion failed on expression: 'pred(*previous, *i)'
Assertion failed on expression: 'pred(*previous, *i)'
Assertion failed on expression: 'pred(*previous, *i)'
Assertion failed on expression: 'pred(*previous, *i)'
Assertion failed on expression: 'pred(*previous, *i)'
Assertion failed on expression: 'pred(*previous, *i)'
Assertion failed on expression: 'pred(*previous, *i)'
Assertion failed on expression: 'pred(*previous, *i)'
Assertion failed on expression: 'pred(*previous, *i)'
Assertion failed on expression: 'pred(*previous, *i)'
Assertion failed on expression: 'pred(*previous, *i)'
Assertion failed on expression: 'pred(*previous, *i)'
Assertion failed on expression: 'pred(*previous, *i)'
Assertion failed on expression: 'pred(*previous, *i)'
Assertion failed on expression: 'pred(*previous, *i)'
Assertion failed on expression: 'pred(*previous, *i)'
Assertion failed on expression: 'pred(*previous, *i)'
Assertion failed on expression: 'pred(*previous, *i)'
Assertion failed on expression: 'pred(*previous, *i)'
Assertion failed on expression: 'pred(*previous, *i)'
Assertion failed on expression: 'pred(*previous, *i)'
Assertion failed on expression: 'pred(*previous, *i)'
Assertion failed on expression: 'pred(*previous, *i)'
Assertion failed on expression: 'pred(*previous, *i)'
Assertion failed on expression: 'pred(*previous, *i)'
Assertion failed on expression: 'pred(*previous, *i)'
Assertion failed on expression: 'pred(*previous, *i)'
Assertion failed on expression: 'pred(*previous, *i)'
Assertion failed on expression: 'pred(*previous, *i)'
Assertion failed on expression: 'pred(*previous, *i)'
Assertion failed on expression: 'pred(*previous, *i)'
Assertion failed on expression: 'pred(*previous, *i)'
Assertion failed on expression: 'pred(*previous, *i)'
Assertion failed on expression: 'pred(*previous, *i)'
Assertion failed on expression: 'pred(*previous, *i)'
Assertion failed on expression: 'pred(*previous, *i)'
Assertion failed on expression: 'pred(*previous, *i)'
Assertion failed on expression: 'pred(*previous, *i)'
Assertion failed on expression: 'pred(*previous, *i)'
Assertion failed on expression: 'pred(*previous, *i)'
Assertion failed on expression: 'pred(*previous, *i)'
Assertion failed on expression: 'pred(*previous, *i)'
Assertion failed on expression: 'pred(*previous, *i)'
Assertion failed on expression: 'pred(*previous, *i)'
Assertion failed on expression: 'pred(*previous, *i)'
Assertion failed on expression: 'pred(*previous, *i)'
Assertion failed on expression: 'pred(*previous, *i)'
Assertion failed on expression: 'pred(*previous, *i)'
Assertion failed on expression: 'pred(*previous, *i)'
Assertion failed on expression: 'pred(*previous, *i)'
Assertion failed on expression: 'pred(*previous, *i)'
Assertion failed on expression: 'pred(*previous, *i)'
Assertion failed on expression: 'pred(*previous, *i)'
Assertion failed on expression: 'pred(*previous, *i)'
Assertion failed on expression: 'pred(*previous, *i)'
Assertion failed on expression: 'pred(*previous, *i)'
Assertion failed on expression: 'pred(*previous, *i)'
Assertion failed on expression: 'pred(*previous, *i)'
Assertion failed on expression: 'pred(*previous, *i)'
Assertion failed on expression: 'pred(*previous, *i)'
Assertion failed on expression: 'pred(*previous, *i)'
Assertion failed on expression: 'pred(*previous, *i)'
Assertion failed on expression: 'pred(*previous, *i)'
Assertion failed on expression: 'pred(*previous, *i)'
Assertion failed on expression: 'pred(*previous, *i)'
Assertion failed on expression: 'pred(*previous, *i)'
Assertion failed on expression: 'pred(*previous, *i)'
Assertion failed on expression: 'pred(*previous, *i)'
Assertion failed on expression: 'pred(*previous, *i)'
Assertion failed on expression: 'pred(*previous, *i)'
Assertion failed on expression: 'pred(*previous, *i)'
Assertion failed on expression: 'pred(*previous, *i)'
Assertion failed on expression: 'pred(*previous, *i)'
Assertion failed on expression: 'pred(*previous, *i)'
Assertion failed on expression: 'pred(*previous, *i)'
Assertion failed on expression: 'pred(*previous, *i)'
Assertion failed on expression: 'pred(*previous, *i)'
Assertion failed on expression: 'pred(*previous, *i)'
Assertion failed on expression: 'pred(*previous, *i)'
Assertion failed on expression: 'pred(*previous, *i)'
Assertion failed on expression: 'pred(*previous, *i)'
Assertion failed on expression: 'pred(*previous, *i)'
Assertion failed on expression: 'pred(*previous, *i)'
Assertion failed on expression: 'pred(*previous, *i)'
Assertion failed on expression: 'pred(*previous, *i)'
Assertion failed on expression: 'pred(*previous, *i)'
Assertion failed on expression: 'pred(*previous, *i)'
Assertion failed on expression: 'pred(*previous, *i)'
Assertion failed on expression: 'pred(*previous, *i)'
Assertion failed on expression: 'pred(*previous, *i)'
Assertion failed on expression: 'pred(*previous, *i)'
Assertion failed on expression: 'pred(*previous, *i)'
Assertion failed on expression: 'pred(*previous, *i)'
Assertion failed on expression: 'pred(*previous, *i)'
Assertion failed on expression: 'pred(*previous, *i)'
Assertion failed on expression: 'pred(*previous, *i)'
Assertion failed on expression: 'pred(*previous, *i)'
Assertion failed on expression: 'pred(*previous, *i)'
Assertion failed on expression: 'pred(*previous, *i)'
Assertion failed on expression: 'pred(*previous, *i)'
Assertion failed on expression: 'pred(*previous, *i)'
Assertion failed on expression: 'pred(*previous, *i)'
Assertion failed on expression: 'pred(*previous, *i)'
Assertion failed on expression: 'pred(*previous, *i)'
Assertion failed on expression: 'pred(*previous, *i)'
Assertion failed on expression: 'pred(*previous, *i)'
Assertion failed on expression: 'pred(*previous, *i)'
Assertion failed on expression: 'pred(*previous, *i)'
Assertion failed on expression: 'pred(*previous, *i)'
Assertion failed on expression: 'pred(*previous, *i)'
Assertion failed on expression: 'pred(*previous, *i)'
Assertion failed on expression: 'pred(*previous, *i)'
Assertion failed on expression: 'pred(*previous, *i)'
Assertion failed on expression: 'pred(*previous, *i)'
Assertion failed on expression: 'pred(*previous, *i)'
Assertion failed on expression: 'pred(*previous, *i)'
Assertion failed on expression: 'pred(*previous, *i)'
Assertion failed on expression: 'pred(*previous, *i)'
Assertion failed on expression: 'pred(*previous, *i)'
Assertion failed on expression: 'pred(*previous, *i)'
Assertion failed on expression: 'pred(*previous, *i)'
Assertion failed on expression: 'pred(*previous, *i)'
Assertion failed on expression: 'pred(*previous, *i)'
Assertion failed on expression: 'pred(*previous, *i)'
Assertion failed on expression: 'pred(*previous, *i)'
Assertion failed on expression: 'pred(*previous, *i)'
Assertion failed on expression: 'pred(*previous, *i)'
Assertion failed on expression: 'pred(*previous, *i)'
Assertion failed on expression: 'pred(*previous, *i)'
Assertion failed on expression: 'pred(*previous, *i)'
Assertion failed on expression: 'pred(*previous, *i)'
Assertion failed on expression: 'pred(*previous, *i)'
Assertion failed on expression: 'pred(*previous, *i)'
Assertion failed on expression: 'pred(*previous, *i)'
Assertion failed on expression: 'pred(*previous, *i)'
Assertion failed on expression: 'pred(*previous, *i)'
Assertion failed on expression: 'pred(*previous, *i)'
Assertion failed on expression: 'pred(*previous, *i)'
Assertion failed on expression: 'pred(*previous, *i)'
Assertion failed on expression: 'pred(*previous, *i)'
Assertion failed on expression: 'pred(*previous, *i)'
Assertion failed on expression: 'pred(*previous, *i)'
Assertion failed on expression: 'pred(*previous, *i)'
Assertion failed on expression: 'pred(*previous, *i)'
Assertion failed on expression: 'pred(*previous, *i)'
Assertion failed on expression: 'pred(*previous, *i)'
Assertion failed on expression: 'pred(*previous, *i)'
Assertion failed on expression: 'pred(*previous, *i)'
Assertion failed on expression: 'pred(*previous, *i)'
Assertion failed on expression: 'pred(*previous, *i)'
Assertion failed on expression: 'pred(*previous, *i)'
Assertion failed on expression: 'pred(*previous, *i)'
Assertion failed on expression: 'pred(*previous, *i)'
Assertion failed on expression: 'pred(*previous, *i)'
Assertion failed on expression: 'pred(*previous, *i)'
Assertion failed on expression: 'pred(*previous, *i)'
Assertion failed on expression: 'pred(*previous, *i)'
Assertion failed on expression: 'pred(*previous, *i)'
Assertion failed on expression: 'pred(*previous, *i)'
Assertion failed on expression: 'pred(*previous, *i)'
Assertion failed on expression: 'pred(*previous, *i)'
Assertion failed on expression: 'pred(*previous, *i)'
Assertion failed on expression: 'pred(*previous, *i)'
Assertion failed on expression: 'pred(*previous, *i)'
Assertion failed on expression: 'pred(*previous, *i)'
Assertion failed on expression: 'pred(*previous, *i)'
Assertion failed on expression: 'pred(*previous, *i)'
Assertion failed on expression: 'pred(*previous, *i)'
Assertion failed on expression: 'pred(*previous, *i)'
Assertion failed on expression: 'pred(*previous, *i)'
Assertion failed on expression: 'pred(*previous, *i)'
Assertion failed on expression: 'pred(*previous, *i)'
Assertion failed on expression: 'pred(*previous, *i)'
Assertion failed on expression: 'pred(*previous, *i)'
Assertion failed on expression: 'pred(*previous, *i)'
Assertion failed on expression: 'pred(*previous, *i)'
Assertion failed on expression: 'pred(*previous, *i)'
Assertion failed on expression: 'pred(*previous, *i)'
Assertion failed on expression: 'pred(*previous, *i)'
Assertion failed on expression: 'pred(*previous, *i)'
Assertion failed on expression: 'pred(*previous, *i)'
Assertion failed on expression: 'pred(*previous, *i)'
Assertion failed on expression: 'pred(*previous, *i)'
Assertion failed on expression: 'pred(*previous, *i)'
Assertion failed on expression: 'pred(*previous, *i)'
Assertion failed on expression: 'pred(*previous, *i)'
Assertion failed on expression: 'pred(*previous, *i)'
Assertion failed on expression: 'pred(*previous, *i)'
Assertion failed on expression: 'pred(*previous, *i)'
Assertion failed on expression: 'pred(*previous, *i)'
Assertion failed on expression: 'pred(*previous, *i)'
Assertion failed on expression: 'pred(*previous, *i)'
Assertion failed on expression: 'pred(*previous, *i)'
Assertion failed on expression: 'pred(*previous, *i)'
Assertion failed on expression: 'pred(*previous, *i)'
Assertion failed on expression: 'pred(*previous, *i)'
Assertion failed on expression: 'pred(*previous, *i)'
Assertion failed on expression: 'pred(*previous, *i)'
Assertion failed on expression: 'pred(*previous, *i)'
Assertion failed on expression: 'pred(*previous, *i)'
Assertion failed on expression: 'pred(*previous, *i)'
Assertion failed on expression: 'pred(*previous, *i)'
Assertion failed on expression: 'pred(*previous, *i)'
Assertion failed on expression: 'pred(*previous, *i)'
Assertion failed on expression: 'pred(*previous, *i)'
Assertion failed on expression: 'pred(*previous, *i)'
Assertion failed on expression: 'pred(*previous, *i)'
Assertion failed on expression: 'pred(*previous, *i)'
Assertion failed on expression: 'pred(*previous, *i)'
Assertion failed on expression: 'pred(*previous, *i)'
Assertion failed on expression: 'pred(*previous, *i)'
Assertion failed on expression: 'pred(*previous, *i)'
Assertion failed on expression: 'pred(*previous, *i)'
Assertion failed on expression: 'pred(*previous, *i)'
Assertion failed on expression: 'pred(*previous, *i)'
Assertion failed on expression: 'pred(*previous, *i)'
Assertion failed on expression: 'pred(*previous, *i)'
Assertion failed on expression: 'pred(*previous, *i)'
Assertion failed on expression: 'pred(*previous, *i)'
Assertion failed on expression: 'pred(*previous, *i)'
Assertion failed on expression: 'pred(*previous, *i)'
Assertion failed on expression: 'pred(*previous, *i)'
Assertion failed on expression: 'pred(*previous, *i)'
Assertion failed on expression: 'pred(*previous, *i)'
Assertion failed on expression: 'pred(*previous, *i)'
Assertion failed on expression: 'pred(*previous, *i)'
Assertion failed on expression: 'pred(*previous, *i)'
Assertion failed on expression: 'pred(*previous, *i)'
Assertion failed on expression: 'pred(*previous, *i)'
Assertion failed on expression: 'pred(*previous, *i)'
Assertion failed on expression: 'pred(*previous, *i)'
Assertion failed on expression: 'pred(*previous, *i)'
Assertion failed on expression: 'pred(*previous, *i)'
Assertion failed on expression: 'pred(*previous, *i)'
Assertion failed on expression: 'pred(*previous, *i)'
Assertion failed on expression: 'pred(*previous, *i)'
Assertion failed on expression: 'pred(*previous, *i)'
Assertion failed on expression: 'pred(*previous, *i)'
Assertion failed on expression: 'pred(*previous, *i)'
Assertion failed on expression: 'pred(*previous, *i)'
Assertion failed on expression: 'pred(*previous, *i)'
Assertion failed on expression: 'pred(*previous, *i)'
Assertion failed on expression: 'pred(*previous, *i)'
Assertion failed on expression: 'pred(*previous, *i)'
Assertion failed on expression: 'pred(*previous, *i)'
Assertion failed on expression: 'pred(*previous, *i)'
Assertion failed on expression: 'pred(*previous, *i)'
Assertion failed on expression: 'pred(*previous, *i)'
Assertion failed on expression: 'pred(*previous, *i)'
Assertion failed on expression: 'pred(*previous, *i)'
Assertion failed on expression: 'pred(*previous, *i)'
Assertion failed on expression: 'pred(*previous, *i)'
Assertion failed on expression: 'pred(*previous, *i)'
Assertion failed on expression: 'pred(*previous, *i)'
Assertion failed on expression: 'pred(*previous, *i)'
Assertion failed on expression: 'pred(*previous, *i)'
Assertion failed on expression: 'pred(*previous, *i)'
Assertion failed on expression: 'pred(*previous, *i)'
Assertion failed on expression: 'pred(*previous, *i)'
Assertion failed on expression: 'pred(*previous, *i)'
Assertion failed on expression: 'pred(*previous, *i)'
Assertion failed on expression: 'pred(*previous, *i)'
Assertion failed on expression: 'pred(*previous, *i)'
Assertion failed on expression: 'pred(*previous, *i)'
Assertion failed on expression: 'pred(*previous, *i)'
Assertion failed on expression: 'pred(*previous, *i)'
Assertion failed on expression: 'pred(*previous, *i)'
Assertion failed on expression: 'pred(*previous, *i)'
Assertion failed on expression: 'pred(*previous, *i)'
Assertion failed on expression: 'pred(*previous, *i)'
Assertion failed on expression: 'pred(*previous, *i)'
Assertion failed on expression: 'pred(*previous, *i)'
Assertion failed on expression: 'pred(*previous, *i)'
Assertion failed on expression: 'pred(*previous, *i)'
Assertion failed on expression: 'pred(*previous, *i)'
Assertion failed on expression: 'pred(*previous, *i)'
Assertion failed on expression: 'pred(*previous, *i)'
Assertion failed on expression: 'pred(*previous, *i)'
Assertion failed on expression: 'pred(*previous, *i)'
Assertion failed on expression: 'pred(*previous, *i)'
Assertion failed on expression: 'pred(*previous, *i)'
Assertion failed on expression: 'pred(*previous, *i)'
Assertion failed on expression: 'pred(*previous, *i)'
Assertion failed on expression: 'pred(*previous, *i)'
Assertion failed on expression: 'pred(*previous, *i)'
Assertion failed on expression: 'pred(*previous, *i)'
Assertion failed on expression: 'pred(*previous, *i)'
Assertion failed on expression: 'pred(*previous, *i)'
Assertion failed on expression: 'pred(*previous, *i)'
Assertion failed on expression: 'pred(*previous, *i)'
Assertion failed on expression: 'pred(*previous, *i)'
Assertion failed on expression: 'pred(*previous, *i)'
Assertion failed on expression: 'pred(*previous, *i)'
Assertion failed on expression: 'pred(*previous, *i)'
Assertion failed on expression: 'pred(*previous, *i)'
Assertion failed on expression: 'pred(*previous, *i)'
Assertion failed on expression: 'pred(*previous, *i)'
Assertion failed on expression: 'pred(*previous, *i)'
Assertion failed on expression: 'pred(*previous, *i)'
Assertion failed on expression: 'pred(*previous, *i)'
Assertion failed on expression: 'pred(*previous, *i)'
Assertion failed on expression: 'pred(*previous, *i)'
Assertion failed on expression: 'pred(*previous, *i)'
Assertion failed on expression: 'pred(*previous, *i)'
Assertion failed on expression: 'pred(*previous, *i)'
Assertion failed on expression: 'pred(*previous, *i)'
Assertion failed on expression: 'pred(*previous, *i)'
Assertion failed on expression: 'pred(*previous, *i)'
Assertion failed on expression: 'pred(*previous, *i)'
Assertion failed on expression: 'pred(*previous, *i)'
Assertion failed on expression: 'pred(*previous, *i)'
Assertion failed on expression: 'pred(*previous, *i)'
Assertion failed on expression: 'pred(*previous, *i)'
Assertion failed on expression: 'pred(*previous, *i)'
Assertion failed on expression: 'pred(*previous, *i)'
Assertion failed on expression: 'pred(*previous, *i)'
Assertion failed on expression: 'pred(*previous, *i)'
Assertion failed on expression: 'pred(*previous, *i)'
Assertion failed on expression: 'pred(*previous, *i)'
Assertion failed on expression: 'pred(*previous, *i)'
Assertion failed on expression: 'pred(*previous, *i)'
Assertion failed on expression: 'pred(*previous, *i)'
Assertion failed on expression: 'pred(*previous, *i)'
Assertion failed on expression: 'pred(*previous, *i)'
Assertion failed on expression: 'pred(*previous, *i)'
Assertion failed on expression: 'pred(*previous, *i)'
Assertion failed on expression: 'pred(*previous, *i)'
Assertion failed on expression: 'pred(*previous, *i)'
Assertion failed on expression: 'pred(*previous, *i)'
Assertion failed on expression: 'pred(*previous, *i)'
Assertion failed on expression: 'pred(*previous, *i)'
Assertion failed on expression: 'pred(*previous, *i)'
Assertion failed on expression: 'pred(*previous, *i)'
Assertion failed on expression: 'pred(*previous, *i)'
Assertion failed on expression: 'pred(*previous, *i)'
Assertion failed on expression: 'pred(*previous, *i)'
Assertion failed on expression: 'pred(*previous, *i)'
Assertion failed on expression: 'pred(*previous, *i)'
Assertion failed on expression: 'pred(*previous, *i)'
Assertion failed on expression: 'pred(*previous, *i)'
Assertion failed on expression: 'pred(*previous, *i)'
Assertion failed on expression: 'pred(*previous, *i)'
Assertion failed on expression: 'pred(*previous, *i)'
Assertion failed on expression: 'pred(*previous, *i)'
Assertion failed on expression: 'pred(*previous, *i)'
Assertion failed on expression: 'pred(*previous, *i)'
Assertion failed on expression: 'pred(*previous, *i)'
Assertion failed on expression: 'pred(*previous, *i)'
Assertion failed on expression: 'pred(*previous, *i)'
Assertion failed on expression: 'pred(*previous, *i)'
Assertion failed on expression: 'pred(*previous, *i)'
Assertion failed on expression: 'pred(*previous, *i)'
Assertion failed on expression: 'pred(*previous, *i)'
Assertion failed on expression: 'pred(*previous, *i)'
Assertion failed on expression: 'pred(*previous, *i)'
Assertion failed on expression: 'pred(*previous, *i)'
Assertion failed on expression: 'pred(*previous, *i)'
Assertion failed on expression: 'pred(*previous, *i)'
Assertion failed on expression: 'pred(*previous, *i)'
Assertion failed on expression: 'pred(*previous, *i)'
Assertion failed on expression: 'pred(*previous, *i)'
Assertion failed on expression: 'pred(*previous, *i)'
Assertion failed on expression: 'pred(*previous, *i)'
Assertion failed on expression: 'pred(*previous, *i)'
Assertion failed on expression: 'pred(*previous, *i)'
Assertion failed on expression: 'pred(*previous, *i)'
Assertion failed on expression: 'pred(*previous, *i)'
Assertion failed on expression: 'pred(*previous, *i)'
Assertion failed on expression: 'pred(*previous, *i)'
Assertion failed on expression: 'pred(*previous, *i)'
Assertion failed on expression: 'pred(*previous, *i)'
Assertion failed on expression: 'pred(*previous, *i)'
Assertion failed on expression: 'pred(*previous, *i)'
Assertion failed on expression: 'pred(*previous, *i)'
Assertion failed on expression: 'pred(*previous, *i)'
Assertion failed on expression: 'pred(*previous, *i)'
Assertion failed on expression: 'pred(*previous, *i)'
Assertion failed on expression: 'pred(*previous, *i)'
Assertion failed on expression: 'pred(*previous, *i)'
Assertion failed on expression: 'pred(*previous, *i)'
Assertion failed on expression: 'pred(*previous, *i)'
Assertion failed on expression: 'pred(*previous, *i)'
Assertion failed on expression: 'pred(*previous, *i)'
Assertion failed on expression: 'pred(*previous, *i)'
Assertion failed on expression: 'pred(*previous, *i)'
Assertion failed on expression: 'pred(*previous, *i)'
Assertion failed on expression: 'pred(*previous, *i)'
Assertion failed on expression: 'pred(*previous, *i)'
Assertion failed on expression: 'pred(*previous, *i)'
Assertion failed on expression: 'pred(*previous, *i)'
Assertion failed on expression: 'pred(*previous, *i)'
Assertion failed on expression: 'pred(*previous, *i)'
Assertion failed on expression: 'pred(*previous, *i)'
Assertion failed on expression: 'pred(*previous, *i)'
Assertion failed on expression: 'pred(*previous, *i)'
Assertion failed on expression: 'pred(*previous, *i)'
Assertion failed on expression: 'pred(*previous, *i)'
Assertion failed on expression: 'pred(*previous, *i)'
Assertion failed on expression: 'pred(*previous, *i)'
Assertion failed on expression: 'pred(*previous, *i)'
Assertion failed on expression: 'pred(*previous, *i)'
Assertion failed on expression: 'pred(*previous, *i)'
Assertion failed on expression: 'pred(*previous, *i)'
Assertion failed on expression: 'pred(*previous, *i)'
Assertion failed on expression: 'pred(*previous, *i)'
Assertion failed on expression: 'pred(*previous, *i)'
Assertion failed on expression: 'pred(*previous, *i)'
Assertion failed on expression: 'pred(*previous, *i)'
Assertion failed on expression: 'pred(*previous, *i)'
Assertion failed on expression: 'pred(*previous, *i)'
Assertion failed on expression: 'pred(*previous, *i)'
Assertion failed on expression: 'pred(*previous, *i)'
Assertion failed on expression: 'pred(*previous, *i)'
Assertion failed on expression: 'pred(*previous, *i)'
Assertion failed on expression: 'pred(*previous, *i)'
Assertion failed on expression: 'pred(*previous, *i)'
Assertion failed on expression: 'pred(*previous, *i)'
Assertion failed on expression: 'pred(*previous, *i)'
Assertion failed on expression: 'pred(*previous, *i)'
Assertion failed on expression: 'pred(*previous, *i)'
Assertion failed on expression: 'pred(*previous, *i)'
Assertion failed on expression: 'pred(*previous, *i)'
Assertion failed on expression: 'pred(*previous, *i)'
Assertion failed on expression: 'pred(*previous, *i)'
Assertion failed on expression: 'pred(*previous, *i)'
Assertion failed on expression: 'pred(*previous, *i)'
Assertion failed on expression: 'pred(*previous, *i)'
Assertion failed on expression: 'pred(*previous, *i)'
Assertion failed on expression: 'pred(*previous, *i)'
Assertion failed on expression: 'pred(*previous, *i)'
Assertion failed on expression: 'pred(*previous, *i)'
Assertion failed on expression: 'pred(*previous, *i)'
Assertion failed on expression: 'pred(*previous, *i)'
Assertion failed on expression: 'pred(*previous, *i)'
Assertion failed on expression: 'pred(*previous, *i)'
Assertion failed on expression: 'pred(*previous, *i)'
Assertion failed on expression: 'pred(*previous, *i)'
Assertion failed on expression: 'pred(*previous, *i)'
Assertion failed on expression: 'pred(*previous, *i)'
Assertion failed on expression: 'pred(*previous, *i)'
Assertion failed on expression: 'pred(*previous, *i)'
Assertion failed on expression: 'pred(*previous, *i)'
Assertion failed on expression: 'pred(*previous, *i)'
Assertion failed on expression: 'pred(*previous, *i)'
Assertion failed on expression: 'pred(*previous, *i)'
Assertion failed on expression: 'pred(*previous, *i)'
Assertion failed on expression: 'pred(*previous, *i)'
Assertion failed on expression: 'pred(*previous, *i)'
Assertion failed on expression: 'pred(*previous, *i)'
Assertion failed on expression: 'pred(*previous, *i)'
Assertion failed on expression: 'pred(*previous, *i)'
Assertion failed on expression: 'pred(*previous, *i)'
Assertion failed on expression: 'pred(*previous, *i)'
Assertion failed on expression: 'pred(*previous, *i)'
Assertion failed on expression: 'pred(*previous, *i)'
Assertion failed on expression: 'pred(*previous, *i)'
Assertion failed on expression: 'pred(*previous, *i)'
Assertion failed on expression: 'pred(*previous, *i)'
Assertion failed on expression: 'pred(*previous, *i)'
Assertion failed on expression: 'pred(*previous, *i)'
Assertion failed on expression: 'pred(*previous, *i)'
Assertion failed on expression: 'pred(*previous, *i)'
Assertion failed on expression: 'pred(*previous, *i)'
Assertion failed on expression: 'pred(*previous, *i)'
Assertion failed on expression: 'pred(*previous, *i)'
Assertion failed on expression: 'pred(*previous, *i)'
Assertion failed on expression: 'pred(*previous, *i)'
Assertion failed on expression: 'pred(*previous, *i)'
Assertion failed on expression: 'pred(*previous, *i)'
Assertion failed on expression: 'pred(*previous, *i)'
Assertion failed on expression: 'pred(*previous, *i)'
Assertion failed on expression: 'pred(*previous, *i)'
Assertion failed on expression: 'pred(*previous, *i)'
Assertion failed on expression: 'pred(*previous, *i)'
Assertion failed on expression: 'pred(*previous, *i)'
Assertion failed on expression: 'pred(*previous, *i)'
Assertion failed on expression: 'pred(*previous, *i)'
Assertion failed on expression: 'pred(*previous, *i)'
Assertion failed on expression: 'pred(*previous, *i)'
Assertion failed on expression: 'pred(*previous, *i)'
Assertion failed on expression: 'pred(*previous, *i)'
Assertion failed on expression: 'pred(*previous, *i)'
Assertion failed on expression: 'pred(*previous, *i)'
Assertion failed on expression: 'pred(*previous, *i)'
Assertion failed on expression: 'pred(*previous, *i)'
Assertion failed on expression: 'pred(*previous, *i)'
Assertion failed on expression: 'pred(*previous, *i)'
Assertion failed on expression: 'pred(*previous, *i)'
Assertion failed on expression: 'pred(*previous, *i)'
Assertion failed on expression: 'pred(*previous, *i)'
Assertion failed on expression: 'pred(*previous, *i)'
Assertion failed on expression: 'pred(*previous, *i)'
Assertion failed on expression: 'pred(*previous, *i)'
Assertion failed on expression: 'pred(*previous, *i)'
Assertion failed on expression: 'pred(*previous, *i)'
Assertion failed on expression: 'pred(*previous, *i)'
Assertion failed on expression: 'pred(*previous, *i)'
Assertion failed on expression: 'pred(*previous, *i)'
Assertion failed on expression: 'pred(*previous, *i)'
Assertion failed on expression: 'pred(*previous, *i)'
Assertion failed on expression: 'pred(*previous, *i)'
Assertion failed on expression: 'pred(*previous, *i)'
Assertion failed on expression: 'pred(*previous, *i)'
Assertion failed on expression: 'pred(*previous, *i)'
Assertion failed on expression: 'pred(*previous, *i)'
Assertion failed on expression: 'pred(*previous, *i)'
Assertion failed on expression: 'pred(*previous, *i)'
Assertion failed on expression: 'pred(*previous, *i)'
Assertion failed on expression: 'pred(*previous, *i)'
Assertion failed on expression: 'pred(*previous, *i)'
Assertion failed on expression: 'pred(*previous, *i)'
Assertion failed on expression: 'pred(*previous, *i)'
Assertion failed on expression: 'pred(*previous, *i)'
Assertion failed on expression: 'pred(*previous, *i)'
Assertion failed on expression: 'pred(*previous, *i)'
Assertion failed on expression: 'pred(*previous, *i)'
Assertion failed on expression: 'pred(*previous, *i)'
Assertion failed on expression: 'pred(*previous, *i)'
Assertion failed on expression: 'pred(*previous, *i)'
Assertion failed on expression: 'pred(*previous, *i)'
Assertion failed on expression: 'pred(*previous, *i)'
Assertion failed on expression: 'pred(*previous, *i)'
Assertion failed on expression: 'pred(*previous, *i)'
Assertion failed on expression: 'pred(*previous, *i)'
Assertion failed on expression: 'pred(*previous, *i)'
Assertion failed on expression: 'pred(*previous, *i)'
Assertion failed on expression: 'pred(*previous, *i)'
Assertion failed on expression: 'pred(*previous, *i)'
Assertion failed on expression: 'pred(*previous, *i)'
Assertion failed on expression: 'pred(*previous, *i)'
Assertion failed on expression: 'pred(*previous, *i)'
Assertion failed on expression: 'pred(*previous, *i)'
Assertion failed on expression: 'pred(*previous, *i)'
Assertion failed on expression: 'pred(*previous, *i)'
Assertion failed on expression: 'pred(*previous, *i)'
Assertion failed on expression: 'pred(*previous, *i)'
Assertion failed on expression: 'pred(*previous, *i)'
Assertion failed on expression: 'pred(*previous, *i)'
Assertion failed on expression: 'pred(*previous, *i)'
Assertion failed on expression: 'pred(*previous, *i)'
Assertion failed on expression: 'pred(*previous, *i)'
Assertion failed on expression: 'pred(*previous, *i)'
Assertion failed on expression: 'pred(*previous, *i)'
Assertion failed on expression: 'pred(*previous, *i)'
Assertion failed on expression: 'pred(*previous, *i)'
Assertion failed on expression: 'pred(*previous, *i)'
Assertion failed on expression: 'pred(*previous, *i)'
Assertion failed on expression: 'pred(*previous, *i)'
Assertion failed on expression: 'pred(*previous, *i)'
Assertion failed on expression: 'pred(*previous, *i)'
Assertion failed on expression: 'pred(*previous, *i)'
Assertion failed on expression: 'pred(*previous, *i)'
Assertion failed on expression: 'pred(*previous, *i)'
Assertion failed on expression: 'pred(*previous, *i)'
Assertion failed on expression: 'pred(*previous, *i)'
Assertion failed on expression: 'pred(*previous, *i)'
Assertion failed on expression: 'pred(*previous, *i)'
Assertion failed on expression: 'pred(*previous, *i)'
Assertion failed on expression: 'pred(*previous, *i)'
Assertion failed on expression: 'pred(*previous, *i)'
Assertion failed on expression: 'pred(*previous, *i)'
Assertion failed on expression: 'pred(*previous, *i)'
Assertion failed on expression: 'pred(*previous, *i)'
Assertion failed on expression: 'pred(*previous, *i)'
Assertion failed on expression: 'pred(*previous, *i)'
Assertion failed on expression: 'pred(*previous, *i)'
Assertion failed on expression: 'pred(*previous, *i)'
Assertion failed on expression: 'pred(*previous, *i)'
Assertion failed on expression: 'pred(*previous, *i)'
Assertion failed on expression: 'pred(*previous, *i)'
Assertion failed on expression: 'pred(*previous, *i)'
Assertion failed on expression: 'pred(*previous, *i)'
Assertion failed on expression: 'pred(*previous, *i)'
Assertion failed on expression: 'pred(*previous, *i)'
Assertion failed on expression: 'pred(*previous, *i)'
Assertion failed on expression: 'pred(*previous, *i)'
Assertion failed on expression: 'pred(*previous, *i)'
Assertion failed on expression: 'pred(*previous, *i)'
Assertion failed on expression: 'pred(*previous, *i)'
Assertion failed on expression: 'pred(*previous, *i)'
Assertion failed on expression: 'pred(*previous, *i)'
Assertion failed on expression: 'pred(*previous, *i)'
Assertion failed on expression: 'pred(*previous, *i)'
Assertion failed on expression: 'pred(*previous, *i)'
Assertion failed on expression: 'pred(*previous, *i)'
Assertion failed on expression: 'pred(*previous, *i)'
Assertion failed on expression: 'pred(*previous, *i)'
Assertion failed on expression: 'pred(*previous, *i)'
Assertion failed on expression: 'pred(*previous, *i)'
Assertion failed on expression: 'pred(*previous, *i)'
Assertion failed on expression: 'pred(*previous, *i)'
Assertion failed on expression: 'pred(*previous, *i)'
Assertion failed on expression: 'pred(*previous, *i)'
Assertion failed on expression: 'pred(*previous, *i)'
Assertion failed on expression: 'pred(*previous, *i)'
Assertion failed on expression: 'pred(*previous, *i)'
Assertion failed on expression: 'pred(*previous, *i)'
Assertion failed on expression: 'pred(*previous, *i)'
Assertion failed on expression: 'pred(*previous, *i)'
Assertion failed on expression: 'pred(*previous, *i)'
Assertion failed on expression: 'pred(*previous, *i)'
Assertion failed on expression: 'pred(*previous, *i)'
Assertion failed on expression: 'pred(*previous, *i)'
Assertion failed on expression: 'pred(*previous, *i)'
Assertion failed on expression: 'pred(*previous, *i)'
Assertion failed on expression: 'pred(*previous, *i)'
Assertion failed on expression: 'pred(*previous, *i)'
Assertion failed on expression: 'pred(*previous, *i)'
Assertion failed on expression: 'pred(*previous, *i)'
Assertion failed on expression: 'pred(*previous, *i)'
Assertion failed on expression: 'pred(*previous, *i)'
Assertion failed on expression: 'pred(*previous, *i)'
Assertion failed on expression: 'pred(*previous, *i)'
Assertion failed on expression: 'pred(*previous, *i)'
Assertion failed on expression: 'pred(*previous, *i)'
Assertion failed on expression: 'pred(*previous, *i)'
Assertion failed on expression: 'pred(*previous, *i)'
Assertion failed on expression: 'pred(*previous, *i)'
Assertion failed on expression: 'pred(*previous, *i)'
Assertion failed on expression: 'pred(*previous, *i)'
Assertion failed on expression: 'pred(*previous, *i)'
Assertion failed on expression: 'pred(*previous, *i)'
Assertion failed on expression: 'pred(*previous, *i)'
Assertion failed on expression: 'pred(*previous, *i)'
Assertion failed on expression: 'pred(*previous, *i)'
Assertion failed on expression: 'pred(*previous, *i)'
Assertion failed on expression: 'pred(*previous, *i)'
Assertion failed on expression: 'pred(*previous, *i)'
Assertion failed on expression: 'pred(*previous, *i)'
Assertion failed on expression: 'pred(*previous, *i)'
Assertion failed on expression: 'pred(*previous, *i)'
Assertion failed on expression: 'pred(*previous, *i)'
Assertion failed on expression: 'pred(*previous, *i)'
Assertion failed on expression: 'pred(*previous, *i)'
Assertion failed on expression: 'pred(*previous, *i)'
Assertion failed on expression: 'pred(*previous, *i)'
Assertion failed on expression: 'pred(*previous, *i)'
Assertion failed on expression: 'pred(*previous, *i)'
Assertion failed on expression: 'pred(*previous, *i)'
Assertion failed on expression: 'pred(*previous, *i)'
Assertion failed on expression: 'pred(*previous, *i)'
Assertion failed on expression: 'pred(*previous, *i)'
Assertion failed on expression: 'pred(*previous, *i)'
Assertion failed on expression: 'pred(*previous, *i)'
Assertion failed on expression: 'pred(*previous, *i)'
Assertion failed on expression: 'pred(*previous, *i)'
Assertion failed on expression: 'pred(*previous, *i)'
Assertion failed on expression: 'pred(*previous, *i)'
Assertion failed on expression: 'pred(*previous, *i)'
Assertion failed on expression: 'pred(*previous, *i)'
Assertion failed on expression: 'pred(*previous, *i)'
Assertion failed on expression: 'pred(*previous, *i)'
Assertion failed on expression: 'pred(*previous, *i)'
Assertion failed on expression: 'pred(*previous, *i)'
Assertion failed on expression: 'pred(*previous, *i)'
Assertion failed on expression: 'pred(*previous, *i)'
Assertion failed on expression: 'pred(*previous, *i)'
Assertion failed on expression: 'pred(*previous, *i)'
Assertion failed on expression: 'pred(*previous, *i)'
Assertion failed on expression: 'pred(*previous, *i)'
Assertion failed on expression: 'pred(*previous, *i)'
Assertion failed on expression: 'pred(*previous, *i)'
Assertion failed on expression: 'pred(*previous, *i)'
Assertion failed on expression: 'pred(*previous, *i)'
Assertion failed on expression: 'pred(*previous, *i)'
Assertion failed on expression: 'pred(*previous, *i)'
Assertion failed on expression: 'pred(*previous, *i)'
Assertion failed on expression: 'pred(*previous, *i)'
Assertion failed on expression: 'pred(*previous, *i)'
Assertion failed on expression: 'pred(*previous, *i)'
Assertion failed on expression: 'pred(*previous, *i)'
Assertion failed on expression: 'pred(*previous, *i)'
Assertion failed on expression: 'pred(*previous, *i)'
Assertion failed on expression: 'pred(*previous, *i)'
Assertion failed on expression: 'pred(*previous, *i)'
Assertion failed on expression: 'pred(*previous, *i)'
Assertion failed on expression: 'pred(*previous, *i)'
Assertion failed on expression: 'pred(*previous, *i)'
Assertion failed on expression: 'pred(*previous, *i)'
Assertion failed on expression: 'pred(*previous, *i)'
Assertion failed on expression: 'pred(*previous, *i)'
Assertion failed on expression: 'pred(*previous, *i)'
Assertion failed on expression: 'pred(*previous, *i)'
Assertion failed on expression: 'pred(*previous, *i)'
Assertion failed on expression: 'pred(*previous, *i)'
Assertion failed on expression: 'pred(*previous, *i)'
Assertion failed on expression: 'pred(*previous, *i)'
Assertion failed on expression: 'pred(*previous, *i)'
Assertion failed on expression: 'pred(*previous, *i)'
Assertion failed on expression: 'pred(*previous, *i)'
Assertion failed on expression: 'pred(*previous, *i)'
Assertion failed on expression: 'pred(*previous, *i)'
Assertion failed on expression: 'pred(*previous, *i)'
Assertion failed on expression: 'pred(*previous, *i)'
Assertion failed on expression: 'pred(*previous, *i)'
Assertion failed on expression: 'pred(*previous, *i)'
Assertion failed on expression: 'pred(*previous, *i)'
Assertion failed on expression: 'pred(*previous, *i)'
Assertion failed on expression: 'pred(*previous, *i)'
Assertion failed on expression: 'pred(*previous, *i)'
Assertion failed on expression: 'pred(*previous, *i)'
Assertion failed on expression: 'pred(*previous, *i)'
Assertion failed on expression: 'pred(*previous, *i)'
Assertion failed on expression: 'pred(*previous, *i)'
Assertion failed on expression: 'pred(*previous, *i)'
Assertion failed on expression: 'pred(*previous, *i)'
Assertion failed on expression: 'pred(*previous, *i)'
Assertion failed on expression: 'pred(*previous, *i)'
Assertion failed on expression: 'pred(*previous, *i)'
Assertion failed on expression: 'pred(*previous, *i)'
Assertion failed on expression: 'pred(*previous, *i)'
Assertion failed on expression: 'pred(*previous, *i)'
Assertion failed on expression: 'pred(*previous, *i)'
Assertion failed on expression: 'pred(*previous, *i)'
Assertion failed on expression: 'pred(*previous, *i)'
Assertion failed on expression: 'pred(*previous, *i)'
Assertion failed on expression: 'pred(*previous, *i)'
Assertion failed on expression: 'pred(*previous, *i)'
Assertion failed on expression: 'pred(*previous, *i)'
Assertion failed on expression: 'pred(*previous, *i)'
Assertion failed on expression: 'pred(*previous, *i)'
Assertion failed on expression: 'pred(*previous, *i)'
Assertion failed on expression: 'pred(*previous, *i)'
Assertion failed on expression: 'pred(*previous, *i)'
Assertion failed on expression: 'pred(*previous, *i)'
Assertion failed on expression: 'pred(*previous, *i)'
Assertion failed on expression: 'pred(*previous, *i)'
Assertion failed on expression: 'pred(*previous, *i)'
Assertion failed on expression: 'pred(*previous, *i)'
Assertion failed on expression: 'pred(*previous, *i)'
Assertion failed on expression: 'pred(*previous, *i)'
Assertion failed on expression: 'pred(*previous, *i)'
Assertion failed on expression: 'pred(*previous, *i)'
Assertion failed on expression: 'pred(*previous, *i)'
Assertion failed on expression: 'pred(*previous, *i)'
Assertion failed on expression: 'pred(*previous, *i)'
Assertion failed on expression: 'pred(*previous, *i)'
Assertion failed on expression: 'pred(*previous, *i)'
Assertion failed on expression: 'pred(*previous, *i)'
Assertion failed on expression: 'pred(*previous, *i)'
Assertion failed on expression: 'pred(*previous, *i)'
Assertion failed on expression: 'pred(*previous, *i)'
Assertion failed on expression: 'pred(*previous, *i)'
Assertion failed on expression: 'pred(*previous, *i)'
Assertion failed on expression: 'pred(*previous, *i)'
Assertion failed on expression: 'pred(*previous, *i)'
Assertion failed on expression: 'pred(*previous, *i)'
Assertion failed on expression: 'pred(*previous, *i)'
Assertion failed on expression: 'pred(*previous, *i)'
Assertion failed on expression: 'pred(*previous, *i)'
Assertion failed on expression: 'pred(*previous, *i)'
Assertion failed on expression: 'pred(*previous, *i)'
Assertion failed on expression: 'pred(*previous, *i)'
Assertion failed on expression: 'pred(*previous, *i)'
Assertion failed on expression: 'pred(*previous, *i)'
Assertion failed on expression: 'pred(*previous, *i)'
Assertion failed on expression: 'pred(*previous, *i)'
Assertion failed on expression: 'pred(*previous, *i)'
Assertion failed on expression: 'pred(*previous, *i)'
Assertion failed on expression: 'pred(*previous, *i)'
Assertion failed on expression: 'pred(*previous, *i)'
Assertion failed on expression: 'pred(*previous, *i)'
Assertion failed on expression: 'pred(*previous, *i)'
Assertion failed on expression: 'pred(*previous, *i)'
Assertion failed on expression: 'pred(*previous, *i)'
Assertion failed on expression: 'pred(*previous, *i)'
Assertion failed on expression: 'pred(*previous, *i)'
Assertion failed on expression: 'pred(*previous, *i)'
Assertion failed on expression: 'pred(*previous, *i)'
Assertion failed on expression: 'pred(*previous, *i)'
Assertion failed on expression: 'pred(*previous, *i)'
Assertion failed on expression: 'pred(*previous, *i)'
Assertion failed on expression: 'pred(*previous, *i)'
Assertion failed on expression: 'pred(*previous, *i)'
Assertion failed on expression: 'pred(*previous, *i)'
Assertion failed on expression: 'pred(*previous, *i)'
Assertion failed on expression: 'pred(*previous, *i)'
Assertion failed on expression: 'pred(*previous, *i)'
Assertion failed on expression: 'pred(*previous, *i)'
Assertion failed on expression: 'pred(*previous, *i)'
Assertion failed on expression: 'pred(*previous, *i)'
Assertion failed on expression: 'pred(*previous, *i)'
Assertion failed on expression: 'pred(*previous, *i)'
Assertion failed on expression: 'pred(*previous, *i)'
Assertion failed on expression: 'pred(*previous, *i)'
Assertion failed on expression: 'pred(*previous, *i)'
Assertion failed on expression: 'pred(*previous, *i)'
Assertion failed on expression: 'pred(*previous, *i)'
Assertion failed on expression: 'pred(*previous, *i)'
Assertion failed on expression: 'pred(*previous, *i)'
Assertion failed on expression: 'pred(*previous, *i)'
Assertion failed on expression: 'pred(*previous, *i)'
Assertion failed on expression: 'pred(*previous, *i)'
Assertion failed on expression: 'pred(*previous, *i)'
Assertion failed on expression: 'pred(*previous, *i)'
Assertion failed on expression: 'pred(*previous, *i)'
Assertion failed on expression: 'pred(*previous, *i)'
Assertion failed on expression: 'pred(*previous, *i)'
Assertion failed on expression: 'pred(*previous, *i)'
Assertion failed on expression: 'pred(*previous, *i)'
Assertion failed on expression: 'pred(*previous, *i)'
Assertion failed on expression: 'pred(*previous, *i)'
Assertion failed on expression: 'pred(*previous, *i)'
Assertion failed on expression: 'pred(*previous, *i)'
Assertion failed on expression: 'pred(*previous, *i)'
Assertion failed on expression: 'pred(*previous, *i)'
Assertion failed on expression: 'pred(*previous, *i)'
Assertion failed on expression: 'pred(*previous, *i)'
Assertion failed on expression: 'pred(*previous, *i)'
Assertion failed on expression: 'pred(*previous, *i)'
Assertion failed on expression: 'pred(*previous, *i)'
Assertion failed on expression: 'pred(*previous, *i)'
Assertion failed on expression: 'pred(*previous, *i)'
Assertion failed on expression: 'pred(*previous, *i)'
Assertion failed on expression: 'pred(*previous, *i)'
Assertion failed on expression: 'pred(*previous, *i)'
Assertion failed on expression: 'pred(*previous, *i)'
Assertion failed on expression: 'pred(*previous, *i)'
Assertion failed on expression: 'pred(*previous, *i)'
Assertion failed on expression: 'pred(*previous, *i)'
Assertion failed on expression: 'pred(*previous, *i)'
Assertion failed on expression: 'pred(*previous, *i)'
Assertion failed on expression: 'pred(*previous, *i)'
Assertion failed on expression: 'pred(*previous, *i)'
Assertion failed on expression: 'pred(*previous, *i)'
Assertion failed on expression: 'pred(*previous, *i)'
Assertion failed on expression: 'pred(*previous, *i)'
Assertion failed on expression: 'pred(*previous, *i)'
Assertion failed on expression: 'pred(*previous, *i)'
Assertion failed on expression: 'pred(*previous, *i)'
Assertion failed on expression: 'pred(*previous, *i)'
Assertion failed on expression: 'pred(*previous, *i)'
Assertion failed on expression: 'pred(*previous, *i)'
Assertion failed on expression: 'pred(*previous, *i)'
Assertion failed on expression: 'pred(*previous, *i)'
Assertion failed on expression: 'pred(*previous, *i)'
Assertion failed on expression: 'pred(*previous, *i)'
Assertion failed on expression: 'pred(*previous, *i)'
Assertion failed on expression: 'pred(*previous, *i)'
Assertion failed on expression: 'pred(*previous, *i)'
Assertion failed on expression: 'pred(*previous, *i)'
Assertion failed on expression: 'pred(*previous, *i)'
Assertion failed on expression: 'pred(*previous, *i)'
Assertion failed on expression: 'pred(*previous, *i)'
Assertion failed on expression: 'pred(*previous, *i)'
Assertion failed on expression: 'pred(*previous, *i)'
Assertion failed on expression: 'pred(*previous, *i)'
Assertion failed on expression: 'pred(*previous, *i)'
Assertion failed on expression: 'pred(*previous, *i)'
Assertion failed on expression: 'pred(*previous, *i)'
Assertion failed on expression: 'pred(*previous, *i)'
Assertion failed on expression: 'pred(*previous, *i)'
Assertion failed on expression: 'pred(*previous, *i)'
Assertion failed on expression: 'pred(*previous, *i)'
Assertion failed on expression: 'pred(*previous, *i)'
Assertion failed on expression: 'pred(*previous, *i)'
Assertion failed on expression: 'pred(*previous, *i)'
Assertion failed on expression: 'pred(*previous, *i)'
Assertion failed on expression: 'pred(*previous, *i)'
Assertion failed on expression: 'pred(*previous, *i)'
Assertion failed on expression: 'pred(*previous, *i)'
Assertion failed on expression: 'pred(*previous, *i)'
Assertion failed on expression: 'pred(*previous, *i)'
Assertion failed on expression: 'pred(*previous, *i)'
Assertion failed on expression: 'pred(*previous, *i)'
Assertion failed on expression: 'pred(*previous, *i)'
Assertion failed on expression: 'pred(*previous, *i)'
Assertion failed on expression: 'pred(*previous, *i)'
Assertion failed on expression: 'pred(*previous, *i)'
Assertion failed on expression: 'pred(*previous, *i)'
Assertion failed on expression: 'pred(*previous, *i)'
Assertion failed on expression: 'pred(*previous, *i)'
Assertion failed on expression: 'pred(*previous, *i)'
Assertion failed on expression: 'pred(*previous, *i)'
Assertion failed on expression: 'pred(*previous, *i)'
Assertion failed on expression: 'pred(*previous, *i)'
Assertion failed on expression: 'pred(*previous, *i)'
Assertion failed on expression: 'pred(*previous, *i)'
Assertion failed on expression: 'pred(*previous, *i)'
Assertion failed on expression: 'pred(*previous, *i)'
Assertion failed on expression: 'pred(*previous, *i)'
Assertion failed on expression: 'pred(*previous, *i)'
Assertion failed on expression: 'pred(*previous, *i)'
Assertion failed on expression: 'pred(*previous, *i)'
Assertion failed on expression: 'pred(*previous, *i)'
Assertion failed on expression: 'pred(*previous, *i)'
Assertion failed on expression: 'pred(*previous, *i)'
Assertion failed on expression: 'pred(*previous, *i)'
Assertion failed on expression: 'pred(*previous, *i)'
Assertion failed on expression: 'pred(*previous, *i)'
Assertion failed on expression: 'pred(*previous, *i)'
Assertion failed on expression: 'pred(*previous, *i)'
Assertion failed on expression: 'pred(*previous, *i)'
Assertion failed on expression: 'pred(*previous, *i)'
Assertion failed on expression: 'pred(*previous, *i)'
Assertion failed on expression: 'pred(*previous, *i)'
Assertion failed on expression: 'pred(*previous, *i)'
Assertion failed on expression: 'pred(*previous, *i)'
Assertion failed on expression: 'pred(*previous, *i)'
Assertion failed on expression: 'pred(*previous, *i)'
Assertion failed on expression: 'pred(*previous, *i)'
Assertion failed on expression: 'pred(*previous, *i)'
Assertion failed on expression: 'pred(*previous, *i)'
Assertion failed on expression: 'pred(*previous, *i)'
Assertion failed on expression: 'pred(*previous, *i)'
Assertion failed on expression: 'pred(*previous, *i)'
Assertion failed on expression: 'pred(*previous, *i)'
Assertion failed on expression: 'pred(*previous, *i)'
Assertion failed on expression: 'pred(*previous, *i)'
Assertion failed on expression: 'pred(*previous, *i)'
Assertion failed on expression: 'pred(*previous, *i)'
Assertion failed on expression: 'pred(*previous, *i)'
Assertion failed on expression: 'pred(*previous, *i)'
Assertion failed on expression: 'pred(*previous, *i)'
Assertion failed on expression: 'pred(*previous, *i)'
Assertion failed on expression: 'pred(*previous, *i)'
Assertion failed on expression: 'pred(*previous, *i)'
Assertion failed on expression: 'pred(*previous, *i)'
Assertion failed on expression: 'pred(*previous, *i)'
Assertion failed on expression: 'pred(*previous, *i)'
Assertion failed on expression: 'pred(*previous, *i)'
Assertion failed on expression: 'pred(*previous, *i)'
Assertion failed on expression: 'pred(*previous, *i)'
Assertion failed on expression: 'pred(*previous, *i)'
Assertion failed on expression: 'pred(*previous, *i)'
Assertion failed on expression: 'pred(*previous, *i)'
Assertion failed on expression: 'pred(*previous, *i)'
Assertion failed on expression: 'pred(*previous, *i)'
Assertion failed on expression: 'pred(*previous, *i)'
Assertion failed on expression: 'pred(*previous, *i)'
Assertion failed on expression: 'pred(*previous, *i)'
Assertion failed on expression: 'pred(*previous, *i)'
Assertion failed on expression: 'pred(*previous, *i)'
Assertion failed on expression: 'pred(*previous, *i)'
Assertion failed on expression: 'pred(*previous, *i)'
Assertion failed on expression: 'pred(*previous, *i)'
Assertion failed on expression: 'pred(*previous, *i)'
Assertion failed on expression: 'pred(*previous, *i)'
Assertion failed on expression: 'pred(*previous, *i)'
Assertion failed on expression: 'pred(*previous, *i)'
Assertion failed on expression: 'pred(*previous, *i)'
Assertion failed on expression: 'pred(*previous, *i)'
Assertion failed on expression: 'pred(*previous, *i)'
Assertion failed on expression: 'pred(*previous, *i)'
Assertion failed on expression: 'pred(*previous, *i)'
Assertion failed on expression: 'pred(*previous, *i)'
Assertion failed on expression: 'pred(*previous, *i)'
Assertion failed on expression: 'pred(*previous, *i)'
Assertion failed on expression: 'pred(*previous, *i)'
Assertion failed on expression: 'pred(*previous, *i)'
Assertion failed on expression: 'pred(*previous, *i)'
Assertion failed on expression: 'pred(*previous, *i)'
Assertion failed on expression: 'pred(*previous, *i)'
Assertion failed on expression: 'pred(*previous, *i)'
Assertion failed on expression: 'pred(*previous, *i)'
Assertion failed on expression: 'pred(*previous, *i)'
Assertion failed on expression: 'pred(*previous, *i)'
Assertion failed on expression: 'pred(*previous, *i)'
Assertion failed on expression: 'pred(*previous, *i)'
Assertion failed on expression: 'pred(*previous, *i)'
Assertion failed on expression: 'pred(*previous, *i)'
Assertion failed on expression: 'pred(*previous, *i)'
Assertion failed on expression: 'pred(*previous, *i)'
Assertion failed on expression: 'pred(*previous, *i)'
Assertion failed on expression: 'pred(*previous, *i)'
Assertion failed on expression: 'pred(*previous, *i)'
Assertion failed on expression: 'pred(*previous, *i)'
Assertion failed on expression: 'pred(*previous, *i)'
Assertion failed on expression: 'pred(*previous, *i)'
Assertion failed on expression: 'pred(*previous, *i)'
Assertion failed on expression: 'pred(*previous, *i)'
Assertion failed on expression: 'pred(*previous, *i)'
Assertion failed on expression: 'pred(*previous, *i)'
Assertion failed on expression: 'pred(*previous, *i)'
Assertion failed on expression: 'pred(*previous, *i)'
Assertion failed on expression: 'pred(*previous, *i)'
Assertion failed on expression: 'pred(*previous, *i)'
Assertion failed on expression: 'pred(*previous, *i)'
Assertion failed on expression: 'pred(*previous, *i)'
Assertion failed on expression: 'pred(*previous, *i)'
Assertion failed on expression: 'pred(*previous, *i)'
Assertion failed on expression: 'pred(*previous, *i)'
Assertion failed on expression: 'pred(*previous, *i)'
Assertion failed on expression: 'pred(*previous, *i)'
Assertion failed on expression: 'pred(*previous, *i)'
Assertion failed on expression: 'pred(*previous, *i)'
Assertion failed on expression: 'pred(*previous, *i)'
Assertion failed on expression: 'pred(*previous, *i)'
Assertion failed on expression: 'pred(*previous, *i)'
Assertion failed on expression: 'pred(*previous, *i)'
Assertion failed on expression: 'pred(*previous, *i)'
Assertion failed on expression: 'pred(*previous, *i)'
Assertion failed on expression: 'pred(*previous, *i)'
Assertion failed on expression: 'pred(*previous, *i)'
Assertion failed on expression: 'pred(*previous, *i)'
Assertion failed on expression: 'pred(*previous, *i)'
Assertion failed on expression: 'pred(*previous, *i)'
Assertion failed on expression: 'pred(*previous, *i)'
Assertion failed on expression: 'pred(*previous, *i)'
Assertion failed on expression: 'pred(*previous, *i)'
Assertion failed on expression: 'pred(*previous, *i)'
Assertion failed on expression: 'pred(*previous, *i)'
Assertion failed on expression: 'pred(*previous, *i)'
Assertion failed on expression: 'pred(*previous, *i)'
Assertion failed on expression: 'pred(*previous, *i)'
Assertion failed on expression: 'pred(*previous, *i)'
Assertion failed on expression: 'pred(*previous, *i)'
Assertion failed on expression: 'pred(*previous, *i)'
Assertion failed on expression: 'pred(*previous, *i)'
Assertion failed on expression: 'pred(*previous, *i)'
Assertion failed on expression: 'pred(*previous, *i)'
Assertion failed on expression: 'pred(*previous, *i)'
Assertion failed on expression: 'pred(*previous, *i)'
Assertion failed on expression: 'pred(*previous, *i)'
Assertion failed on expression: 'pred(*previous, *i)'
Assertion failed on expression: 'pred(*previous, *i)'
Assertion failed on expression: 'pred(*previous, *i)'
Assertion failed on expression: 'pred(*previous, *i)'
Assertion failed on expression: 'pred(*previous, *i)'
Assertion failed on expression: 'pred(*previous, *i)'
Assertion failed on expression: 'pred(*previous, *i)'
Assertion failed on expression: 'pred(*previous, *i)'
Assertion failed on expression: 'pred(*previous, *i)'
Assertion failed on expression: 'pred(*previous, *i)'
Assertion failed on expression: 'pred(*previous, *i)'
Assertion failed on expression: 'pred(*previous, *i)'
Assertion failed on expression: 'pred(*previous, *i)'
Assertion failed on expression: 'pred(*previous, *i)'
Assertion failed on expression: 'pred(*previous, *i)'
Assertion failed on expression: 'pred(*previous, *i)'
Assertion failed on expression: 'pred(*previous, *i)'
Assertion failed on expression: 'pred(*previous, *i)'
Assertion failed on expression: 'pred(*previous, *i)'
Assertion failed on expression: 'pred(*previous, *i)'
Assertion failed on expression: 'pred(*previous, *i)'
Assertion failed on expression: 'pred(*previous, *i)'
Assertion failed on expression: 'pred(*previous, *i)'
Assertion failed on expression: 'pred(*previous, *i)'
Assertion failed on expression: 'pred(*previous, *i)'
Assertion failed on expression: 'pred(*previous, *i)'
Assertion failed on expression: 'pred(*previous, *i)'
Assertion failed on expression: 'pred(*previous, *i)'
Assertion failed on expression: 'pred(*previous, *i)'
Assertion failed on expression: 'pred(*previous, *i)'
Assertion failed on expression: 'pred(*previous, *i)'
Assertion failed on expression: 'pred(*previous, *i)'
Assertion failed on expression: 'pred(*previous, *i)'
Assertion failed on expression: 'pred(*previous, *i)'
Assertion failed on expression: 'pred(*previous, *i)'
Assertion failed on expression: 'pred(*previous, *i)'
Assertion failed on expression: 'pred(*previous, *i)'
Assertion failed on expression: 'pred(*previous, *i)'
Assertion failed on expression: 'pred(*previous, *i)'
Assertion failed on expression: 'pred(*previous, *i)'
Assertion failed on expression: 'pred(*previous, *i)'
Assertion failed on expression: 'pred(*previous, *i)'
Assertion failed on expression: 'pred(*previous, *i)'
Assertion failed on expression: 'pred(*previous, *i)'
Assertion failed on expression: 'pred(*previous, *i)'
Assertion failed on expression: 'pred(*previous, *i)'
Assertion failed on expression: 'pred(*previous, *i)'
Assertion failed on expression: 'pred(*previous, *i)'
Assertion failed on expression: 'pred(*previous, *i)'
Assertion failed on expression: 'pred(*previous, *i)'
Assertion failed on expression: 'pred(*previous, *i)'
Assertion failed on expression: 'pred(*previous, *i)'
Assertion failed on expression: 'pred(*previous, *i)'
Assertion failed on expression: 'pred(*previous, *i)'
Assertion failed on expression: 'pred(*previous, *i)'
Assertion failed on expression: 'pred(*previous, *i)'
Assertion failed on expression: 'pred(*previous, *i)'
Assertion failed on expression: 'pred(*previous, *i)'
Assertion failed on expression: 'pred(*previous, *i)'
Assertion failed on expression: 'pred(*previous, *i)'
Assertion failed on expression: 'pred(*previous, *i)'
Assertion failed on expression: 'pred(*previous, *i)'
Assertion failed on expression: 'pred(*previous, *i)'
Assertion failed on expression: 'pred(*previous, *i)'
Assertion failed on expression: 'pred(*previous, *i)'
Assertion failed on expression: 'pred(*previous, *i)'
Assertion failed on expression: 'pred(*previous, *i)'
Assertion failed on expression: 'pred(*previous, *i)'
Assertion failed on expression: 'pred(*previous, *i)'
Assertion failed on expression: 'pred(*previous, *i)'
Assertion failed on expression: 'pred(*previous, *i)'
Assertion failed on expression: 'pred(*previous, *i)'
Assertion failed on expression: 'pred(*previous, *i)'
Assertion failed on expression: 'pred(*previous, *i)'
Assertion failed on expression: 'pred(*previous, *i)'
Assertion failed on expression: 'pred(*previous, *i)'
Assertion failed on expression: 'pred(*previous, *i)'
Assertion failed on expression: 'pred(*previous, *i)'
Assertion failed on expression: 'pred(*previous, *i)'
Assertion failed on expression: 'pred(*previous, *i)'
Assertion failed on expression: 'pred(*previous, *i)'
Assertion failed on expression: 'pred(*previous, *i)'
Assertion failed on expression: 'pred(*previous, *i)'
Assertion failed on expression: 'pred(*previous, *i)'
Assertion failed on expression: 'pred(*previous, *i)'
Assertion failed on expression: 'pred(*previous, *i)'
Assertion failed on expression: 'pred(*previous, *i)'
Assertion failed on expression: 'pred(*previous, *i)'
Assertion failed on expression: 'pred(*previous, *i)'
Assertion failed on expression: 'pred(*previous, *i)'
Assertion failed on expression: 'pred(*previous, *i)'
Assertion failed on expression: 'pred(*previous, *i)'
Assertion failed on expression: 'pred(*previous, *i)'
Assertion failed on expression: 'pred(*previous, *i)'
Assertion failed on expression: 'pred(*previous, *i)'
Assertion failed on expression: 'pred(*previous, *i)'
Assertion failed on expression: 'pred(*previous, *i)'
Assertion failed on expression: 'pred(*previous, *i)'
Assertion failed on expression: 'pred(*previous, *i)'
Assertion failed on expression: 'pred(*previous, *i)'
Native extension for WindowsStandalone target not found
[Package Manager] Failed to launch server process. Reason: Unity was launched with the -noUpm command-line argument
[Package Manager] Unable to send message (not connected to server process).
[Package Manager] Cannot connect to Unity Package Manager local server
Refreshing native plugins compatible for Editor in 11.11 ms, found 6 plugins.
[Package Manager] Failed to launch server process. Reason: Unity was launched with the -noUpm command-line argument
[Package Manager] Unable to send message (not connected to server process).
[Package Manager] Cannot connect to Unity Package Manager local server
[Licensing::Client] Error: Code 404 while processing request (status: Found 0 entitlement groups and 0 free entitlements matching requested entitlement ids)
[Licensing::Client] Error: Code 404 while processing request (status: Found 0 entitlement groups and 0 free entitlements matching requested entitlement ids)
[Licensing::Client] Error: Code 404 while processing request (status: Found 0 entitlement groups and 0 free entitlements matching requested entitlement ids)
ScheduleIndexationOnStartup MainProcess:False IndexOnStartup:True
Mono: successfully reloaded assembly
- Finished resetting the current domain, in 39.076 seconds
Domain Reload Profiling: 40719ms
	BeginReloadAssembly (324ms)
		DisableScriptedObjects (11ms)
		CreateAndSetChildDomain (52ms)
	RebuildCommonClasses (47ms)
	RebuildNativeTypeToScriptingClass (18ms)
	initialDomainReloadingComplete (152ms)
	LoadAllAssembliesAndSetupDomain (1101ms)
		LoadAssemblies (617ms)
		AnalyzeDomain (643ms)
			TypeCache.Refresh (435ms)
				TypeCache.ScanAssembly (413ms)
			BuildScriptInfoCaches (196ms)
			ResolveRequiredComponents (9ms)
	FinalizeReload (39076ms)
		SetupLoadedEditorAssemblies (0ms)
			BeforeProcessingInitializeOnLoad (253ms)
			ProcessInitializeOnLoadAttributes (26409ms)
			ProcessInitializeOnLoadMethodAttributes (12005ms)
			AfterProcessingInitializeOnLoad (66ms)
			EditorAssembliesLoaded (5ms)
		AwakeInstancesAfterBackupRestoration (18ms)
Refreshing native plugins compatible for Editor in 21.06 ms, found 6 plugins.
Unloading 142 Unused Serialized files (Serialized files now loaded: 0)
Unloading 9148 unused Assets / (28.4 MB). Loaded Objects now: 9610.
Memory consumption went from 218.6 MB to 190.2 MB.
Total: 59.888400 ms (FindLiveObjects: 2.898600 ms CreateObjectMapping: 3.370400 ms MarkObjects: 28.153900 ms  DeleteObjects: 25.463000 ms)

Prepare: number of updated asset objects reloaded= 0
========================================================================
Received Import Request.
  Time since last request: 389.307753 seconds.
  path: Assets/PrefabInstance/Adamantite.prefab
  importAddress: Guid(13c831bc9c646a34bab72a254f3531b0) Importer(815301076,1909f56bfc062723c751e8b465ee728b)
Start importing Assets/PrefabInstance/Adamantite.prefab using Guid(13c831bc9c646a34bab72a254f3531b0) Importer(815301076,1909f56bfc062723c751e8b465ee728b) (PreviewImporter) -> (Import Result ID: '0fbdb568c8e7d2e7a2faa3ad7d4cd92f') in 0.379747 seconds [static and dynamic dependencies]. Details - ImportResultOutputID=c27f651f7c041d3072dc27d7e8c96c8c DependenciesID=64242fc4d9bdaa642d56a2c3d7ae5d40 StaticDependenciesID=23610d1d2ec1a4b98cf3d2497f7f344d 
Number of updated asset objects reloaded before import = 0Number of asset objects unloaded after import = 200

========================================================================
Received Import Request.
  Time since last request: 0.000047 seconds.
  path: Assets/PrefabInstance/BossShrineGuardian.prefab
  importAddress: Guid(dc1fc9aab3082b344a5c2ea80ca5e421) Importer(815301076,1909f56bfc062723c751e8b465ee728b)
Start importing Assets/PrefabInstance/BossShrineGuardian.prefab using Guid(dc1fc9aab3082b344a5c2ea80ca5e421) Importer(815301076,1909f56bfc062723c751e8b465ee728b) (PreviewImporter) -> (Import Result ID: 'd48d0384e0aa47800d2587169c686133') in 0.71238 seconds [static and dynamic dependencies]. Details - ImportResultOutputID=13fa7e670cf8132931c804c633c900a1 DependenciesID=05632f70b3cc83e20e2204ec05be8486 StaticDependenciesID=3e1331c29b40df8bc7f86db749a9ae21 
Number of updated asset objects reloaded before import = 0Number of asset objects unloaded after import = 746

========================================================================
Received Import Request.
  Time since last request: 0.000057 seconds.
  path: Assets/PrefabInstance/ChestPlayer.prefab
  importAddress: Guid(3ab21166c76a48341886da8fd54f4c4d) Importer(815301076,1909f56bfc062723c751e8b465ee728b)
Start importing Assets/PrefabInstance/ChestPlayer.prefab using Guid(3ab21166c76a48341886da8fd54f4c4d) Importer(815301076,1909f56bfc062723c751e8b465ee728b) (PreviewImporter) -> (Import Result ID: '78a78afb0649238b6e75215de147c49e') in 0.1064758 seconds [static and dynamic dependencies]. Details - ImportResultOutputID=314008ae83f0ca00be9a42de25bcaac6 DependenciesID=33590b0d46acf773259ca8229a612eea StaticDependenciesID=48011dd992c5bf68ee68feb501e5465b 
Number of updated asset objects reloaded before import = 0Number of asset objects unloaded after import = 151

========================================================================
Received Import Request.
  Time since last request: 0.000027 seconds.
  path: Assets/PrefabInstance/CoalPickup.prefab
  importAddress: Guid(e510cfd7aa5d69841b3de7e251bf982d) Importer(815301076,1909f56bfc062723c751e8b465ee728b)
Start importing Assets/PrefabInstance/CoalPickup.prefab using Guid(e510cfd7aa5d69841b3de7e251bf982d) Importer(815301076,1909f56bfc062723c751e8b465ee728b) (PreviewImporter) -> (Import Result ID: '4fedf036e79af41849deadc54f591f97') in 0.0270432 seconds [static and dynamic dependencies]. Details - ImportResultOutputID=9130699f0a92d9f90a78d17fe6350935 DependenciesID=fc8b7eae17e078cd591f3347e962d214 StaticDependenciesID=73551ddb7147f02a3582457d51cc4d33 
Number of updated asset objects reloaded before import = 0Number of asset objects unloaded after import = 15

========================================================================
Received Import Request.
  Time since last request: 0.000034 seconds.
  path: Assets/PrefabInstance/ArrowHitFx.prefab
  importAddress: Guid(66df728c6b162bd4c88196c39d577416) Importer(815301076,1909f56bfc062723c751e8b465ee728b)
Start importing Assets/PrefabInstance/ArrowHitFx.prefab using Guid(66df728c6b162bd4c88196c39d577416) Importer(815301076,1909f56bfc062723c751e8b465ee728b) (PreviewImporter) -> (Import Result ID: '6c1d5967e309ebb4ec0b0762f1a5d7ed') in 0.0352505 seconds [static and dynamic dependencies]. Details - ImportResultOutputID=abec881858fe4fcadc1cd68c4be4f76d DependenciesID=c1309c2b2d31658114ea128ccbea33f2 StaticDependenciesID=62b260482e3baaf41af6216dce9891fa 
Number of updated asset objects reloaded before import = 0Number of asset objects unloaded after import = 12

========================================================================
Received Import Request.
  Time since last request: 0.000036 seconds.
  path: Assets/PrefabInstance/BoolSetting.prefab
  importAddress: Guid(3d129a03c8f2e8c4db17f082766d790a) Importer(815301076,1909f56bfc062723c751e8b465ee728b)
Start importing Assets/PrefabInstance/BoolSetting.prefab using Guid(3d129a03c8f2e8c4db17f082766d790a) Importer(815301076,1909f56bfc062723c751e8b465ee728b) (PreviewImporter) -> (Import Result ID: 'dec0a11b5ba5b5c8adcf85d4ae30f2eb') in 0.0412803 seconds [static and dynamic dependencies]. Details - ImportResultOutputID=ce139e5674b27426040c24e5385772a2 DependenciesID=8244fcba314bf103daf519c0b8ef5390 StaticDependenciesID=0f39d3737ad175ca07b16d598e0bc3a4 
Number of updated asset objects reloaded before import = 0Number of asset objects unloaded after import = 38

========================================================================
Received Import Request.
  Time since last request: 0.000026 seconds.
  path: Assets/PrefabInstance/CreativeCell.prefab
  importAddress: Guid(9f6123529bced7342b6184f54ee41904) Importer(815301076,1909f56bfc062723c751e8b465ee728b)
Start importing Assets/PrefabInstance/CreativeCell.prefab using Guid(9f6123529bced7342b6184f54ee41904) Importer(815301076,1909f56bfc062723c751e8b465ee728b) (PreviewImporter) -> (Import Result ID: '15cee40379d6d64640bea26c2f2748af') in 0.110552 seconds [static and dynamic dependencies]. Details - ImportResultOutputID=0f2289d91240ea14527598a35454b191 DependenciesID=3bbcbe72f86dc1001d4da7299e15d068 StaticDependenciesID=c15f9a3780e343526e9f420d5bc8934b 
Number of updated asset objects reloaded before import = 0Number of asset objects unloaded after import = 30

========================================================================
Received Import Request.
  Time since last request: 0.000039 seconds.
  path: Assets/PrefabInstance/Cauldron.prefab
  importAddress: Guid(04f2a3c8711d91a4ba85db6306935309) Importer(815301076,1909f56bfc062723c751e8b465ee728b)
Start importing Assets/PrefabInstance/Cauldron.prefab using Guid(04f2a3c8711d91a4ba85db6306935309) Importer(815301076,1909f56bfc062723c751e8b465ee728b) (PreviewImporter) -> (Import Result ID: '93954cded668c6f5dcd679c6e7f66d7b') in 0.2265698 seconds [static and dynamic dependencies]. Details - ImportResultOutputID=6e75097acb599770b11fdaf6a3db980d DependenciesID=4e73b65577094d8670427229b08dd170 StaticDependenciesID=f26f2c48a8285ea0e9d81de9e0cace99 
Number of updated asset objects reloaded before import = 0Number of asset objects unloaded after import = 165

========================================================================
Received Import Request.
  Time since last request: 0.000033 seconds.
  path: Assets/PrefabInstance/BuildFx.prefab
  importAddress: Guid(ef5c083f901480f4685e11f0f3e2795e) Importer(815301076,1909f56bfc062723c751e8b465ee728b)
Start importing Assets/PrefabInstance/BuildFx.prefab using Guid(ef5c083f901480f4685e11f0f3e2795e) Importer(815301076,1909f56bfc062723c751e8b465ee728b) (PreviewImporter) -> (Import Result ID: 'bdff56038fe599c9b3daf736d20a84d7') in 0.0918596 seconds [static and dynamic dependencies]. Details - ImportResultOutputID=0798d8fa35e376ebfd4a286696ee7472 DependenciesID=b71e48254411f3d83b2c80a7091e3b2e StaticDependenciesID=abb5d6e4be1b01b4e899bf862b756cf5 
Number of updated asset objects reloaded before import = 0Number of asset objects unloaded after import = 16

========================================================================
Received Import Request.
  Time since last request: 0.000040 seconds.
  path: Assets/PrefabInstance/Cave.prefab
  importAddress: Guid(7eb212b28c384014399c629cb04e1b81) Importer(815301076,1909f56bfc062723c751e8b465ee728b)
Start importing Assets/PrefabInstance/Cave.prefab using Guid(7eb212b28c384014399c629cb04e1b81) Importer(815301076,1909f56bfc062723c751e8b465ee728b) (PreviewImporter) -> (Import Result ID: '21e887c2c31af9ceb2641f315fdb926e') in 0.3829904 seconds [static and dynamic dependencies]. Details - ImportResultOutputID=af80309dea34cebeb6458d7d0728bac9 DependenciesID=d0fb1cd7c28fb777a612fa7024e102f7 StaticDependenciesID=ebc50b9b42848a772c4b90db655f0c56 
Number of updated asset objects reloaded before import = 0Number of asset objects unloaded after import = 477

========================================================================
Received Import Request.
  Time since last request: 0.000030 seconds.
  path: Assets/PrefabInstance/BossShrineChunk.prefab
  importAddress: Guid(207f38655ca215d4cb4eef49deae6bb3) Importer(815301076,1909f56bfc062723c751e8b465ee728b)
Start importing Assets/PrefabInstance/BossShrineChunk.prefab using Guid(207f38655ca215d4cb4eef49deae6bb3) Importer(815301076,1909f56bfc062723c751e8b465ee728b) (PreviewImporter) -> (Import Result ID: '5daf790638da3be079c9cdf7d7e404ed') in 0.4758065 seconds [static and dynamic dependencies]. Details - ImportResultOutputID=caec7d1704e0401cb363572effb69549 DependenciesID=ad06713ed9a9133d6c03f601e8488465 StaticDependenciesID=fc9af7b26a7129b60fded872cbc61711 
Number of updated asset objects reloaded before import = 0Number of asset objects unloaded after import = 662

========================================================================
Received Import Request.
  Time since last request: 0.000060 seconds.
  path: Assets/PrefabInstance/ControlSetting.prefab
  importAddress: Guid(e20b29e7cb9ad314cbde735f7083f2b8) Importer(815301076,1909f56bfc062723c751e8b465ee728b)
Start importing Assets/PrefabInstance/ControlSetting.prefab using Guid(e20b29e7cb9ad314cbde735f7083f2b8) Importer(815301076,1909f56bfc062723c751e8b465ee728b) (PreviewImporter) -> (Import Result ID: 'bf5de4830f2a19c981cc0c314e0ae21d') in 0.0464526 seconds [static and dynamic dependencies]. Details - ImportResultOutputID=804dc84a1cb9bc287f93eb12fe8a3b25 DependenciesID=8fa5cb45a3f83ea0da13c5be104fcc8d StaticDependenciesID=cd617cb5cb6765b4f49c1295dc1bd8f9 
Number of updated asset objects reloaded before import = 0Number of asset objects unloaded after import = 43

========================================================================
Received Import Request.
  Time since last request: 0.000038 seconds.
  path: Assets/PrefabInstance/DaveLilAttack.prefab
  importAddress: Guid(adc7efa37deab0c44b9d473143bddc3d) Importer(815301076,1909f56bfc062723c751e8b465ee728b)
Start importing Assets/PrefabInstance/DaveLilAttack.prefab using Guid(adc7efa37deab0c44b9d473143bddc3d) Importer(815301076,1909f56bfc062723c751e8b465ee728b) (PreviewImporter) -> (Import Result ID: 'f68d05b857cb48813dc8bc05fa0100d0') in 0.0295118 seconds [static and dynamic dependencies]. Details - ImportResultOutputID=25747968fbf415835044f72f72e7d19c DependenciesID=5494dd556812978e95ef79accc8015d9 StaticDependenciesID=313558266eeb916263f61eb5ddd989b6 
Number of updated asset objects reloaded before import = 0Number of asset objects unloaded after import = 23

========================================================================
Received Import Request.
  Time since last request: 0.000026 seconds.
  path: Assets/PrefabInstance/Cart.prefab
  importAddress: Guid(9b214c6e411704b45812a1d7a94ceb1c) Importer(815301076,1909f56bfc062723c751e8b465ee728b)
Start importing Assets/PrefabInstance/Cart.prefab using Guid(9b214c6e411704b45812a1d7a94ceb1c) Importer(815301076,1909f56bfc062723c751e8b465ee728b) (PreviewImporter) -> (Import Result ID: '6a715c26978546c1054ec031ea4bc718') in 0.4357544 seconds [static and dynamic dependencies]. Details - ImportResultOutputID=7330539ffe595d9fa4554cfd73d43836 DependenciesID=26d0544119b27936ce7c3ab908f4b0b5 StaticDependenciesID=ded7259c8be2a09741da5cb756c84e32 
Number of updated asset objects reloaded before import = 0Number of asset objects unloaded after import = 523

========================================================================
Received Import Request.
  Time since last request: 5.989509 seconds.
  path: Assets/PrefabInstance/Dragon_Rain.prefab
  importAddress: Guid(ab7b9b2b266a292458cbdcdadeca397d) Importer(815301076,1909f56bfc062723c751e8b465ee728b)
Start importing Assets/PrefabInstance/Dragon_Rain.prefab using Guid(ab7b9b2b266a292458cbdcdadeca397d) Importer(815301076,1909f56bfc062723c751e8b465ee728b) (PreviewImporter) -> (Import Result ID: '4f694a07e4b577b5e2951f47f3399de9') in 0.0096517 seconds [static and dynamic dependencies]. Details - ImportResultOutputID=d0e6c0dbdc99e4e7b9ad2e3b9fb434ce DependenciesID=6df81d863ac217fd997e520f5066b8aa StaticDependenciesID=431586590a2979de148e19d4041797dd 
Number of updated asset objects reloaded before import = 0Number of asset objects unloaded after import = 75

========================================================================
Received Import Request.
  Time since last request: 0.000030 seconds.
  path: Assets/PrefabInstance/DragonFireball.prefab
  importAddress: Guid(850e98dcd95ddf2418e0297fb38081ba) Importer(815301076,1909f56bfc062723c751e8b465ee728b)
Start importing Assets/PrefabInstance/DragonFireball.prefab using Guid(850e98dcd95ddf2418e0297fb38081ba) Importer(815301076,1909f56bfc062723c751e8b465ee728b) (PreviewImporter) -> (Import Result ID: 'cc7ec3a4a995aeda1cf79b17541341bb') in 0.2034416 seconds [static and dynamic dependencies]. Details - ImportResultOutputID=5c35086c1db9187fb7a5589d4a9d684b DependenciesID=a8208000110e880262b7044b6054bd1a StaticDependenciesID=65aadc9c57860b3b2d728f8513365b7c 
Number of updated asset objects reloaded before import = 0Number of asset objects unloaded after import = 82

========================================================================
Received Import Request.
  Time since last request: 0.000028 seconds.
  path: Assets/PrefabInstance/EnemyZone.prefab
  importAddress: Guid(4710c87d4777da542824f7c5ffa4d303) Importer(815301076,1909f56bfc062723c751e8b465ee728b)
Start importing Assets/PrefabInstance/EnemyZone.prefab using Guid(4710c87d4777da542824f7c5ffa4d303) Importer(815301076,1909f56bfc062723c751e8b465ee728b) (PreviewImporter) -> (Import Result ID: 'bf7b3a953db2b7e8bde51dc6319c4b14') in 0.0052437 seconds [static and dynamic dependencies]. Details - ImportResultOutputID=ce6cef5c3a4e5323f0a13f658ffd7cb1 DependenciesID=7169e8967c670e4c48e381ac3e55566c StaticDependenciesID=207c60e3f723d44990a72ddc65319e42 
Number of updated asset objects reloaded before import = 0Number of asset objects unloaded after import = 5

========================================================================
Received Import Request.
  Time since last request: 0.000028 seconds.
  path: Assets/PrefabInstance/DragonHitBoat.prefab
  importAddress: Guid(7fac47f599f1f124abfcf39abe604442) Importer(815301076,1909f56bfc062723c751e8b465ee728b)
Start importing Assets/PrefabInstance/DragonHitBoat.prefab using Guid(7fac47f599f1f124abfcf39abe604442) Importer(815301076,1909f56bfc062723c751e8b465ee728b) (PreviewImporter) -> (Import Result ID: '25baa4f9c261a716fc984d825507a714') in 0.0611885 seconds [static and dynamic dependencies]. Details - ImportResultOutputID=40b610baa61ccc64245261afdb11bfdc DependenciesID=23142342ecdeed3b48ebcbcbe6e806fd StaticDependenciesID=ce4a3b2f9d4cc5e01d25b4deb1259ad3 
Number of updated asset objects reloaded before import = 0Number of asset objects unloaded after import = 64

========================================================================
Received Import Request.
  Time since last request: 0.000037 seconds.
  path: Assets/PrefabInstance/DragonWaterSplash.prefab
  importAddress: Guid(8fc06aae449ac7c4590c07bc2a4fcd5e) Importer(815301076,1909f56bfc062723c751e8b465ee728b)
Start importing Assets/PrefabInstance/DragonWaterSplash.prefab using Guid(8fc06aae449ac7c4590c07bc2a4fcd5e) Importer(815301076,1909f56bfc062723c751e8b465ee728b) (PreviewImporter) -> (Import Result ID: '997a3114e8f62549c925838bc29626b9') in 0.047858 seconds [static and dynamic dependencies]. Details - ImportResultOutputID=a3006e1a7bf5cf1ec42754b1a9dde8d1 DependenciesID=4696c3768762a4bc57c6750ea08f9c3c StaticDependenciesID=fd528e193889a72ad89d44764ea59b56 
Number of updated asset objects reloaded before import = 0Number of asset objects unloaded after import = 14

========================================================================
Received Import Request.
  Time since last request: 0.000029 seconds.
  path: Assets/PrefabInstance/DragonRoar.prefab
  importAddress: Guid(59732c2f8e90d61469f35a72e3ae6b32) Importer(815301076,1909f56bfc062723c751e8b465ee728b)
Start importing Assets/PrefabInstance/DragonRoar.prefab using Guid(59732c2f8e90d61469f35a72e3ae6b32) Importer(815301076,1909f56bfc062723c751e8b465ee728b) (PreviewImporter) -> (Import Result ID: '59f9e82e896019c893dd6b189a216363') in 0.0046367 seconds [static and dynamic dependencies]. Details - ImportResultOutputID=fa5081fb8a071c1ef21f7dafc7ce8a71 DependenciesID=d2ba158d632c07835614fdcfc9ca0b66 StaticDependenciesID=9105a2510b8bfbad26ea4b5f875bcb96 
Number of updated asset objects reloaded before import = 0Number of asset objects unloaded after import = 7

========================================================================
Received Import Request.
  Time since last request: 0.000105 seconds.
  path: Assets/PrefabInstance/EnemyHitFxJuice.prefab
  importAddress: Guid(5dae518b18b68a34f845dc95348009a0) Importer(815301076,1909f56bfc062723c751e8b465ee728b)
Start importing Assets/PrefabInstance/EnemyHitFxJuice.prefab using Guid(5dae518b18b68a34f845dc95348009a0) Importer(815301076,1909f56bfc062723c751e8b465ee728b) (PreviewImporter) -> (Import Result ID: '3d4d3b8350c826cecd3cee2a9f541810') in 0.0277556 seconds [static and dynamic dependencies]. Details - ImportResultOutputID=c712dbdc03596a15195df88ab1d0156d DependenciesID=2d69edbe05557c54db979a7daf51512b StaticDependenciesID=530f697b6f2908f84b01990d8568cab5 
Number of updated asset objects reloaded before import = 0Number of asset objects unloaded after import = 33

========================================================================
Received Import Request.
  Time since last request: 9.893941 seconds.
  path: Assets/PrefabInstance/FireBreathAttack (1).prefab
  importAddress: Guid(5b5fb1702c8c09546a319ea629ed9385) Importer(815301076,1909f56bfc062723c751e8b465ee728b)
Start importing Assets/PrefabInstance/FireBreathAttack (1).prefab using Guid(5b5fb1702c8c09546a319ea629ed9385) Importer(815301076,1909f56bfc062723c751e8b465ee728b) (PreviewImporter) -> (Import Result ID: '9d3d4bc4d7b16b90d0754520a97c0be4') in 0.0234792 seconds [static and dynamic dependencies]. Details - ImportResultOutputID=093e51bce25e5b1b8c8020ae9a3fc6fc DependenciesID=22d82f3cca666b2f9bb5c4bd584756f6 StaticDependenciesID=03455307605b61a8f4956d5a31add630 
Number of updated asset objects reloaded before import = 0Number of asset objects unloaded after import = 42

========================================================================
Received Import Request.
  Time since last request: 0.082895 seconds.
  path: Assets/PrefabInstance/FireHitFx.prefab
  importAddress: Guid(4325a31a142edde4587f8e81e9082fa6) Importer(815301076,1909f56bfc062723c751e8b465ee728b)
Start importing Assets/PrefabInstance/FireHitFx.prefab using Guid(4325a31a142edde4587f8e81e9082fa6) Importer(815301076,1909f56bfc062723c751e8b465ee728b) (PreviewImporter) -> (Import Result ID: 'ee6cf58e663635743e9183f9e26783a8') in 0.018487 seconds [static and dynamic dependencies]. Details - ImportResultOutputID=08c902df2401a8cd7000cabfde68447c DependenciesID=3309a62479df5138abd8668772445c55 StaticDependenciesID=cd5e5410e5a07af9fc3f155c3fce3b70 
Number of updated asset objects reloaded before import = 0Number of asset objects unloaded after import = 22

========================================================================
Received Import Request.
  Time since last request: 0.000037 seconds.
  path: Assets/PrefabInstance/FletchingTable.prefab
  importAddress: Guid(5f807c7b0eccd27408dcd211bb264856) Importer(815301076,1909f56bfc062723c751e8b465ee728b)
Start importing Assets/PrefabInstance/FletchingTable.prefab using Guid(5f807c7b0eccd27408dcd211bb264856) Importer(815301076,1909f56bfc062723c751e8b465ee728b) (PreviewImporter) -> (Import Result ID: '015cad00704c5ac4d14cb1dc216e6e29') in 0.0698308 seconds [static and dynamic dependencies]. Details - ImportResultOutputID=ed11a57f099b094b45f4caf185da74cc DependenciesID=7392c5dacf3b0fd45b6e337f0c338451 StaticDependenciesID=0023c29e464f2795b18d37c961f22e56 
Number of updated asset objects reloaded before import = 0Number of asset objects unloaded after import = 99

========================================================================
Received Import Request.
  Time since last request: 0.360649 seconds.
  path: Assets/PrefabInstance/Furnace.prefab
  importAddress: Guid(27621716aba511c4b8d4606f92ac1917) Importer(815301076,1909f56bfc062723c751e8b465ee728b)
Start importing Assets/PrefabInstance/Furnace.prefab using Guid(27621716aba511c4b8d4606f92ac1917) Importer(815301076,1909f56bfc062723c751e8b465ee728b) (PreviewImporter) -> (Import Result ID: '38c2314c8f785ee795ea4e8826dae2c2') in 0.1104302 seconds [static and dynamic dependencies]. Details - ImportResultOutputID=1d996d35e07412263615e80858afbf39 DependenciesID=aa87dbc7b091266ae9b54293f057a7cb StaticDependenciesID=9572c06e056596c708f6e157c4a272a2 
Number of updated asset objects reloaded before import = 0Number of asset objects unloaded after import = 166

========================================================================
Received Import Request.
  Time since last request: 0.012849 seconds.
  path: Assets/PrefabInstance/GoblinSwordProjectile.prefab
  importAddress: Guid(87ab8e012f6b8784bab401792251fe09) Importer(815301076,1909f56bfc062723c751e8b465ee728b)
Start importing Assets/PrefabInstance/GoblinSwordProjectile.prefab using Guid(87ab8e012f6b8784bab401792251fe09) Importer(815301076,1909f56bfc062723c751e8b465ee728b) (PreviewImporter) -> (Import Result ID: '62174a16554e3cb83fe9baabcb5bab80') in 0.0467069 seconds [static and dynamic dependencies]. Details - ImportResultOutputID=63920f2e0e925d0ba625c847cc88161f DependenciesID=9a0b14f5e4a352c182fc9b85a209de8a StaticDependenciesID=f3968f725d704d2746b880bfdff66ba7 
Number of updated asset objects reloaded before import = 0Number of asset objects unloaded after import = 78

========================================================================
Received Import Request.
  Time since last request: 3.078054 seconds.
  path: Assets/PrefabInstance/GridCellCrafting.prefab
  importAddress: Guid(e49dc964da76aa54bb9f19b936cc5217) Importer(815301076,1909f56bfc062723c751e8b465ee728b)
Start importing Assets/PrefabInstance/GridCellCrafting.prefab using Guid(e49dc964da76aa54bb9f19b936cc5217) Importer(815301076,1909f56bfc062723c751e8b465ee728b) (PreviewImporter) -> (Import Result ID: 'd4ce9268dd6a7c4e2f0b9f181c4f0962') in 0.041854 seconds [static and dynamic dependencies]. Details - ImportResultOutputID=eba3847da509c95f3d9e4f8e277cffd3 DependenciesID=3fd56dbae36f32459e3beaf7191c82f5 StaticDependenciesID=0e4f4ab75fb19774d1a6559b49b1841b 
Number of updated asset objects reloaded before import = 0Number of asset objects unloaded after import = 46

========================================================================
Received Import Request.
  Time since last request: 1.290010 seconds.
  path: Assets/PrefabInstance/GronkStep.prefab
  importAddress: Guid(e46967520bf69e44985f59886229523a) Importer(815301076,1909f56bfc062723c751e8b465ee728b)
Start importing Assets/PrefabInstance/GronkStep.prefab using Guid(e46967520bf69e44985f59886229523a) Importer(815301076,1909f56bfc062723c751e8b465ee728b) (PreviewImporter) -> (Import Result ID: '4f95ee858efd7c75cbec26b6bf8523af') in 0.0273275 seconds [static and dynamic dependencies]. Details - ImportResultOutputID=ed815b1f6340cb27b1f4f6d884ea6bd5 DependenciesID=dda6ff727d1d3a422da9513abf5c468c StaticDependenciesID=9d58474e68311600cd5cd59189dfdcd7 
Number of updated asset objects reloaded before import = 0Number of asset objects unloaded after import = 30

========================================================================
Received Import Request.
  Time since last request: 2.891276 seconds.
  path: Assets/PrefabInstance/GuardianMeleeHit.prefab
  importAddress: Guid(487c552634d27944daeb24979f410e68) Importer(815301076,1909f56bfc062723c751e8b465ee728b)
Start importing Assets/PrefabInstance/GuardianMeleeHit.prefab using Guid(487c552634d27944daeb24979f410e68) Importer(815301076,1909f56bfc062723c751e8b465ee728b) (PreviewImporter) -> (Import Result ID: '073e0be9a44caee430014e87c93802c8') in 0.0345377 seconds [static and dynamic dependencies]. Details - ImportResultOutputID=4c1b3ebe2ec52c13d7babde0494a5fbe DependenciesID=97eec66b00adddca4687e08269f666ba StaticDependenciesID=597c9377320e662e3c52f0e823b11686 
Number of updated asset objects reloaded before import = 0Number of asset objects unloaded after import = 52

========================================================================
Received Import Request.
  Time since last request: 1.307215 seconds.
  path: Assets/PrefabInstance/HitNumbers.prefab
  importAddress: Guid(b7996cc3a224b6349b170766238e67b7) Importer(815301076,1909f56bfc062723c751e8b465ee728b)
Start importing Assets/PrefabInstance/HitNumbers.prefab using Guid(b7996cc3a224b6349b170766238e67b7) Importer(815301076,1909f56bfc062723c751e8b465ee728b) (PreviewImporter) -> (Import Result ID: 'af47cde3172254619c5f51f91070d53d') in 0.018816 seconds [static and dynamic dependencies]. Details - ImportResultOutputID=d62253b6cdb460384c1b1a4364f86db3 DependenciesID=67c3350461d4a8149c520b3c14fa39fa StaticDependenciesID=8274893a434d927df07877523eb98fff 
Number of updated asset objects reloaded before import = 0Number of asset objects unloaded after import = 19

========================================================================
Received Import Request.
  Time since last request: 0.562598 seconds.
  path: Assets/PrefabInstance/House_Miner.prefab
  importAddress: Guid(3c20fc27b47a0804484fe90487a6a742) Importer(815301076,1909f56bfc062723c751e8b465ee728b)
Start importing Assets/PrefabInstance/House_Miner.prefab using Guid(3c20fc27b47a0804484fe90487a6a742) Importer(815301076,1909f56bfc062723c751e8b465ee728b) (PreviewImporter) -> (Import Result ID: '432e61ad65c6b7895b9e5a245d0624c7') in 0.5597872 seconds [static and dynamic dependencies]. Details - ImportResultOutputID=9cdfd686f757ef1e9c64ea73f0924e63 DependenciesID=6f5107b99c9f58cfab8581dcd11493f2 StaticDependenciesID=bcc9dac664b8ee57b74a0f37947951e5 
Number of updated asset objects reloaded before import = 0Number of asset objects unloaded after import = 446

========================================================================
Received Import Request.
  Time since last request: 1.766669 seconds.
  path: Assets/PrefabInstance/Iron.prefab
  importAddress: Guid(1acdaf5a04c14d442a2c674001158cb3) Importer(815301076,1909f56bfc062723c751e8b465ee728b)
Start importing Assets/PrefabInstance/Iron.prefab using Guid(1acdaf5a04c14d442a2c674001158cb3) Importer(815301076,1909f56bfc062723c751e8b465ee728b) (PreviewImporter) -> (Import Result ID: 'ded2e7ef814771b314b42497b5750386') in 0.1380081 seconds [static and dynamic dependencies]. Details - ImportResultOutputID=8801c9a4c5c8936cb65fca29fc0057c4 DependenciesID=7e756aa1d3c7454f4ad228d08a92ab4a StaticDependenciesID=87c3636ba3876e53cbf731cfa7ba5378 
Number of updated asset objects reloaded before import = 0Number of asset objects unloaded after import = 209

========================================================================
Received Import Request.
  Time since last request: 1.499608 seconds.
  path: Assets/PrefabInstance/LightningBall.prefab
  importAddress: Guid(97f4446ea083ca94a9ccdb9e119abd51) Importer(815301076,1909f56bfc062723c751e8b465ee728b)
Start importing Assets/PrefabInstance/LightningBall.prefab using Guid(97f4446ea083ca94a9ccdb9e119abd51) Importer(815301076,1909f56bfc062723c751e8b465ee728b) (PreviewImporter) -> (Import Result ID: '849fd0d1c8bedd874637db04dff11c89') in 0.066756 seconds [static and dynamic dependencies]. Details - ImportResultOutputID=980e8a46a38eebc0f6939380c2c24f3a DependenciesID=af88c862496b61254b4ca3206a60f70b StaticDependenciesID=c20175b23049104ea4f937a2011c68de 
Number of updated asset objects reloaded before import = 0Number of asset objects unloaded after import = 51

========================================================================
Received Import Request.
  Time since last request: 0.036651 seconds.
  path: Assets/PrefabInstance/LilDave.prefab
  importAddress: Guid(cf6ce0e8f19b7e34d877fb7828773d71) Importer(815301076,1909f56bfc062723c751e8b465ee728b)
Start importing Assets/PrefabInstance/LilDave.prefab using Guid(cf6ce0e8f19b7e34d877fb7828773d71) Importer(815301076,1909f56bfc062723c751e8b465ee728b) (PreviewImporter) -> (Import Result ID: 'abf7addcc6617dc583f0ce3786bda5c7') in 0.2081599 seconds [static and dynamic dependencies]. Details - ImportResultOutputID=35ac1763791679f420fe8dba34d5af1d DependenciesID=a4ccbc7214cb6de85f01d0bbdc0b521e StaticDependenciesID=4d6e24d4bed9d7336b3a8a4236f4bca4 
Number of updated asset objects reloaded before import = 0Number of asset objects unloaded after import = 332

========================================================================
Received Import Request.
  Time since last request: 6.634290 seconds.
  path: Assets/PrefabInstance/LootChestWhite.prefab
  importAddress: Guid(9d572929b0b239c4b849b4852e26c87b) Importer(815301076,1909f56bfc062723c751e8b465ee728b)
Start importing Assets/PrefabInstance/LootChestWhite.prefab using Guid(9d572929b0b239c4b849b4852e26c87b) Importer(815301076,1909f56bfc062723c751e8b465ee728b) (PreviewImporter) -> (Import Result ID: '44e99c5c3e6a6a68771c73d61eeb61e2') in 0.2051824 seconds [static and dynamic dependencies]. Details - ImportResultOutputID=1153c59970c336cdc702edc7a4b6f02d DependenciesID=af431040b44d8ae2d314821842154ba1 StaticDependenciesID=8e4bb1c37d04d020e3302e25b5f0c825 
Number of updated asset objects reloaded before import = 0Number of asset objects unloaded after import = 226

========================================================================
Received Import Request.
  Time since last request: 18.669418 seconds.
  path: Assets/PrefabInstance/Oak.prefab
  importAddress: Guid(dad9618c60efc384fbef8501276673c6) Importer(815301076,1909f56bfc062723c751e8b465ee728b)
Start importing Assets/PrefabInstance/Oak.prefab using Guid(dad9618c60efc384fbef8501276673c6) Importer(815301076,1909f56bfc062723c751e8b465ee728b) (PreviewImporter) -> (Import Result ID: '5b8a7cb2aa1bff4bc91a7f2c110abcdc') in 0.1513727 seconds [static and dynamic dependencies]. Details - ImportResultOutputID=75ee7268828224d65d42e8d6362ea19b DependenciesID=1c110d71ab38216a30bf91975155e904 StaticDependenciesID=478e99b1b7e56220cddc293d827b2259 
Number of updated asset objects reloaded before import = 0Number of asset objects unloaded after import = 213

========================================================================
Received Import Request.
  Time since last request: 0.388344 seconds.
  path: Assets/PrefabInstance/PickupFx.prefab
  importAddress: Guid(0862b4c2292dadb41bd0b7e6c82bd476) Importer(815301076,1909f56bfc062723c751e8b465ee728b)
Start importing Assets/PrefabInstance/PickupFx.prefab using Guid(0862b4c2292dadb41bd0b7e6c82bd476) Importer(815301076,1909f56bfc062723c751e8b465ee728b) (PreviewImporter) -> (Import Result ID: '341263a584197d6eb4d939058cc6d5ea') in 0.0206646 seconds [static and dynamic dependencies]. Details - ImportResultOutputID=ec2e205b98fd6c0983976eed6097bd8a DependenciesID=e0d9531b5f51615875280a55311b1cd3 StaticDependenciesID=3ec831d49b1e07ff0e971f1552db10aa 
Number of updated asset objects reloaded before import = 0Number of asset objects unloaded after import = 11

========================================================================
Received Import Request.
  Time since last request: 0.070990 seconds.
  path: Assets/PrefabInstance/Planks_Pole.prefab
  importAddress: Guid(9e0fb928ccf56a94cbcbd7db902a23a9) Importer(815301076,1909f56bfc062723c751e8b465ee728b)
Start importing Assets/PrefabInstance/Planks_Pole.prefab using Guid(9e0fb928ccf56a94cbcbd7db902a23a9) Importer(815301076,1909f56bfc062723c751e8b465ee728b) (PreviewImporter) -> (Import Result ID: '5f88a02554856cb67b9625962507faef') in 0.0803338 seconds [static and dynamic dependencies]. Details - ImportResultOutputID=7bad64fc2e47dacc80f9d34ccc1c25e6 DependenciesID=c1a47222965e9ae36435da5a697eec8c StaticDependenciesID=58ba8de3885f2e263deb625ff22add86 
Number of updated asset objects reloaded before import = 0Number of asset objects unloaded after import = 97

========================================================================
Received Import Request.
  Time since last request: 2.048815 seconds.
  path: Assets/PrefabInstance/Planks_Stairs_Half.prefab
  importAddress: Guid(69e4fdf940b1db54a837950bbfabf651) Importer(815301076,1909f56bfc062723c751e8b465ee728b)
Start importing Assets/PrefabInstance/Planks_Stairs_Half.prefab using Guid(69e4fdf940b1db54a837950bbfabf651) Importer(815301076,1909f56bfc062723c751e8b465ee728b) (PreviewImporter) -> (Import Result ID: 'e47866b1eff857b56813a3e675ae5426') in 0.0786369 seconds [static and dynamic dependencies]. Details - ImportResultOutputID=a82aadb3a9e4cd00d92574652598dac3 DependenciesID=2f462e6914f5a5af5c969832b048c965 StaticDependenciesID=dee86ae9ad36ed1efe0628f492538d7d 
Number of updated asset objects reloaded before import = 0Number of asset objects unloaded after import = 97

========================================================================
Received Import Request.
  Time since last request: 66.275376 seconds.
  path: Assets/PrefabInstance/Iron.prefab
  importAddress: Guid(1acdaf5a04c14d442a2c674001158cb3) Importer(815301076,1909f56bfc062723c751e8b465ee728b)
Start importing Assets/PrefabInstance/Iron.prefab using Guid(1acdaf5a04c14d442a2c674001158cb3) Importer(815301076,1909f56bfc062723c751e8b465ee728b) (PreviewImporter) -> (Import Result ID: '66aea789209d55842eb56489343e6a0c') in 0.1715723 seconds [static and dynamic dependencies]. Details - ImportResultOutputID=e37b9d1c41fe15ae597da329e2361594 DependenciesID=defef08ddbdcc95a7ef60eabe6b79721 StaticDependenciesID=2f7cebdb55e31b0b303edba34df371b5 
Number of updated asset objects reloaded before import = 0Number of asset objects unloaded after import = 227

========================================================================
Received Import Request.
  Time since last request: 5.894773 seconds.
  path: Assets/PrefabInstance/Iron.prefab
  importAddress: Guid(1acdaf5a04c14d442a2c674001158cb3) Importer(815301076,1909f56bfc062723c751e8b465ee728b)
Start importing Assets/PrefabInstance/Iron.prefab using Guid(1acdaf5a04c14d442a2c674001158cb3) Importer(815301076,1909f56bfc062723c751e8b465ee728b) (PreviewImporter) -> (Import Result ID: 'efdb695f781a80ffe7c9f10d8f1c808b') in 0.1656006 seconds [static and dynamic dependencies]. Details - ImportResultOutputID=64181a8353e68204925d4660a21b56f9 DependenciesID=e4049051858d3e66f7edabec66353a6e StaticDependenciesID=29c5be1a4c03488070f854a4e12d8e0b 
Number of updated asset objects reloaded before import = 0Number of asset objects unloaded after import = 227

========================================================================
Received Import Request.
  Time since last request: 6.677935 seconds.
  path: Assets/PrefabInstance/Iron.prefab
  importAddress: Guid(1acdaf5a04c14d442a2c674001158cb3) Importer(815301076,1909f56bfc062723c751e8b465ee728b)
Start importing Assets/PrefabInstance/Iron.prefab using Guid(1acdaf5a04c14d442a2c674001158cb3) Importer(815301076,1909f56bfc062723c751e8b465ee728b) (PreviewImporter) -> (Import Result ID: 'e40f884328086bd8d93811ccdb967766') in 0.1651637 seconds [static and dynamic dependencies]. Details - ImportResultOutputID=90ad0cb26e24e24f94a557137f6b2a05 DependenciesID=ff2b925b7059144bd12f7f9f8206d66a StaticDependenciesID=684f631bd96a358a0d370d7c51f6b0a7 
Number of updated asset objects reloaded before import = 0Number of asset objects unloaded after import = 227

========================================================================
Received Import Request.
  Time since last request: 4.054405 seconds.
  path: Assets/PrefabInstance/Iron.prefab
  importAddress: Guid(1acdaf5a04c14d442a2c674001158cb3) Importer(815301076,1909f56bfc062723c751e8b465ee728b)
Start importing Assets/PrefabInstance/Iron.prefab using Guid(1acdaf5a04c14d442a2c674001158cb3) Importer(815301076,1909f56bfc062723c751e8b465ee728b) (PreviewImporter) -> (Import Result ID: 'f33f2e17b191547a4abff13a48ccfee5') in 0.1494409 seconds [static and dynamic dependencies]. Details - ImportResultOutputID=6f27a6e5ecc7c03d21fa4e6e22108dd1 DependenciesID=90f41245f86f9881aa9a4d62c23bd52a StaticDependenciesID=929f82b99a9fb6b9ba1be3744f0c0557 
Number of updated asset objects reloaded before import = 0Number of asset objects unloaded after import = 227

========================================================================
Received Import Request.
  Time since last request: 0.635236 seconds.
  path: Assets/PrefabInstance/Iron.prefab
  importAddress: Guid(1acdaf5a04c14d442a2c674001158cb3) Importer(815301076,1909f56bfc062723c751e8b465ee728b)
Start importing Assets/PrefabInstance/Iron.prefab using Guid(1acdaf5a04c14d442a2c674001158cb3) Importer(815301076,1909f56bfc062723c751e8b465ee728b) (PreviewImporter) -> (Import Result ID: '3271c625f7f3f2c62f3380f28e83f7d8') in 0.1499971 seconds [static and dynamic dependencies]. Details - ImportResultOutputID=0d45908fdc1c28c7cf33610b1d1598c0 DependenciesID=72e47c10b7de5b64ac9efff44ab40786 StaticDependenciesID=47469007c54aaad4afe35a4d7ba48663 
Number of updated asset objects reloaded before import = 0Number of asset objects unloaded after import = 227

========================================================================
Received Import Request.
  Time since last request: 3.289767 seconds.
  path: Assets/PrefabInstance/Iron.prefab
  importAddress: Guid(1acdaf5a04c14d442a2c674001158cb3) Importer(815301076,1909f56bfc062723c751e8b465ee728b)
Start importing Assets/PrefabInstance/Iron.prefab using Guid(1acdaf5a04c14d442a2c674001158cb3) Importer(815301076,1909f56bfc062723c751e8b465ee728b) (PreviewImporter) -> (Import Result ID: '2176c02f0ccadb725249afc891dd97b4') in 0.188393 seconds [static and dynamic dependencies]. Details - ImportResultOutputID=9bcbeb2527c9b61d5dedd463d035cc72 DependenciesID=702454de4bd2d70ead07066a4472e997 StaticDependenciesID=b698e1d6221aa39d83b456689b796709 
Number of updated asset objects reloaded before import = 0Number of asset objects unloaded after import = 227

========================================================================
Received Import Request.
  Time since last request: 3.835804 seconds.
  path: Assets/PrefabInstance/Iron.prefab
  importAddress: Guid(1acdaf5a04c14d442a2c674001158cb3) Importer(815301076,1909f56bfc062723c751e8b465ee728b)
Start importing Assets/PrefabInstance/Iron.prefab using Guid(1acdaf5a04c14d442a2c674001158cb3) Importer(815301076,1909f56bfc062723c751e8b465ee728b) (PreviewImporter) -> (Import Result ID: 'e7da860aa573efc0ea8200c8123be85d') in 0.152483 seconds [static and dynamic dependencies]. Details - ImportResultOutputID=9b14dd42239bc4c1786bc16f069c7a97 DependenciesID=b198e185c865d1753c89e4ed73978927 StaticDependenciesID=2b742249d197810d58fb60634ea7c2c2 
Number of updated asset objects reloaded before import = 0Number of asset objects unloaded after import = 227

========================================================================
Received Import Request.
  Time since last request: 16.506592 seconds.
  path: Assets/PrefabInstance/Planks_Wall.prefab
  importAddress: Guid(dccc29868800b484fa94281eeb669951) Importer(815301076,1909f56bfc062723c751e8b465ee728b)
Start importing Assets/PrefabInstance/Planks_Wall.prefab using Guid(dccc29868800b484fa94281eeb669951) Importer(815301076,1909f56bfc062723c751e8b465ee728b) (PreviewImporter) -> (Import Result ID: '94d769353e051bdf31b0228760675f44') in 0.0623718 seconds [static and dynamic dependencies]. Details - ImportResultOutputID=7b5acff7764a95c46d588a75d092d796 DependenciesID=f13d33692c8dfed5fb560510f7a46735 StaticDependenciesID=1a4fac06a6cd8b110d5f7630a1dfafbb 
Number of updated asset objects reloaded before import = 0Number of asset objects unloaded after import = 97

========================================================================
Received Import Request.
  Time since last request: 0.000030 seconds.
  path: Assets/PrefabInstance/Player.prefab
  importAddress: Guid(1cce0d5ff8aa02c4fb0113de5e251e12) Importer(815301076,1909f56bfc062723c751e8b465ee728b)
Start importing Assets/PrefabInstance/Player.prefab using Guid(1cce0d5ff8aa02c4fb0113de5e251e12) Importer(815301076,1909f56bfc062723c751e8b465ee728b) (PreviewImporter) -> (Import Result ID: '6734e952138ebe79dd8d6e7548ab98df') in 0.018566 seconds [static and dynamic dependencies]. Details - ImportResultOutputID=cf7baa50a387d51f7f3d8760225b07b4 DependenciesID=ce220ba730b796f160dff03aa9efb207 StaticDependenciesID=8ac02e40aae4261ce3ecabcc2eb46da8 
Number of updated asset objects reloaded before import = 0Number of asset objects unloaded after import = 17

========================================================================
Received Import Request.
  Time since last request: 0.901705 seconds.
  path: Assets/PrefabInstance/PlayerAndCamera.prefab
  importAddress: Guid(56ee1bf7a5252c646b6d5a0143d0e15d) Importer(815301076,1909f56bfc062723c751e8b465ee728b)
Start importing Assets/PrefabInstance/PlayerAndCamera.prefab using Guid(56ee1bf7a5252c646b6d5a0143d0e15d) Importer(815301076,1909f56bfc062723c751e8b465ee728b) (PreviewImporter) -> (Import Result ID: '4e1fb68db283f29e230fbbc37d230cd2') in 0.1626952 seconds [static and dynamic dependencies]. Details - ImportResultOutputID=50eb9b2c5369320dce0c2cb15abb17ea DependenciesID=b593327787569db4c12649640b549eb8 StaticDependenciesID=b3f6bf4a4b3e074333f3ce9125de64e6 
Number of updated asset objects reloaded before import = 0Number of asset objects unloaded after import = 541

========================================================================
Received Import Request.
  Time since last request: 0.000035 seconds.
  path: Assets/PrefabInstance/PlayerSmokeFx.prefab
  importAddress: Guid(824b24ff04f4231469002c46c34b83f2) Importer(815301076,1909f56bfc062723c751e8b465ee728b)
Start importing Assets/PrefabInstance/PlayerSmokeFx.prefab using Guid(824b24ff04f4231469002c46c34b83f2) Importer(815301076,1909f56bfc062723c751e8b465ee728b) (PreviewImporter) -> (Import Result ID: '4ffcecd74c7ea9f0dd5684377c0b3951') in 0.023063 seconds [static and dynamic dependencies]. Details - ImportResultOutputID=4da7e4675c2f84eeca87382025f1878d DependenciesID=d762410d862c1e4a700b39ca51ce93d7 StaticDependenciesID=bae1a098d88b40dfec980fd8b61a283a 
Number of updated asset objects reloaded before import = 0Number of asset objects unloaded after import = 17

========================================================================
Received Import Request.
  Time since last request: 0.008194 seconds.
  path: Assets/PrefabInstance/PowerupParticles.prefab
  importAddress: Guid(8ad7d0faa4c78c24d9f300b165a95a49) Importer(815301076,1909f56bfc062723c751e8b465ee728b)
Start importing Assets/PrefabInstance/PowerupParticles.prefab using Guid(8ad7d0faa4c78c24d9f300b165a95a49) Importer(815301076,1909f56bfc062723c751e8b465ee728b) (PreviewImporter) -> (Import Result ID: 'b067bd2559275297417d6eb16bdd74a7') in 0.0302799 seconds [static and dynamic dependencies]. Details - ImportResultOutputID=f9fdccc68bc0f6dba2bdaa3f4a6ad54a DependenciesID=c18ae64369fd1137845f8558ecf0e78b StaticDependenciesID=03aac5fa114015f0f681d95d512226aa 
Number of updated asset objects reloaded before import = 0Number of asset objects unloaded after import = 9

========================================================================
Received Import Request.
  Time since last request: 0.000029 seconds.
  path: Assets/PrefabInstance/ResolutionSetting.prefab
  importAddress: Guid(d9619c5702483e14cb2ff554d45939c7) Importer(815301076,1909f56bfc062723c751e8b465ee728b)
Start importing Assets/PrefabInstance/ResolutionSetting.prefab using Guid(d9619c5702483e14cb2ff554d45939c7) Importer(815301076,1909f56bfc062723c751e8b465ee728b) (PreviewImporter) -> (Import Result ID: '068670576f44926dc9270f69801cf236') in 0.0300146 seconds [static and dynamic dependencies]. Details - ImportResultOutputID=86020477ee17c2cbc3eb6f0095afed7f DependenciesID=5e334299f8ac7d5cda71302a66c24045 StaticDependenciesID=f660e8fcca2059b61e5fded6a4d0a336 
Number of updated asset objects reloaded before import = 0Number of asset objects unloaded after import = 60

========================================================================
Received Import Request.
  Time since last request: 0.533436 seconds.
  path: Assets/PrefabInstance/RespawnPrefab.prefab
  importAddress: Guid(05caeaa578b965946a02aa8905c1c0f6) Importer(815301076,1909f56bfc062723c751e8b465ee728b)
Start importing Assets/PrefabInstance/RespawnPrefab.prefab using Guid(05caeaa578b965946a02aa8905c1c0f6) Importer(815301076,1909f56bfc062723c751e8b465ee728b) (PreviewImporter) -> (Import Result ID: '1c060f6e07dde3c1f80599963abea009') in 0.0499106 seconds [static and dynamic dependencies]. Details - ImportResultOutputID=b802ee41c9d4001775d5c1f035ffef33 DependenciesID=724270c3a2236ff1bb1a642c42bdc792 StaticDependenciesID=c53077d92b2cf8dac70981ab34a66a61 
Number of updated asset objects reloaded before import = 0Number of asset objects unloaded after import = 42

========================================================================
Received Import Request.
  Time since last request: 0.000029 seconds.
  path: Assets/PrefabInstance/RockPickup.prefab
  importAddress: Guid(0e944739e740e824ca44225becfb9b31) Importer(815301076,1909f56bfc062723c751e8b465ee728b)
Start importing Assets/PrefabInstance/RockPickup.prefab using Guid(0e944739e740e824ca44225becfb9b31) Importer(815301076,1909f56bfc062723c751e8b465ee728b) (PreviewImporter) -> (Import Result ID: '65ea7890eda4828a48b02e94be17659b') in 0.0201555 seconds [static and dynamic dependencies]. Details - ImportResultOutputID=de7e3804fa10fab223373aada2509dbd DependenciesID=5f351723b428b267c98c88f527cd17bd StaticDependenciesID=611854fb60d156f34cd091ca238a450e 
Number of updated asset objects reloaded before import = 0Number of asset objects unloaded after import = 15

========================================================================
Received Import Request.
  Time since last request: 0.000038 seconds.
  path: Assets/PrefabInstance/RockHitFx.prefab
  importAddress: Guid(8ae4557476771444b84dfcff1767afad) Importer(815301076,1909f56bfc062723c751e8b465ee728b)
Start importing Assets/PrefabInstance/RockHitFx.prefab using Guid(8ae4557476771444b84dfcff1767afad) Importer(815301076,1909f56bfc062723c751e8b465ee728b) (PreviewImporter) -> (Import Result ID: '1ee4e082f8633cb34fe17a7843d46a6f') in 0.0355008 seconds [static and dynamic dependencies]. Details - ImportResultOutputID=ef0da331216cb852c1113ddb798d83bf DependenciesID=2776c0243d1ffca7a62b0d20a89cce36 StaticDependenciesID=418bfd1a3250d7b4c232a6178fe120e0 
Number of updated asset objects reloaded before import = 0Number of asset objects unloaded after import = 43

========================================================================
Received Import Request.
  Time since last request: 0.000038 seconds.
  path: Assets/PrefabInstance/ScrollSetting.prefab
  importAddress: Guid(982828eb097477d4db8982b0e5afec92) Importer(815301076,1909f56bfc062723c751e8b465ee728b)
Start importing Assets/PrefabInstance/ScrollSetting.prefab using Guid(982828eb097477d4db8982b0e5afec92) Importer(815301076,1909f56bfc062723c751e8b465ee728b) (PreviewImporter) -> (Import Result ID: '9aa026b3c22909f6c7b42f1938a1be57') in 0.0206566 seconds [static and dynamic dependencies]. Details - ImportResultOutputID=06543c9a023bffaf2049c8b18341d482 DependenciesID=ad71688a3d38907fe271d01e16b72b82 StaticDependenciesID=93815ad542e8bbc97f795f873b9f0ab7 
Number of updated asset objects reloaded before import = 0Number of asset objects unloaded after import = 44

========================================================================
Received Import Request.
  Time since last request: 0.000021 seconds.
  path: Assets/PrefabInstance/ShovelDirt.prefab
  importAddress: Guid(318253c273d6c1b4596fb8e3e19739d1) Importer(815301076,1909f56bfc062723c751e8b465ee728b)
Start importing Assets/PrefabInstance/ShovelDirt.prefab using Guid(318253c273d6c1b4596fb8e3e19739d1) Importer(815301076,1909f56bfc062723c751e8b465ee728b) (PreviewImporter) -> (Import Result ID: '8edfad9d619e1f56289d41dbed71eb69') in 0.0355545 seconds [static and dynamic dependencies]. Details - ImportResultOutputID=4282318ce783d51ff63f6373e1bfbd81 DependenciesID=4eb4b08d09911af827c7da07ffbba3ca StaticDependenciesID=e0b27e1c4475deb9cd8e710e85c34cc9 
Number of updated asset objects reloaded before import = 0Number of asset objects unloaded after import = 49

========================================================================
Received Import Request.
  Time since last request: 0.000028 seconds.
  path: Assets/PrefabInstance/SettingsScroll.prefab
  importAddress: Guid(a5142533158d14144a345f737d053501) Importer(815301076,1909f56bfc062723c751e8b465ee728b)
Start importing Assets/PrefabInstance/SettingsScroll.prefab using Guid(a5142533158d14144a345f737d053501) Importer(815301076,1909f56bfc062723c751e8b465ee728b) (PreviewImporter) -> (Import Result ID: '198ff5fb5d34b8fe24ba37ef326d46e6') in 0.005558 seconds [static and dynamic dependencies]. Details - ImportResultOutputID=a09f0464b6acec6456b8f4688967b085 DependenciesID=85d202d9757e74c6fcd1f7c6e85892d3 StaticDependenciesID=5dedf289d67803f81760c16362ea70de 
Number of updated asset objects reloaded before import = 0Number of asset objects unloaded after import = 15

========================================================================
Received Import Request.
  Time since last request: 0.000026 seconds.
  path: Assets/PrefabInstance/Ruby.prefab
  importAddress: Guid(3e25615b9b7f4f34ea895e4040aedbe4) Importer(815301076,1909f56bfc062723c751e8b465ee728b)
Start importing Assets/PrefabInstance/Ruby.prefab using Guid(3e25615b9b7f4f34ea895e4040aedbe4) Importer(815301076,1909f56bfc062723c751e8b465ee728b) (PreviewImporter) -> (Import Result ID: '01710190600b9d1877adacfe78f9fbc9') in 0.1991444 seconds [static and dynamic dependencies]. Details - ImportResultOutputID=1553a7cc92c2169b63c465da7f732654 DependenciesID=df88b2065923bce77ee9c9ec27ae92fc StaticDependenciesID=3a88b403eb89c83d901f41cc4575334d 
Number of updated asset objects reloaded before import = 0Number of asset objects unloaded after import = 91

========================================================================
Received Import Request.
  Time since last request: 0.742138 seconds.
  path: Assets/PrefabInstance/ShrineCombat.prefab
  importAddress: Guid(9e529943a95c6814081a50e2ecc61443) Importer(815301076,1909f56bfc062723c751e8b465ee728b)
Start importing Assets/PrefabInstance/ShrineCombat.prefab using Guid(9e529943a95c6814081a50e2ecc61443) Importer(815301076,1909f56bfc062723c751e8b465ee728b) (PreviewImporter) -> (Import Result ID: '2d33d21b654c0e5138e4ebcf27f1d00d') in 0.0899938 seconds [static and dynamic dependencies]. Details - ImportResultOutputID=8cf8b55516cf3237c2553e05b252f376 DependenciesID=aa185db2561559a9748041dfc4ebae38 StaticDependenciesID=a9f234ae312a612e1a2c3fd653d22ea2 
Number of updated asset objects reloaded before import = 0Number of asset objects unloaded after import = 62

========================================================================
Received Import Request.
  Time since last request: 0.000036 seconds.
  path: Assets/PrefabInstance/SpawnFireballSfx.prefab
  importAddress: Guid(3bdded810ba639a40893936e02cd98c6) Importer(815301076,1909f56bfc062723c751e8b465ee728b)
Start importing Assets/PrefabInstance/SpawnFireballSfx.prefab using Guid(3bdded810ba639a40893936e02cd98c6) Importer(815301076,1909f56bfc062723c751e8b465ee728b) (PreviewImporter) -> (Import Result ID: 'f31c7f508dd480895add2e9d11cd55a3') in 0.0038793 seconds [static and dynamic dependencies]. Details - ImportResultOutputID=d383177ac7f2a13d88ae19f35b596565 DependenciesID=e19978283a0f949abf889c2f6bcfcfdc StaticDependenciesID=71d104b6fb8e347e7020aeabab720e54 
Number of updated asset objects reloaded before import = 0Number of asset objects unloaded after import = 5

========================================================================
Received Import Request.
  Time since last request: 0.000039 seconds.
  path: Assets/PrefabInstance/SpikesAttack.prefab
  importAddress: Guid(5287547512c27384fb6582db7d81a134) Importer(815301076,1909f56bfc062723c751e8b465ee728b)
Start importing Assets/PrefabInstance/SpikesAttack.prefab using Guid(5287547512c27384fb6582db7d81a134) Importer(815301076,1909f56bfc062723c751e8b465ee728b) (PreviewImporter) -> (Import Result ID: 'cfaad6d4b3a499dcea407dd9580aaea6') in 0.020617 seconds [static and dynamic dependencies]. Details - ImportResultOutputID=1b2edff8d1b875527db6fe937bd94d96 DependenciesID=b095150caea4ddd4cd3aed8ea832e754 StaticDependenciesID=726816f1a930d1bf24a39b27347435cd 
Number of updated asset objects reloaded before import = 0Number of asset objects unloaded after import = 23

========================================================================
Received Import Request.
  Time since last request: 0.808205 seconds.
  path: Assets/PrefabInstance/StoneProjectile.prefab
  importAddress: Guid(bf9a19d8af60a174e81ef04d915a5dc7) Importer(815301076,1909f56bfc062723c751e8b465ee728b)
Start importing Assets/PrefabInstance/StoneProjectile.prefab using Guid(bf9a19d8af60a174e81ef04d915a5dc7) Importer(815301076,1909f56bfc062723c751e8b465ee728b) (PreviewImporter) -> (Import Result ID: '9bbb78efa8a1d6855db6e52151f159a7') in 0.0421762 seconds [static and dynamic dependencies]. Details - ImportResultOutputID=0aca045ad26c41f0d7c2e380f4d21e66 DependenciesID=3602bef9073060f66afe7c6d9d9e7575 StaticDependenciesID=0c5f771265ab5314c3bc42b8d11bded6 
Number of updated asset objects reloaded before import = 0Number of asset objects unloaded after import = 84

========================================================================
Received Import Request.
  Time since last request: 0.000035 seconds.
  path: Assets/PrefabInstance/SwordCharge.prefab
  importAddress: Guid(6dc09e861111d2843950f25a1adbb3eb) Importer(815301076,1909f56bfc062723c751e8b465ee728b)
Start importing Assets/PrefabInstance/SwordCharge.prefab using Guid(6dc09e861111d2843950f25a1adbb3eb) Importer(815301076,1909f56bfc062723c751e8b465ee728b) (PreviewImporter) -> (Import Result ID: '26639cc52ab225e326ebeec4a8fad302') in 0.0028773 seconds [static and dynamic dependencies]. Details - ImportResultOutputID=216bf6525711ae4f3c0b4662e8db716a DependenciesID=0f6c0c89ca927e14d667e17701c134e5 StaticDependenciesID=4ba952fa06867101bfa9aec790126649 
Number of updated asset objects reloaded before import = 0Number of asset objects unloaded after import = 5

========================================================================
Received Import Request.
  Time since last request: 0.000019 seconds.
  path: Assets/PrefabInstance/TitanGroundAttack.prefab
  importAddress: Guid(b3b7ad5fdab2309488805479ea8fa844) Importer(815301076,1909f56bfc062723c751e8b465ee728b)
Start importing Assets/PrefabInstance/TitanGroundAttack.prefab using Guid(b3b7ad5fdab2309488805479ea8fa844) Importer(815301076,1909f56bfc062723c751e8b465ee728b) (PreviewImporter) -> (Import Result ID: 'c8b56eaf299806328b4ddb55fef1a256') in 0.0422336 seconds [static and dynamic dependencies]. Details - ImportResultOutputID=6928070f7e8e02bafb93639e41db4fa3 DependenciesID=ab96eda9e18ad5e926587940d28e4d63 StaticDependenciesID=de2a3ca4005d4c37362475423033d6b0 
Number of updated asset objects reloaded before import = 0Number of asset objects unloaded after import = 54

========================================================================
Received Import Request.
  Time since last request: 7.392605 seconds.
  path: Assets/PrefabInstance/Cave.prefab
  importAddress: Guid(7eb212b28c384014399c629cb04e1b81) Importer(815301076,1909f56bfc062723c751e8b465ee728b)
Start importing Assets/PrefabInstance/Cave.prefab using Guid(7eb212b28c384014399c629cb04e1b81) Importer(815301076,1909f56bfc062723c751e8b465ee728b) (PreviewImporter) -> (Import Result ID: '0758293a53713d8f6babc21621e32ff5') in 0.4358849 seconds [static and dynamic dependencies]. Details - ImportResultOutputID=af80309dea34cebeb6458d7d0728bac9 DependenciesID=cafad0108055e93eed35df4b27b208a9 StaticDependenciesID=ebc50b9b42848a772c4b90db655f0c56 
Number of updated asset objects reloaded before import = 0Number of asset objects unloaded after import = 495

========================================================================
Received Import Request.
  Time since last request: 0.000048 seconds.
  path: Assets/PolygonFantasyKingdom/Prefabs/FX_Prefabs/FX_Arrow_Barrage_Large_01.prefab
  importAddress: Guid(63caa24272845f846af54d8f5fd3c9dd) Importer(815301076,1909f56bfc062723c751e8b465ee728b)
Start importing Assets/PolygonFantasyKingdom/Prefabs/FX_Prefabs/FX_Arrow_Barrage_Large_01.prefab using Guid(63caa24272845f846af54d8f5fd3c9dd) Importer(815301076,1909f56bfc062723c751e8b465ee728b) (PreviewImporter) -> (Import Result ID: 'ad393999d3ede822caf99f0c1ed04a8d') in 0.0551478 seconds [static and dynamic dependencies]. Details - ImportResultOutputID=8a0eb5f82f5cf01236603d3d3463591a DependenciesID=59657050a823f0575860ca86f8632f17 StaticDependenciesID=fb03dfb71c00c630364d6bf701ddc5b0 
Number of updated asset objects reloaded before import = 0Number of asset objects unloaded after import = 17

========================================================================
Received Import Request.
  Time since last request: 0.000042 seconds.
  path: Assets/PolygonFantasyKingdom/Prefabs/FX_Prefabs/FX_Catapult_Fire_Barrage_01.prefab
  importAddress: Guid(7cb518d7345a56d479da92506e126acb) Importer(815301076,1909f56bfc062723c751e8b465ee728b)
Start importing Assets/PolygonFantasyKingdom/Prefabs/FX_Prefabs/FX_Catapult_Fire_Barrage_01.prefab using Guid(7cb518d7345a56d479da92506e126acb) Importer(815301076,1909f56bfc062723c751e8b465ee728b) (PreviewImporter) -> (Import Result ID: '393a7ed2990f851384afe8671ac5d512') in 0.1919817 seconds [static and dynamic dependencies]. Details - ImportResultOutputID=0c6c150274d495d2db7ec2f386482e22 DependenciesID=397a3d0a0347ac4cfb22dc79a66ce881 StaticDependenciesID=2735a99e967aaba010f380d06951e9ab 
Number of updated asset objects reloaded before import = 0Number of asset objects unloaded after import = 169

========================================================================
Received Import Request.
  Time since last request: 0.000025 seconds.
  path: Assets/PolygonFantasyKingdom/Prefabs/FX_Prefabs/FX_Dust_Big_01.prefab
  importAddress: Guid(2b7b429ef7f8c2346bd520ebe1693543) Importer(815301076,1909f56bfc062723c751e8b465ee728b)
Start importing Assets/PolygonFantasyKingdom/Prefabs/FX_Prefabs/FX_Dust_Big_01.prefab using Guid(2b7b429ef7f8c2346bd520ebe1693543) Importer(815301076,1909f56bfc062723c751e8b465ee728b) (PreviewImporter) -> (Import Result ID: '981070466d9ab95151950d5c579c1b14') in 0.0165061 seconds [static and dynamic dependencies]. Details - ImportResultOutputID=ab28c62d65abe9e10dbf10b08e6f4d07 DependenciesID=e8932e9f262365c32e81c696e2c30594 StaticDependenciesID=ab9cfa7442dd227ceb94e73ffb7148b3 
Number of updated asset objects reloaded before import = 0Number of asset objects unloaded after import = 8

========================================================================
Received Import Request.
  Time since last request: 0.091853 seconds.
  path: Assets/PolygonFantasyKingdom/Prefabs/Generic/SM_Generic_Small_Rocks_02.prefab
  importAddress: Guid(9edb4b4529dd6c84c8f026bdf091729d) Importer(815301076,1909f56bfc062723c751e8b465ee728b)
Start importing Assets/PolygonFantasyKingdom/Prefabs/Generic/SM_Generic_Small_Rocks_02.prefab using Guid(9edb4b4529dd6c84c8f026bdf091729d) Importer(815301076,1909f56bfc062723c751e8b465ee728b) (PreviewImporter) -> (Import Result ID: '9c90298a35278560557b67745f51ac64') in 0.0649256 seconds [static and dynamic dependencies]. Details - ImportResultOutputID=a37c9bfbc23ea12927139c2ebc9e881b DependenciesID=6d31e8503639ed1e5744f9d8859abe23 StaticDependenciesID=2ed1db4e0952dc83a39f780713ada660 
Number of updated asset objects reloaded before import = 0Number of asset objects unloaded after import = 11

========================================================================
Received Import Request.
  Time since last request: 0.000028 seconds.
  path: Assets/PolygonFantasyKingdom/Prefabs/Props/Paths/SM_Prop_Path_Rock_Group_01.prefab
  importAddress: Guid(e1ef1919b44927f40a0233c5d8b3e1c1) Importer(815301076,1909f56bfc062723c751e8b465ee728b)
Start importing Assets/PolygonFantasyKingdom/Prefabs/Props/Paths/SM_Prop_Path_Rock_Group_01.prefab using Guid(e1ef1919b44927f40a0233c5d8b3e1c1) Importer(815301076,1909f56bfc062723c751e8b465ee728b) (PreviewImporter) -> (Import Result ID: '1c3449f5cbaf40341bf73b247440f23a') in 0.0707462 seconds [static and dynamic dependencies]. Details - ImportResultOutputID=e980d7762ea5f59c2b26dc67fc3a06ea DependenciesID=6e10eb974458f5216694df57dfd52691 StaticDependenciesID=2039fc8d7a84945923d3a25b713805f8 
Number of updated asset objects reloaded before import = 0Number of asset objects unloaded after import = 11

========================================================================
Received Import Request.
  Time since last request: 0.000031 seconds.
  path: Assets/PolygonFantasyKingdom/Prefabs/SiegeEngines/SM_Wep_Rock_01.prefab
  importAddress: Guid(9a27b28aaddfd7e4c84339511e0d10e2) Importer(815301076,1909f56bfc062723c751e8b465ee728b)
Start importing Assets/PolygonFantasyKingdom/Prefabs/SiegeEngines/SM_Wep_Rock_01.prefab using Guid(9a27b28aaddfd7e4c84339511e0d10e2) Importer(815301076,1909f56bfc062723c751e8b465ee728b) (PreviewImporter) -> (Import Result ID: 'b3451b29c8f88a8380520f1a45d3d88d') in 0.0605741 seconds [static and dynamic dependencies]. Details - ImportResultOutputID=5ca8afddc212040f096e624008caa889 DependenciesID=67ef1f30b7f278e059dc3c03734490e7 StaticDependenciesID=87869e4096c5d55aabe90b15f6f496ba 
Number of updated asset objects reloaded before import = 0Number of asset objects unloaded after import = 12

Editor requested this worker to shutdown with reason: Scaling down because of idle timeout
AssetImportWorker is now disconnected from the server
Process exiting
Exiting without the bug reporter. Application will terminate with return code 0